{"textures":{"0":"modelengine:entity/mso_taloc_minion"},"elements":[{"from":[6.5590954,3.7098627,3.2589731],"to":[10.566393,8.225126,12.741028],"faces":{"east":{"uv":[12.75,11.6875,11.875,12.125],"tintindex":0,"rotation":0,"texture":"#0"},"south":{"uv":[6.1875,13.5,5.8125,13.9375],"tintindex":0,"rotation":0,"texture":"#0"},"north":{"uv":[5.8125,13.5,5.4375,13.9375],"tintindex":0,"rotation":0,"texture":"#0"},"west":{"uv":[4.75,11.875,3.875,12.3125],"tintindex":0,"rotation":0,"texture":"#0"},"up":{"uv":[11.9375,6.6875,12.3125,5.8125],"tintindex":0,"rotation":0,"texture":"#0"},"down":{"uv":[9.3125,11.9375,9.6875,12.8125],"tintindex":0,"rotation":0,"texture":"#0"}}},{"from":[5.7689247,4.5862713,3.7104993],"to":[8.308762,10.681877,12.289501],"faces":{"east":{"uv":[12.125,0.6875,11.3125,1.25],"tintindex":0,"rotation":0,"texture":"#0"},"south":{"uv":[9.75,13.75,9.5,14.3125],"tintindex":0,"rotation":0,"texture":"#0"},"north":{"uv":[4.5,13.75,4.25,14.3125],"tintindex":0,"rotation":0,"texture":"#0"},"west":{"uv":[12.0625,10.125,11.25,10.6875],"tintindex":0,"rotation":0,"texture":"#0"},"up":{"uv":[13.3125,12.875,13.5625,12.0625],"tintindex":0,"rotation":0,"texture":"#0"},"down":{"uv":[13.3125,13.25,13.5625,14.0625],"tintindex":0,"rotation":0,"texture":"#0"}},"rotation":{"origin":[8.562744,7.9429226,8.0],"angle":-22.5,"axis":"z"}}],"display":{"gui":{"rotation":[30,225,0]}}}