{"textures":{"0":"modelengine:entity/mso_taloc_minion"},"elements":[{"from":[6.4196568,4.605674,6.5325394],"to":[9.580341,8.274325,9.467461],"faces":{"east":{"uv":[14.3125,0.9375,14.0625,1.3125],"tintindex":0,"rotation":0,"texture":"#0"},"south":{"uv":[14.3125,1.3125,14.0,1.6875],"tintindex":0,"rotation":0,"texture":"#0"},"north":{"uv":[14.3125,0.5625,14.0,0.9375],"tintindex":0,"rotation":0,"texture":"#0"},"west":{"uv":[1.0625,14.0625,0.8125,14.4375],"tintindex":0,"rotation":0,"texture":"#0"},"up":{"uv":[4.5,14.4375,4.8125,14.1875],"tintindex":0,"rotation":0,"texture":"#0"},"down":{"uv":[7.0,14.1875,7.3125,14.4375],"tintindex":0,"rotation":0,"texture":"#0"}}}],"display":{"gui":{"rotation":[30,225,0]}}}