{"textures":{"0":"modelengine:entity/mso_taloc_minion"},"elements":[{"from":[6.504318,2.3924503,5.978302],"to":[9.495682,9.44755,8.461698],"faces":{"east":{"uv":[1.375,13.6875,1.125,14.3125],"tintindex":0,"rotation":0,"texture":"#0"},"south":{"uv":[0.625,13.1875,0.3125,13.8125],"tintindex":0,"rotation":0,"texture":"#0"},"north":{"uv":[3.8125,13.0625,3.5,13.6875],"tintindex":0,"rotation":0,"texture":"#0"},"west":{"uv":[0.25,13.6875,0.0,14.3125],"tintindex":0,"rotation":0,"texture":"#0"},"up":{"uv":[14.25,14.125,14.5625,13.875],"tintindex":0,"rotation":0,"texture":"#0"},"down":{"uv":[14.125,14.25,14.4375,14.5],"tintindex":0,"rotation":0,"texture":"#0"}}}],"display":{"gui":{"rotation":[30,225,0]}}}