{"textures":{"0":"modelengine:entity/mso_taloc_minion"},"elements":[{"from":[7.480438,4.7033195,3.2589731],"to":[13.801807,7.864004,12.741028],"faces":{"east":{"uv":[12.75,8.5625,13.625,8.875],"tintindex":0,"rotation":0,"texture":"#0"},"south":{"uv":[13.4375,1.375,14.0,1.6875],"tintindex":0,"rotation":0,"texture":"#0"},"north":{"uv":[13.3125,6.875,13.875,7.1875],"tintindex":0,"rotation":0,"texture":"#0"},"west":{"uv":[12.75,8.875,13.625,9.1875],"tintindex":0,"rotation":0,"texture":"#0"},"up":{"uv":[1.0,11.6875,0.4375,10.8125],"tintindex":0,"rotation":0,"texture":"#0"},"down":{"uv":[1.5625,10.8125,1.0,11.6875],"tintindex":0,"rotation":0,"texture":"#0"}},"rotation":{"origin":[7.423996,6.509426,8.0],"angle":22.5,"axis":"z"}},{"from":[2.7394104,4.816202,3.1460915],"to":[8.157728,8.20265,12.853909],"faces":{"east":{"uv":[12.4375,11.0,13.3125,11.3125],"tintindex":0,"rotation":0,"texture":"#0"},"south":{"uv":[13.4375,1.6875,13.9375,2.0],"tintindex":0,"rotation":0,"texture":"#0"},"north":{"uv":[12.5625,13.375,13.0625,13.6875],"tintindex":0,"rotation":0,"texture":"#0"},"west":{"uv":[12.5625,1.625,13.4375,1.9375],"tintindex":0,"rotation":0,"texture":"#0"},"up":{"uv":[6.75,11.75,6.25,10.875],"tintindex":0,"rotation":0,"texture":"#0"},"down":{"uv":[11.0625,10.9375,10.5625,11.8125],"tintindex":0,"rotation":0,"texture":"#0"}}},{"from":[10.979767,10.234518,6.0810127],"to":[13.2374,13.508085,9.918987],"faces":{"east":{"uv":[13.5625,13.9375,13.9375,14.25],"tintindex":0,"rotation":0,"texture":"#0"},"south":{"uv":[6.6875,14.375,6.875,14.6875],"tintindex":0,"rotation":0,"texture":"#0"},"north":{"uv":[6.0,14.375,6.1875,14.6875],"tintindex":0,"rotation":0,"texture":"#0"},"west":{"uv":[13.9375,13.5625,14.3125,13.875],"tintindex":0,"rotation":0,"texture":"#0"},"up":{"uv":[11.75,13.875,11.5625,13.5],"tintindex":0,"rotation":0,"texture":"#0"},"down":{"uv":[2.5625,14.25,2.375,14.625],"tintindex":0,"rotation":0,"texture":"#0"}}},{"from":[2.7394104,-3.0855103,3.1460915],"to":[13.519604,0.30093765,12.853909],"faces":{"east":{"uv":[12.5625,1.9375,13.4375,2.25],"tintindex":0,"rotation":0,"texture":"#0"},"south":{"uv":[12.5625,1.9375,13.4375,2.25],"tintindex":0,"rotation":0,"texture":"#0"},"north":{"uv":[12.5625,1.9375,13.4375,2.25],"tintindex":0,"rotation":0,"texture":"#0"},"west":{"uv":[12.5625,1.9375,13.4375,2.25],"tintindex":0,"rotation":0,"texture":"#0"},"up":{"uv":[10.0,6.8125,9.0,5.9375],"tintindex":0,"rotation":0,"texture":"#0"},"down":{"uv":[10.0625,2.0625,9.0625,2.9375],"tintindex":0,"rotation":0,"texture":"#0"}}},{"from":[11.995701,2.4456882,5.516605],"to":[14.817741,8.992821,10.483396],"faces":{"east":{"uv":[12.625,6.0625,13.0625,6.6875],"tintindex":0,"rotation":0,"texture":"#0"},"south":{"uv":[11.3125,13.5,11.5625,14.125],"tintindex":0,"rotation":0,"texture":"#0"},"north":{"uv":[11.0625,13.5,11.3125,14.125],"tintindex":0,"rotation":0,"texture":"#0"},"west":{"uv":[12.625,7.1875,13.0625,7.8125],"tintindex":0,"rotation":0,"texture":"#0"},"up":{"uv":[8.9375,8.4375,8.6875,8.0],"tintindex":0,"rotation":0,"texture":"#0"},"down":{"uv":[14.125,4.0,13.875,4.4375],"tintindex":0,"rotation":0,"texture":"#0"}},"rotation":{"origin":[7.423996,6.509426,8.0],"angle":22.5,"axis":"z"}},{"from":[3.5860224,-0.3763523,3.7104993],"to":[13.406721,8.20265,12.289501],"faces":{"east":{"uv":[0.875,10.0,1.6875,10.8125],"tintindex":0,"rotation":0,"texture":"#0"},"south":{"uv":[3.9375,9.625,3.0625,10.4375],"tintindex":0,"rotation":0,"texture":"#0"},"north":{"uv":[3.0625,9.625,3.9375,10.4375],"tintindex":0,"rotation":0,"texture":"#0"},"west":{"uv":[10.0625,1.75,10.875,2.5625],"tintindex":0,"rotation":0,"texture":"#0"},"up":{"uv":[10.75,0.8125,9.875,0.0],"tintindex":0,"rotation":0,"texture":"#0"},"down":{"uv":[10.8125,3.8125,9.9375,4.625],"tintindex":0,"rotation":0,"texture":"#0"}}},{"from":[14.100311,-0.848753,6.645421],"to":[16.566202,6.751873,9.354579],"faces":{"east":{"uv":[8.6875,13.1875,8.9375,13.875],"tintindex":0,"rotation":0,"texture":"#0"},"south":{"uv":[9.75,13.5,10.0,14.1875],"tintindex":0,"rotation":0,"texture":"#0"},"north":{"uv":[8.9375,13.5,9.1875,14.1875],"tintindex":0,"rotation":0,"texture":"#0"},"west":{"uv":[13.0625,13.25,13.3125,13.9375],"tintindex":0,"rotation":0,"texture":"#0"},"up":{"uv":[4.1875,14.625,3.9375,14.375],"tintindex":0,"rotation":0,"texture":"#0"},"down":{"uv":[14.625,4.0625,14.375,4.3125],"tintindex":0,"rotation":0,"texture":"#0"}},"rotation":{"origin":[13.253698,8.068893,8.0],"angle":-22.5,"axis":"z"}}],"display":{"gui":{"rotation":[30,225,0]}}}