{"textures":{"0":"modelengine:entity/mso_taloc_minion"},"elements":[{"from":[6.645421,-8.387018,7.633253],"to":[10.822041,-6.6937943,8.87495],"faces":{"east":{"uv":[14.5,10.25,14.625,10.4375],"tintindex":0,"rotation":0,"texture":"#0"},"south":{"uv":[14.3125,1.3125,14.6875,1.5],"tintindex":0,"rotation":0,"texture":"#0"},"north":{"uv":[14.3125,1.125,14.6875,1.3125],"tintindex":0,"rotation":0,"texture":"#0"},"west":{"uv":[10.5625,14.5,10.6875,14.6875],"tintindex":0,"rotation":0,"texture":"#0"},"up":{"uv":[13.6875,5.125,13.3125,5.0],"tintindex":0,"rotation":0,"texture":"#0"},"down":{"uv":[14.5625,7.3125,14.1875,7.4375],"tintindex":0,"rotation":0,"texture":"#0"}},"rotation":{"origin":[8.0,-1.4447994,8.254102],"angle":-22.5,"axis":"z"}},{"from":[5.17796,-8.387018,7.633253],"to":[9.354579,-6.6937943,8.87495],"faces":{"east":{"uv":[7.5,14.5,7.625,14.6875],"tintindex":0,"rotation":0,"texture":"#0"},"south":{"uv":[1.0625,14.3125,1.4375,14.5],"tintindex":0,"rotation":0,"texture":"#0"},"north":{"uv":[14.3125,0.9375,14.6875,1.125],"tintindex":0,"rotation":0,"texture":"#0"},"west":{"uv":[7.625,14.5,7.75,14.6875],"tintindex":0,"rotation":0,"texture":"#0"},"up":{"uv":[13.0,0.6875,12.625,0.5625],"tintindex":0,"rotation":0,"texture":"#0"},"down":{"uv":[13.4375,7.6875,13.0625,7.8125],"tintindex":0,"rotation":0,"texture":"#0"}},"rotation":{"origin":[8.0,-1.4447994,8.254102],"angle":22.5,"axis":"z"}},{"from":[4.049144,-7.371084,7.5203714],"to":[11.950856,8.770985,8.987833],"faces":{"east":{"uv":[5.3125,12.875,5.4375,14.3125],"tintindex":0,"rotation":0,"texture":"#0"},"south":{"uv":[1.6875,7.5625,0.9375,9.0],"tintindex":0,"rotation":0,"texture":"#0"},"north":{"uv":[0.9375,7.5625,1.6875,9.0],"tintindex":0,"rotation":0,"texture":"#0"},"west":{"uv":[7.375,13.0,7.5,14.4375],"tintindex":0,"rotation":0,"texture":"#0"},"up":{"uv":[7.25,4.0,6.5,3.875],"tintindex":0,"rotation":0,"texture":"#0"},"down":{"uv":[12.0625,3.6875,11.3125,3.8125],"tintindex":0,"rotation":0,"texture":"#0"}}},{"from":[9.693224,-6.5244713,7.238168],"to":[12.797468,-3.3637867,9.270037],"faces":{"east":{"uv":[5.4375,14.375,5.625,14.6875],"tintindex":0,"rotation":0,"texture":"#0"},"south":{"uv":[10.5625,11.5,10.25,11.8125],"tintindex":0,"rotation":0,"texture":"#0"},"north":{"uv":[10.25,11.5,10.5625,11.8125],"tintindex":0,"rotation":0,"texture":"#0"},"west":{"uv":[14.375,5.5625,14.5625,5.875],"tintindex":0,"rotation":0,"texture":"#0"},"up":{"uv":[8.8125,2.0625,8.5,1.875],"tintindex":0,"rotation":0,"texture":"#0"},"down":{"uv":[14.625,1.5,14.3125,1.6875],"tintindex":0,"rotation":0,"texture":"#0"}}},{"from":[3.2025318,-6.5244713,7.238168],"to":[6.306776,-3.3637867,9.270037],"faces":{"east":{"uv":[5.625,14.375,5.8125,14.6875],"tintindex":0,"rotation":0,"texture":"#0"},"south":{"uv":[14.375,5.9375,14.0625,6.25],"tintindex":0,"rotation":0,"texture":"#0"},"north":{"uv":[14.0625,5.9375,14.375,6.25],"tintindex":0,"rotation":0,"texture":"#0"},"west":{"uv":[5.8125,14.375,6.0,14.6875],"tintindex":0,"rotation":0,"texture":"#0"},"up":{"uv":[14.625,5.25,14.3125,5.0625],"tintindex":0,"rotation":0,"texture":"#0"},"down":{"uv":[14.6875,5.875,14.375,6.0625],"tintindex":0,"rotation":0,"texture":"#0"}}}],"display":{"gui":{"rotation":[30,225,0]}}}