{"textures":{"0":"modelengine:entity/mso_taloc_minion"},"elements":[{"from":[5.3349953,3.6623683,6.5325394],"to":[8.665003,8.177632,9.467461],"faces":{"east":{"uv":[8.6875,13.875,8.9375,14.3125],"tintindex":0,"rotation":0,"texture":"#0"},"south":{"uv":[8.0625,13.75,8.375,14.1875],"tintindex":0,"rotation":0,"texture":"#0"},"north":{"uv":[13.75,5.0,14.0625,5.4375],"tintindex":0,"rotation":0,"texture":"#0"},"west":{"uv":[5.4375,13.9375,5.6875,14.375],"tintindex":0,"rotation":0,"texture":"#0"},"up":{"uv":[14.375,9.4375,14.0625,9.1875],"tintindex":0,"rotation":0,"texture":"#0"},"down":{"uv":[14.4375,2.8125,14.125,3.0625],"tintindex":0,"rotation":0,"texture":"#0"}}}],"display":{"gui":{"rotation":[30,225,0]}}}