{"textures":{"0":"modelengine:entity/mso_taloc_minion"},"elements":[{"from":[5.3472824,28.245281,-8.259731],"to":[10.652718,30.951054,1.8205967],"faces":{"east":{"uv":[12.75,5.125,13.75,5.375],"tintindex":0,"rotation":0,"texture":"#0"},"south":{"uv":[13.8125,2.25,14.3125,2.5],"tintindex":0,"rotation":0,"texture":"#0"},"north":{"uv":[13.75,10.9375,14.25,11.1875],"tintindex":0,"rotation":0,"texture":"#0"},"west":{"uv":[12.75,5.375,13.75,5.625],"tintindex":0,"rotation":0,"texture":"#0"},"up":{"uv":[9.4375,11.625,8.9375,10.625],"tintindex":0,"rotation":0,"texture":"#0"},"down":{"uv":[5.25,10.6875,4.75,11.6875],"tintindex":0,"rotation":0,"texture":"#0"}},"rotation":{"origin":[8.0,19.523228,0.6732383],"angle":22.5,"axis":"x"}},{"from":[0.57239056,7.7834854,-4.4521027],"to":[15.427609,14.68055,9.342029],"faces":{"east":{"uv":[8.9375,8.0,10.25,8.6875],"tintindex":0,"rotation":0,"texture":"#0"},"south":{"uv":[7.5,8.4375,8.9375,9.125],"tintindex":0,"rotation":0,"texture":"#0"},"north":{"uv":[6.0625,8.4375,7.5,9.125],"tintindex":0,"rotation":0,"texture":"#0"},"west":{"uv":[8.9375,8.6875,10.25,9.375],"tintindex":0,"rotation":0,"texture":"#0"},"up":{"uv":[3.25,4.6875,1.8125,3.375],"tintindex":0,"rotation":0,"texture":"#0"},"down":{"uv":[4.6875,3.375,3.25,4.6875],"tintindex":0,"rotation":0,"texture":"#0"}}},{"from":[-1.2845116,11.668869,-8.591425],"to":[17.284512,21.32476,10.348979],"faces":{"east":{"uv":[3.5625,2.125,5.375,3.0625],"tintindex":0,"rotation":0,"texture":"#0"},"south":{"uv":[4.6875,3.0625,6.5,4.0],"tintindex":0,"rotation":0,"texture":"#0"},"north":{"uv":[2.25,4.6875,4.0625,5.625],"tintindex":0,"rotation":0,"texture":"#0"},"west":{"uv":[5.375,2.125,3.5625,3.0625],"tintindex":0,"rotation":0,"texture":"#0"},"up":{"uv":[1.8125,1.8125,0.0,0.0],"tintindex":0,"rotation":0,"texture":"#0"},"down":{"uv":[1.8125,1.8125,0.0,3.625],"tintindex":0,"rotation":0,"texture":"#0"}},"rotation":{"origin":[8.0,19.523228,0.6732383],"angle":-22.5,"axis":"x"}},{"from":[1.1029344,11.02832,8.877117],"to":[14.897066,20.790321,13.121465],"faces":{"east":{"uv":[2.6875,11.6875,3.125,12.625],"tintindex":0,"rotation":0,"texture":"#0"},"south":{"uv":[6.5625,6.5,7.875,7.4375],"tintindex":0,"rotation":0,"texture":"#0"},"north":{"uv":[6.4375,0.0,7.75,0.9375],"tintindex":0,"rotation":0,"texture":"#0"},"west":{"uv":[4.75,11.6875,5.1875,12.625],"tintindex":0,"rotation":0,"texture":"#0"},"up":{"uv":[11.75,9.6875,10.4375,9.25],"tintindex":0,"rotation":0,"texture":"#0"},"down":{"uv":[11.75,9.6875,10.4375,10.125],"tintindex":0,"rotation":0,"texture":"#0"}},"rotation":{"origin":[8.0,19.523228,0.6732383],"angle":22.5,"axis":"x"}},{"from":[5.5594997,10.5632515,8.746915],"to":[10.4405,19.832863,12.44806],"faces":{"east":{"uv":[12.25,12.125,12.625,13.0],"tintindex":0,"rotation":0,"texture":"#0"},"south":{"uv":[11.4375,1.25,11.9375,2.125],"tintindex":0,"rotation":0,"texture":"#0"},"north":{"uv":[7.625,11.1875,8.125,12.0625],"tintindex":0,"rotation":0,"texture":"#0"},"west":{"uv":[0.3125,12.3125,0.6875,13.1875],"tintindex":0,"rotation":0,"texture":"#0"},"up":{"uv":[9.75,13.75,9.25,13.375],"tintindex":0,"rotation":0,"texture":"#0"},"down":{"uv":[10.6875,13.375,10.1875,13.75],"tintindex":0,"rotation":0,"texture":"#0"}},"rotation":{"origin":[8.0,19.523228,0.6732383],"angle":-22.5,"axis":"x"}},{"from":[2.4292932,15.3605,-8.310036],"to":[13.570707,27.138565,-4.065686],"faces":{"east":{"uv":[10.8125,3.8125,11.25,4.9375],"tintindex":0,"rotation":0,"texture":"#0"},"south":{"uv":[1.875,6.75,2.9375,7.875],"tintindex":0,"rotation":0,"texture":"#0"},"north":{"uv":[6.625,0.9375,7.6875,2.0625],"tintindex":0,"rotation":0,"texture":"#0"},"west":{"uv":[9.4375,10.8125,9.875,11.9375],"tintindex":0,"rotation":0,"texture":"#0"},"up":{"uv":[11.875,5.375,10.8125,4.9375],"tintindex":0,"rotation":0,"texture":"#0"},"down":{"uv":[12.0625,5.375,11.0,5.8125],"tintindex":0,"rotation":0,"texture":"#0"}},"rotation":{"origin":[8.0,19.523228,0.6732383],"angle":-45.0,"axis":"x"}},{"from":[-1.0192394,17.542728,-7.215825],"to":[17.01924,24.705063,10.079894],"faces":{"east":{"uv":[7.375,4.5625,9.0625,5.25],"tintindex":0,"rotation":0,"texture":"#0"},"south":{"uv":[7.3125,2.75,9.0625,3.4375],"tintindex":0,"rotation":0,"texture":"#0"},"north":{"uv":[7.3125,2.0625,9.0625,2.75],"tintindex":0,"rotation":0,"texture":"#0"},"west":{"uv":[9.0625,4.5625,7.375,5.25],"tintindex":0,"rotation":0,"texture":"#0"},"up":{"uv":[3.5625,1.6875,1.8125,0.0],"tintindex":0,"rotation":0,"texture":"#0"},"down":{"uv":[3.5625,1.6875,1.8125,3.375],"tintindex":0,"rotation":0,"texture":"#0"}},"rotation":{"origin":[8.0,19.523228,0.6732383],"angle":-45.0,"axis":"x"}},{"from":[5.453391,27.580292,-2.6399803],"to":[10.546609,30.520237,4.8932],"faces":{"east":{"uv":[9.5,7.6875,10.25,8.0],"tintindex":0,"rotation":0,"texture":"#0"},"south":{"uv":[13.625,5.625,14.125,5.9375],"tintindex":0,"rotation":0,"texture":"#0"},"north":{"uv":[13.625,3.0,14.125,3.3125],"tintindex":0,"rotation":0,"texture":"#0"},"west":{"uv":[12.875,3.25,13.625,3.5625],"tintindex":0,"rotation":0,"texture":"#0"},"up":{"uv":[4.0,6.375,3.5,5.625],"tintindex":0,"rotation":0,"texture":"#0"},"down":{"uv":[6.1875,11.6875,5.6875,12.4375],"tintindex":0,"rotation":0,"texture":"#0"}},"rotation":{"origin":[8.0,19.523228,0.6732383],"angle":45.0,"axis":"x"}},{"from":[5.6656084,10.181728,11.526956],"to":[10.334392,21.513626,15.334953],"faces":{"east":{"uv":[3.5,11.125,3.875,12.25],"tintindex":0,"rotation":0,"texture":"#0"},"south":{"uv":[0.0,10.8125,0.4375,11.9375],"tintindex":0,"rotation":0,"texture":"#0"},"north":{"uv":[5.25,10.6875,5.6875,11.8125],"tintindex":0,"rotation":0,"texture":"#0"},"west":{"uv":[9.875,11.5,10.25,12.625],"tintindex":0,"rotation":0,"texture":"#0"},"up":{"uv":[13.75,10.9375,13.3125,10.5625],"tintindex":0,"rotation":0,"texture":"#0"},"down":{"uv":[13.75,10.9375,13.3125,11.3125],"tintindex":0,"rotation":0,"texture":"#0"}},"rotation":{"origin":[8.0,19.523228,0.6732383],"angle":22.5,"axis":"x"}},{"from":[2.1640215,14.185879,-9.85136],"to":[13.8359785,29.09415,-0.30157757],"faces":{"east":{"uv":[0.0,6.0,0.9375,7.4375],"tintindex":0,"rotation":0,"texture":"#0"},"south":{"uv":[1.125,4.6875,2.25,6.125],"tintindex":0,"rotation":0,"texture":"#0"},"north":{"uv":[0.0,4.5625,1.125,6.0],"tintindex":0,"rotation":0,"texture":"#0"},"west":{"uv":[0.9375,6.0,0.0,7.4375],"tintindex":0,"rotation":0,"texture":"#0"},"up":{"uv":[9.0,6.875,7.875,5.9375],"tintindex":0,"rotation":0,"texture":"#0"},"down":{"uv":[6.0625,7.9375,4.9375,8.875],"tintindex":0,"rotation":0,"texture":"#0"}},"rotation":{"origin":[8.0,19.523228,0.6732383],"angle":22.5,"axis":"x"}}],"display":{"gui":{"rotation":[30,225,0]}}}