{"textures":{"0":"modelengine:entity/mso_taloc_minion"},"elements":[{"from":[5.86454,7.3130345,-0.55148125],"to":[10.154041,9.79643,1.8190322],"faces":{"east":{"uv":[9.125,14.375,8.875,14.625],"tintindex":0,"rotation":0,"texture":"#0"},"south":{"uv":[13.375,1.375,13.0,1.625],"tintindex":0,"rotation":0,"texture":"#0"},"north":{"uv":[12.5,1.0,12.125,1.25],"tintindex":0,"rotation":0,"texture":"#0"},"west":{"uv":[14.625,8.4375,14.375,8.6875],"tintindex":0,"rotation":0,"texture":"#0"},"up":{"uv":[14.0,0.25,14.375,0.0],"tintindex":0,"rotation":0,"texture":"#0"},"down":{"uv":[14.0,11.3125,14.375,11.5625],"tintindex":0,"rotation":0,"texture":"#0"}},"rotation":{"origin":[8.573698,4.265231,5.092599],"angle":-45.0,"axis":"x"}},{"from":[5.86454,2.957303,4.2799115],"to":[10.154041,7.9240932,10.939926],"faces":{"east":{"uv":[13.25,3.625,12.625,4.0625],"tintindex":0,"rotation":0,"texture":"#0"},"south":{"uv":[13.625,5.625,13.25,6.0625],"tintindex":0,"rotation":0,"texture":"#0"},"north":{"uv":[3.0625,10.625,2.6875,11.0625],"tintindex":0,"rotation":0,"texture":"#0"},"west":{"uv":[12.625,3.625,13.25,4.0625],"tintindex":0,"rotation":0,"texture":"#0"},"up":{"uv":[1.875,6.75,2.25,6.125],"tintindex":0,"rotation":0,"texture":"#0"},"down":{"uv":[7.5,12.75,7.875,13.375],"tintindex":0,"rotation":0,"texture":"#0"}}},{"from":[10.225115,5.5069284,-0.8901262],"to":[11.35393,5.958455,5.544125],"faces":{"east":{"uv":[4.3125,8.8125,4.875,8.875],"tintindex":0,"rotation":0,"texture":"#0"},"south":{"uv":[6.0625,8.375,6.1875,8.4375],"tintindex":0,"rotation":0,"texture":"#0"},"north":{"uv":[7.75,6.4375,7.875,6.5],"tintindex":0,"rotation":0,"texture":"#0"},"west":{"uv":[11.4375,0.625,12.0,0.6875],"tintindex":0,"rotation":0,"texture":"#0"},"up":{"uv":[3.4375,14.9375,3.3125,14.375],"tintindex":0,"rotation":0,"texture":"#0"},"down":{"uv":[5.1875,14.375,5.0625,14.9375],"tintindex":0,"rotation":0,"texture":"#0"}}},{"from":[5.7516584,2.5057764,-1.0255241],"to":[10.266922,3.7474742,12.63315],"faces":{"east":{"uv":[14.3125,7.5625,13.0625,7.6875],"tintindex":0,"rotation":0,"texture":"#0"},"south":{"uv":[12.8125,6.6875,12.375,6.8125],"tintindex":0,"rotation":0,"texture":"#0"},"north":{"uv":[12.375,6.6875,11.9375,6.8125],"tintindex":0,"rotation":0,"texture":"#0"},"west":{"uv":[14.0625,2.875,12.8125,3.0],"tintindex":0,"rotation":0,"texture":"#0"},"up":{"uv":[3.875,11.875,4.3125,10.625],"tintindex":0,"rotation":0,"texture":"#0"},"down":{"uv":[4.3125,10.625,4.75,11.875],"tintindex":0,"rotation":0,"texture":"#0"}}},{"from":[5.9774218,3.2259183,10.471895],"to":[10.041159,7.7411823,12.3908825],"faces":{"east":{"uv":[13.5,14.0625,13.3125,14.5],"tintindex":0,"rotation":0,"texture":"#0"},"south":{"uv":[1.875,13.4375,1.5,13.875],"tintindex":0,"rotation":0,"texture":"#0"},"north":{"uv":[11.0625,13.375,10.6875,13.8125],"tintindex":0,"rotation":0,"texture":"#0"},"west":{"uv":[12.25,14.0625,12.0625,14.5],"tintindex":0,"rotation":0,"texture":"#0"},"up":{"uv":[3.9375,9.8125,4.3125,9.625],"tintindex":0,"rotation":0,"texture":"#0"},"down":{"uv":[12.3125,4.5625,12.6875,4.75],"tintindex":0,"rotation":0,"texture":"#0"}},"rotation":{"origin":[8.009291,4.185412,11.205626],"angle":-22.5,"axis":"x"}},{"from":[4.622843,5.5069284,-0.8901262],"to":[5.7516584,5.958455,5.544125],"faces":{"east":{"uv":[12.0,0.625,11.4375,0.6875],"tintindex":0,"rotation":0,"texture":"#0"},"south":{"uv":[6.1875,8.375,6.0625,8.4375],"tintindex":0,"rotation":0,"texture":"#0"},"north":{"uv":[7.875,6.4375,7.75,6.5],"tintindex":0,"rotation":0,"texture":"#0"},"west":{"uv":[4.875,8.8125,4.3125,8.875],"tintindex":0,"rotation":0,"texture":"#0"},"up":{"uv":[3.3125,14.9375,3.4375,14.375],"tintindex":0,"rotation":0,"texture":"#0"},"down":{"uv":[5.0625,14.375,5.1875,14.9375],"tintindex":0,"rotation":0,"texture":"#0"}}},{"from":[9.049101,0.54548264,-1.1158886],"to":[11.5324955,3.2546415,5.6570067],"faces":{"east":{"uv":[13.4375,9.1875,14.0625,9.4375],"tintindex":0,"rotation":0,"texture":"#0"},"south":{"uv":[14.3125,13.5625,14.5625,13.8125],"tintindex":0,"rotation":0,"texture":"#0"},"north":{"uv":[13.0625,6.4375,13.3125,6.6875],"tintindex":0,"rotation":0,"texture":"#0"},"west":{"uv":[13.4375,9.8125,14.0625,10.0625],"tintindex":0,"rotation":0,"texture":"#0"},"up":{"uv":[2.375,14.375,2.125,13.75],"tintindex":0,"rotation":0,"texture":"#0"},"down":{"uv":[4.25,13.75,4.0,14.375],"tintindex":0,"rotation":0,"texture":"#0"}},"rotation":{"origin":[4.646718,4.1576943,5.092599],"angle":22.5,"axis":"z"}},{"from":[4.444277,0.54548264,-1.1158886],"to":[6.9276724,3.2546415,5.6570067],"faces":{"east":{"uv":[14.0625,9.8125,13.4375,10.0625],"tintindex":0,"rotation":0,"texture":"#0"},"south":{"uv":[14.5625,13.5625,14.3125,13.8125],"tintindex":0,"rotation":0,"texture":"#0"},"north":{"uv":[13.3125,6.4375,13.0625,6.6875],"tintindex":0,"rotation":0,"texture":"#0"},"west":{"uv":[14.0625,9.1875,13.4375,9.4375],"tintindex":0,"rotation":0,"texture":"#0"},"up":{"uv":[2.125,14.375,2.375,13.75],"tintindex":0,"rotation":0,"texture":"#0"},"down":{"uv":[4.0,13.75,4.25,14.375],"tintindex":0,"rotation":0,"texture":"#0"}},"rotation":{"origin":[11.330055,4.1576943,5.092599],"angle":-22.5,"axis":"z"}},{"from":[5.7516584,5.7333927,0.55375767],"to":[10.266922,8.555433,6.536483],"faces":{"east":{"uv":[13.625,3.3125,14.1875,3.5625],"tintindex":0,"rotation":0,"texture":"#0"},"south":{"uv":[11.3125,2.3125,10.875,2.5625],"tintindex":0,"rotation":0,"texture":"#0"},"north":{"uv":[3.5,9.375,3.0625,9.625],"tintindex":0,"rotation":0,"texture":"#0"},"west":{"uv":[14.1875,3.3125,13.625,3.5625],"tintindex":0,"rotation":0,"texture":"#0"},"up":{"uv":[9.5,4.375,9.9375,3.8125],"tintindex":0,"rotation":0,"texture":"#0"},"down":{"uv":[9.25,12.8125,9.6875,13.375],"tintindex":0,"rotation":0,"texture":"#0"}},"rotation":{"origin":[8.573698,2.9113526,6.197838],"angle":-22.5,"axis":"x"}}],"display":{"gui":{"rotation":[30,225,0]}}}