{"textures":{"0":"modelengine:entity/mso_taloc_minion"},"elements":[{"from":[0.0965333,8.193741,1.7887883],"to":[1.2637296,11.748383,7.2533865],"faces":{"east":{"uv":[13.0625,6.0625,13.625,6.4375],"tintindex":0,"rotation":0,"texture":"#0"},"south":{"uv":[10.5625,14.375,10.4375,14.75],"tintindex":0,"rotation":0,"texture":"#0"},"north":{"uv":[10.4375,14.375,10.3125,14.75],"tintindex":0,"rotation":0,"texture":"#0"},"west":{"uv":[13.625,6.0625,13.0625,6.4375],"tintindex":0,"rotation":0,"texture":"#0"},"up":{"uv":[6.375,2.875,6.5,2.3125],"tintindex":0,"rotation":0,"texture":"#0"},"down":{"uv":[11.375,14.125,11.5,14.6875],"tintindex":0,"rotation":0,"texture":"#0"}},"rotation":{"origin":[13.942102,15.289467,9.379657],"angle":-45.0,"axis":"y"}},{"from":[0.0965333,15.833565,3.5926366],"to":[1.2637296,19.706535,7.5717125],"faces":{"east":{"uv":[13.5625,13.5625,13.9375,13.9375],"tintindex":0,"rotation":0,"texture":"#0"},"south":{"uv":[0.4375,11.9375,0.3125,12.3125],"tintindex":0,"rotation":0,"texture":"#0"},"north":{"uv":[0.9375,8.625,0.8125,9.0],"tintindex":0,"rotation":0,"texture":"#0"},"west":{"uv":[13.9375,13.5625,13.5625,13.9375],"tintindex":0,"rotation":0,"texture":"#0"},"up":{"uv":[8.5625,13.75,8.6875,13.375],"tintindex":0,"rotation":0,"texture":"#0"},"down":{"uv":[9.6875,14.375,9.8125,14.75],"tintindex":0,"rotation":0,"texture":"#0"}},"rotation":{"origin":[13.942102,15.289467,9.379657],"angle":-45.0,"axis":"y"}},{"from":[8.2475815,7.0265427,-1.3260317],"to":[12.120549,22.942848,7.268774],"faces":{"east":{"uv":[4.9375,6.375,5.75,7.9375],"tintindex":0,"rotation":0,"texture":"#0"},"south":{"uv":[8.5625,10.1875,8.9375,11.75],"tintindex":0,"rotation":0,"texture":"#0"},"north":{"uv":[8.1875,10.1875,8.5625,11.75],"tintindex":0,"rotation":0,"texture":"#0"},"west":{"uv":[7.3125,2.3125,6.5,3.875],"tintindex":0,"rotation":0,"texture":"#0"},"up":{"uv":[12.25,12.9375,11.875,12.125],"tintindex":0,"rotation":0,"texture":"#0"},"down":{"uv":[7.125,12.1875,6.75,13.0],"tintindex":0,"rotation":0,"texture":"#0"}},"rotation":{"origin":[13.942102,15.289467,9.379657],"angle":45.0,"axis":"y"}},{"from":[0.0965333,12.013653,2.3193321],"to":[1.2637296,15.568295,7.2533865],"faces":{"east":{"uv":[4.0,13.375,4.5,13.75],"tintindex":0,"rotation":0,"texture":"#0"},"south":{"uv":[11.3125,14.375,11.1875,14.75],"tintindex":0,"rotation":0,"texture":"#0"},"north":{"uv":[11.1875,14.375,11.0625,14.75],"tintindex":0,"rotation":0,"texture":"#0"},"west":{"uv":[4.5,13.375,4.0,13.75],"tintindex":0,"rotation":0,"texture":"#0"},"up":{"uv":[9.875,5.9375,10.0,5.4375],"tintindex":0,"rotation":0,"texture":"#0"},"down":{"uv":[0.5,14.25,0.625,14.75],"tintindex":0,"rotation":0,"texture":"#0"}},"rotation":{"origin":[13.942102,15.289467,9.379657],"angle":-45.0,"axis":"y"}},{"from":[1.774837,8.087631,1.9375935],"to":[3.7378478,20.02486,10.532398],"faces":{"east":{"uv":[8.6875,6.875,9.5,8.0],"tintindex":0,"rotation":0,"texture":"#0"},"south":{"uv":[5.125,12.875,5.3125,14.0],"tintindex":0,"rotation":0,"texture":"#0"},"north":{"uv":[7.875,12.75,8.0625,13.875],"tintindex":0,"rotation":0,"texture":"#0"},"west":{"uv":[4.3125,8.5,3.5,9.625],"tintindex":0,"rotation":0,"texture":"#0"},"up":{"uv":[0.8125,14.3125,0.625,13.5],"tintindex":0,"rotation":0,"texture":"#0"},"down":{"uv":[6.375,13.5,6.1875,14.3125],"tintindex":0,"rotation":0,"texture":"#0"}},"rotation":{"origin":[13.942102,15.289467,9.379657],"angle":-22.5,"axis":"y"}}],"display":{"gui":{"rotation":[30,225,0]}}}