{"textures":{"0":"modelengine:entity/mso_taloc_minion"},"elements":[{"from":[6.334997,3.9223676,6.5325394],"to":[9.665005,8.437632,9.467461],"faces":{"east":{"uv":[14.1875,12.6875,13.9375,13.125],"tintindex":0,"rotation":0,"texture":"#0"},"south":{"uv":[10.625,13.75,10.3125,14.1875],"tintindex":0,"rotation":0,"texture":"#0"},"north":{"uv":[10.3125,13.75,10.0,14.1875],"tintindex":0,"rotation":0,"texture":"#0"},"west":{"uv":[14.1875,10.0625,13.9375,10.5],"tintindex":0,"rotation":0,"texture":"#0"},"up":{"uv":[14.125,3.8125,14.4375,3.5625],"tintindex":0,"rotation":0,"texture":"#0"},"down":{"uv":[14.125,3.8125,14.4375,4.0625],"tintindex":0,"rotation":0,"texture":"#0"}}}],"display":{"gui":{"rotation":[30,225,0]}}}