{"textures":{"0":"modelengine:entity/mso_taloc_minion"},"elements":[{"from":[3.3154135,3.6822777,3.1460915],"to":[12.684586,12.3177185,12.853909],"faces":{"east":{"uv":[9.5625,9.375,10.4375,10.1875],"tintindex":0,"rotation":0,"texture":"#0"},"south":{"uv":[10.8125,4.625,9.9375,5.4375],"tintindex":0,"rotation":0,"texture":"#0"},"north":{"uv":[9.9375,4.625,10.8125,5.4375],"tintindex":0,"rotation":0,"texture":"#0"},"west":{"uv":[9.625,0.9375,10.5,1.75],"tintindex":0,"rotation":0,"texture":"#0"},"up":{"uv":[10.375,3.8125,9.5,2.9375],"tintindex":0,"rotation":0,"texture":"#0"},"down":{"uv":[10.375,6.8125,9.5,7.6875],"tintindex":0,"rotation":0,"texture":"#0"}}},{"from":[6.984065,-3.5421448,4.274907],"to":[14.095606,10.060089,11.725093],"faces":{"east":{"uv":[6.8125,9.125,7.5,10.375],"tintindex":0,"rotation":0,"texture":"#0"},"south":{"uv":[8.9375,9.375,9.5625,10.625],"tintindex":0,"rotation":0,"texture":"#0"},"north":{"uv":[2.4375,9.375,3.0625,10.625],"tintindex":0,"rotation":0,"texture":"#0"},"west":{"uv":[7.5,9.125,8.1875,10.375],"tintindex":0,"rotation":0,"texture":"#0"},"up":{"uv":[11.9375,3.0,11.3125,2.3125],"tintindex":0,"rotation":0,"texture":"#0"},"down":{"uv":[11.9375,3.0,11.3125,3.6875],"tintindex":0,"rotation":0,"texture":"#0"}}}],"display":{"gui":{"rotation":[30,225,0]}}}