{"textures":{"0":"modelengine:entity/mso_taloc_minion"},"elements":[{"from":[7.490737,2.3255844,3.4644175],"to":[8.416367,8.079159,12.535583],"faces":{"east":{"uv":[11.0625,6.875,11.875,7.4375],"tintindex":0,"rotation":0,"texture":"#0"},"south":{"uv":[7.9375,14.375,8.0625,14.9375],"tintindex":0,"rotation":0,"texture":"#0"},"north":{"uv":[7.8125,14.375,7.9375,14.9375],"tintindex":0,"rotation":0,"texture":"#0"},"west":{"uv":[2.6875,11.125,3.5,11.6875],"tintindex":0,"rotation":0,"texture":"#0"},"up":{"uv":[6.6875,14.875,6.5625,14.0625],"tintindex":0,"rotation":0,"texture":"#0"},"down":{"uv":[3.625,14.125,3.5,14.9375],"tintindex":0,"rotation":0,"texture":"#0"}},"rotation":{"origin":[7.9535522,7.798647,8.0],"angle":-22.5,"axis":"z"}}],"display":{"gui":{"rotation":[30,225,0]}}}