{"textures":{"0":"modelengine:entity/mso_taloc_minion"},"elements":[{"from":[6.938913,12.466959,10.165888],"to":[9.061087,14.843702,13.335414],"faces":{"east":{"uv":[12.25,14.1875,12.5,14.5],"tintindex":0,"rotation":0,"texture":"#0"},"south":{"uv":[0.8125,14.4375,1.0,14.6875],"tintindex":0,"rotation":0,"texture":"#0"},"north":{"uv":[1.6875,7.5625,1.875,7.875],"tintindex":0,"rotation":0,"texture":"#0"},"west":{"uv":[14.1875,12.6875,14.4375,13.0],"tintindex":0,"rotation":0,"texture":"#0"},"up":{"uv":[0.1875,14.5625,0.0,14.3125],"tintindex":0,"rotation":0,"texture":"#0"},"down":{"uv":[14.625,2.75,14.4375,3.0],"tintindex":0,"rotation":0,"texture":"#0"}},"rotation":{"origin":[8.0,20.255564,-4.340308],"angle":22.5,"axis":"x"}}],"display":{"gui":{"rotation":[30,225,0]}}}