{"textures":{"0":"modelengine:entity/mso_taloc_minion"},"elements":[{"from":[7.266269,0.4575224,2.77079],"to":[8.73373,1.9450636,4.125369],"faces":{"east":{"uv":[3.4375,13.5625,3.3125,13.6875],"tintindex":0,"rotation":0,"texture":"#0"},"south":{"uv":[1.25,13.5625,1.125,13.6875],"tintindex":0,"rotation":0,"texture":"#0"},"north":{"uv":[9.875,13.375,9.75,13.5],"tintindex":0,"rotation":0,"texture":"#0"},"west":{"uv":[13.5625,10.0625,13.4375,10.1875],"tintindex":0,"rotation":0,"texture":"#0"},"up":{"uv":[13.875,4.5625,14.0,4.4375],"tintindex":0,"rotation":0,"texture":"#0"},"down":{"uv":[13.9375,1.875,14.0625,2.0],"tintindex":0,"rotation":0,"texture":"#0"}},"rotation":{"origin":[8.0,0.33650112,3.3916388],"angle":-22.5,"axis":"x"}},{"from":[5.8552494,-3.8118973,6.213679],"to":[10.144751,-2.0057926,11.1804695],"faces":{"east":{"uv":[14.5625,11.875,14.125,12.0625],"tintindex":0,"rotation":0,"texture":"#0"},"south":{"uv":[14.6875,0.75,14.3125,0.9375],"tintindex":0,"rotation":0,"texture":"#0"},"north":{"uv":[14.6875,0.5625,14.3125,0.75],"tintindex":0,"rotation":0,"texture":"#0"},"west":{"uv":[14.5,5.25,14.0625,5.4375],"tintindex":0,"rotation":0,"texture":"#0"},"up":{"uv":[13.3125,5.0,13.6875,4.5625],"tintindex":0,"rotation":0,"texture":"#0"},"down":{"uv":[13.3125,6.4375,13.6875,6.875],"tintindex":0,"rotation":0,"texture":"#0"}}},{"from":[6.0486,7.225588,1.641974],"to":[9.490137,8.651119,3.3479557],"faces":{"east":{"uv":[13.1875,0.5625,13.0,0.6875],"tintindex":0,"rotation":0,"texture":"#0"},"south":{"uv":[13.75,7.6875,13.4375,7.8125],"tintindex":0,"rotation":0,"texture":"#0"},"north":{"uv":[13.0625,10.1875,12.75,10.3125],"tintindex":0,"rotation":0,"texture":"#0"},"west":{"uv":[12.75,2.25,12.5625,2.375],"tintindex":0,"rotation":0,"texture":"#0"},"up":{"uv":[14.375,6.25,14.6875,6.0625],"tintindex":0,"rotation":0,"texture":"#0"},"down":{"uv":[14.375,6.8125,14.6875,7.0],"tintindex":0,"rotation":0,"texture":"#0"}},"rotation":{"origin":[8.0,7.3815613,2.5231848],"angle":-22.5,"axis":"z"}},{"from":[6.137453,6.7788925,1.5290923],"to":[9.862547,7.98423,3.5172777],"faces":{"east":{"uv":[13.625,9.4375,13.4375,9.5625],"tintindex":0,"rotation":0,"texture":"#0"},"south":{"uv":[14.875,4.9375,14.5,5.0625],"tintindex":0,"rotation":0,"texture":"#0"},"north":{"uv":[14.875,4.8125,14.5,4.9375],"tintindex":0,"rotation":0,"texture":"#0"},"west":{"uv":[13.5625,8.4375,13.375,8.5625],"tintindex":0,"rotation":0,"texture":"#0"},"up":{"uv":[14.25,6.6875,14.625,6.5],"tintindex":0,"rotation":0,"texture":"#0"},"down":{"uv":[14.25,11.0,14.625,11.1875],"tintindex":0,"rotation":0,"texture":"#0"}}},{"from":[5.290841,5.049308,4.5204544],"to":[10.709158,8.266434,11.406233],"faces":{"east":{"uv":[13.8125,2.5625,13.1875,2.875],"tintindex":0,"rotation":0,"texture":"#0"},"south":{"uv":[14.0625,13.25,13.5625,13.5625],"tintindex":0,"rotation":0,"texture":"#0"},"north":{"uv":[14.0625,12.375,13.5625,12.6875],"tintindex":0,"rotation":0,"texture":"#0"},"west":{"uv":[13.8125,2.25,13.1875,2.5625],"tintindex":0,"rotation":0,"texture":"#0"},"up":{"uv":[11.9375,11.3125,12.4375,10.6875],"tintindex":0,"rotation":0,"texture":"#0"},"down":{"uv":[1.875,12.0,2.375,12.625],"tintindex":0,"rotation":0,"texture":"#0"}}},{"from":[5.5730457,-2.9652863,6.665205],"to":[10.426954,0.646925,11.8577585],"faces":{"east":{"uv":[13.5,0.0,14.0,0.3125],"tintindex":0,"rotation":0,"texture":"#0"},"south":{"uv":[14.0625,5.9375,13.625,6.25],"tintindex":0,"rotation":0,"texture":"#0"},"north":{"uv":[10.0625,1.75,9.625,2.0625],"tintindex":0,"rotation":0,"texture":"#0"},"west":{"uv":[14.0,0.0,13.5,0.3125],"tintindex":0,"rotation":0,"texture":"#0"},"up":{"uv":[9.0625,3.4375,9.5,2.9375],"tintindex":0,"rotation":0,"texture":"#0"},"down":{"uv":[12.875,4.5625,13.3125,5.0625],"tintindex":0,"rotation":0,"texture":"#0"}},"rotation":{"origin":[8.0,-1.4978256,8.697074],"angle":22.5,"axis":"x"}},{"from":[5.290841,-2.2161999,5.762152],"to":[10.709158,2.7916756,12.448584],"faces":{"east":{"uv":[4.5,12.625,5.125,13.0625],"tintindex":0,"rotation":0,"texture":"#0"},"south":{"uv":[6.5625,7.9375,6.0625,8.375],"tintindex":0,"rotation":0,"texture":"#0"},"north":{"uv":[2.9375,7.875,2.4375,8.3125],"tintindex":0,"rotation":0,"texture":"#0"},"west":{"uv":[5.125,12.625,4.5,13.0625],"tintindex":0,"rotation":0,"texture":"#0"},"up":{"uv":[12.125,4.25,12.625,3.625],"tintindex":0,"rotation":0,"texture":"#0"},"down":{"uv":[12.3125,2.375,12.8125,3.0],"tintindex":0,"rotation":0,"texture":"#0"}},"rotation":{"origin":[8.0,-1.4978256,8.697074],"angle":-22.5,"axis":"x"}},{"from":[5.0086374,1.2677746,4.2382507],"to":[10.991362,5.049308,11.6884365],"faces":{"east":{"uv":[13.4375,9.8125,12.75,10.1875],"tintindex":0,"rotation":0,"texture":"#0"},"south":{"uv":[13.4375,9.8125,12.75,10.1875],"tintindex":0,"rotation":0,"texture":"#0"},"north":{"uv":[13.5625,1.0,13.0,1.375],"tintindex":0,"rotation":0,"texture":"#0"},"west":{"uv":[13.4375,9.8125,12.75,10.1875],"tintindex":0,"rotation":0,"texture":"#0"},"up":{"uv":[6.1875,12.4375,6.75,11.75],"tintindex":0,"rotation":0,"texture":"#0"},"down":{"uv":[10.25,11.8125,10.8125,12.5],"tintindex":0,"rotation":0,"texture":"#0"}}},{"from":[7.266269,3.5201292,1.4813747],"to":[8.73373,5.0076704,3.4003615],"faces":{"east":{"uv":[1.125,6.0,0.9375,6.125],"tintindex":0,"rotation":0,"texture":"#0"},"south":{"uv":[10.5,0.8125,10.375,0.9375],"tintindex":0,"rotation":0,"texture":"#0"},"north":{"uv":[7.375,3.875,7.25,4.0],"tintindex":0,"rotation":0,"texture":"#0"},"west":{"uv":[1.8125,4.5625,1.625,4.6875],"tintindex":0,"rotation":0,"texture":"#0"},"up":{"uv":[6.375,3.0625,6.5,2.875],"tintindex":0,"rotation":0,"texture":"#0"},"down":{"uv":[9.4375,10.625,9.5625,10.8125],"tintindex":0,"rotation":0,"texture":"#0"}},"rotation":{"origin":[8.0,3.6994915,1.8764601],"angle":-45.0,"axis":"x"}},{"from":[7.266269,-2.8446178,3.3075123],"to":[8.73373,-1.3570766,5.2264996],"faces":{"east":{"uv":[5.6875,12.3125,5.5,12.4375],"tintindex":0,"rotation":0,"texture":"#0"},"south":{"uv":[14.3125,13.0,14.1875,13.125],"tintindex":0,"rotation":0,"texture":"#0"},"north":{"uv":[3.3125,14.0,3.1875,14.125],"tintindex":0,"rotation":0,"texture":"#0"},"west":{"uv":[10.4375,9.25,10.25,9.375],"tintindex":0,"rotation":0,"texture":"#0"},"up":{"uv":[5.6875,10.875,5.8125,10.6875],"tintindex":0,"rotation":0,"texture":"#0"},"down":{"uv":[1.375,13.6875,1.5,13.875],"tintindex":0,"rotation":0,"texture":"#0"}}},{"from":[5.290841,-6.0695295,7.0602903],"to":[10.709158,-3.1346083,10.333857],"faces":{"east":{"uv":[7.0,14.125,6.6875,14.375],"tintindex":0,"rotation":0,"texture":"#0"},"south":{"uv":[14.25,7.6875,13.75,7.9375],"tintindex":0,"rotation":0,"texture":"#0"},"north":{"uv":[14.25,0.3125,13.75,0.5625],"tintindex":0,"rotation":0,"texture":"#0"},"west":{"uv":[7.0,14.125,6.6875,14.375],"tintindex":0,"rotation":0,"texture":"#0"},"up":{"uv":[13.5625,1.3125,14.0625,1.0],"tintindex":0,"rotation":0,"texture":"#0"},"down":{"uv":[13.5625,12.0625,14.0625,12.375],"tintindex":0,"rotation":0,"texture":"#0"}}},{"from":[5.403723,-5.5892344,6.4721284],"to":[10.596277,-2.992958,7.826708],"faces":{"east":{"uv":[11.875,12.625,11.75,12.875],"tintindex":0,"rotation":0,"texture":"#0"},"south":{"uv":[14.375,8.5625,13.875,8.8125],"tintindex":0,"rotation":0,"texture":"#0"},"north":{"uv":[14.375,8.3125,13.875,8.5625],"tintindex":0,"rotation":0,"texture":"#0"},"west":{"uv":[9.4375,11.625,9.3125,11.875],"tintindex":0,"rotation":0,"texture":"#0"},"up":{"uv":[9.875,0.9375,10.375,0.8125],"tintindex":0,"rotation":0,"texture":"#0"},"down":{"uv":[10.75,0.6875,11.25,0.8125],"tintindex":0,"rotation":0,"texture":"#0"}},"rotation":{"origin":[8.0,-4.5732994,7.883148],"angle":-22.5,"axis":"x"}},{"from":[6.137453,-4.3763065,5.0848627],"to":[9.862547,-1.723589,6.213679],"faces":{"east":{"uv":[14.625,7.0,14.5,7.25],"tintindex":0,"rotation":0,"texture":"#0"},"south":{"uv":[12.25,7.1875,11.875,7.4375],"tintindex":0,"rotation":0,"texture":"#0"},"north":{"uv":[10.875,1.5,10.5,1.75],"tintindex":0,"rotation":0,"texture":"#0"},