{"textures":{"0":"modelengine:entity/mso_taloc_minion"},"elements":[{"from":[3.3154144,3.6822777,3.1460915],"to":[12.684587,12.3177185,12.853909],"faces":{"east":{"uv":[10.5,0.9375,9.625,1.75],"tintindex":0,"rotation":0,"texture":"#0"},"south":{"uv":[9.9375,4.625,10.8125,5.4375],"tintindex":0,"rotation":0,"texture":"#0"},"north":{"uv":[10.8125,4.625,9.9375,5.4375],"tintindex":0,"rotation":0,"texture":"#0"},"west":{"uv":[10.4375,9.375,9.5625,10.1875],"tintindex":0,"rotation":0,"texture":"#0"},"up":{"uv":[9.5,3.8125,10.375,2.9375],"tintindex":0,"rotation":0,"texture":"#0"},"down":{"uv":[9.5,6.8125,10.375,7.6875],"tintindex":0,"rotation":0,"texture":"#0"}}},{"from":[1.9043941,-3.5421448,4.274907],"to":[9.015935,10.060089,11.725093],"faces":{"east":{"uv":[8.1875,9.125,7.5,10.375],"tintindex":0,"rotation":0,"texture":"#0"},"south":{"uv":[9.5625,9.375,8.9375,10.625],"tintindex":0,"rotation":0,"texture":"#0"},"north":{"uv":[3.0625,9.375,2.4375,10.625],"tintindex":0,"rotation":0,"texture":"#0"},"west":{"uv":[7.5,9.125,6.8125,10.375],"tintindex":0,"rotation":0,"texture":"#0"},"up":{"uv":[11.3125,3.0,11.9375,2.3125],"tintindex":0,"rotation":0,"texture":"#0"},"down":{"uv":[11.3125,3.0,11.9375,3.6875],"tintindex":0,"rotation":0,"texture":"#0"}}}],"display":{"gui":{"rotation":[30,225,0]}}}