{"textures":{"0":"modelengine:entity/mso_taloc_minion"},"elements":[{"from":[6.4196568,4.605674,6.5325394],"to":[9.580341,8.274325,9.467461],"faces":{"east":{"uv":[14.3125,4.875,14.0625,5.25],"tintindex":0,"rotation":0,"texture":"#0"},"south":{"uv":[3.1875,14.0,2.875,14.375],"tintindex":0,"rotation":0,"texture":"#0"},"north":{"uv":[2.875,14.0,2.5625,14.375],"tintindex":0,"rotation":0,"texture":"#0"},"west":{"uv":[14.3125,1.875,14.0625,2.25],"tintindex":0,"rotation":0,"texture":"#0"},"up":{"uv":[14.1875,7.3125,14.5,7.0625],"tintindex":0,"rotation":0,"texture":"#0"},"down":{"uv":[8.0625,14.1875,8.375,14.4375],"tintindex":0,"rotation":0,"texture":"#0"}}}],"display":{"gui":{"rotation":[30,225,0]}}}