{"textures":{"0":"modelengine:entity/mso_taloc_minion"},"elements":[{"from":[6.343824,5.084175,8.210711],"to":[9.656177,9.878372,10.738559],"faces":{"east":{"uv":[13.0625,13.9375,13.3125,14.375],"tintindex":0,"rotation":0,"texture":"#0"},"south":{"uv":[6.6875,13.6875,7.0,14.125],"tintindex":0,"rotation":0,"texture":"#0"},"north":{"uv":[13.6875,6.25,14.0,6.6875],"tintindex":0,"rotation":0,"texture":"#0"},"west":{"uv":[14.0,4.4375,14.25,4.875],"tintindex":0,"rotation":0,"texture":"#0"},"up":{"uv":[8.6875,14.4375,8.375,14.1875],"tintindex":0,"rotation":0,"texture":"#0"},"down":{"uv":[14.5,10.25,14.1875,10.5],"tintindex":0,"rotation":0,"texture":"#0"}},"rotation":{"origin":[8.0,11.44738,10.041221],"angle":22.5,"axis":"x"}}],"display":{"gui":{"rotation":[30,225,0]}}}