{"textures":{"0":"modelengine:entity/mso_taloc_minion"},"elements":[{"from":[7.842272,4.816202,3.1460915],"to":[13.26059,8.20265,12.853909],"faces":{"east":{"uv":[13.4375,1.625,12.5625,1.9375],"tintindex":0,"rotation":0,"texture":"#0"},"south":{"uv":[13.9375,1.6875,13.4375,2.0],"tintindex":0,"rotation":0,"texture":"#0"},"north":{"uv":[13.0625,13.375,12.5625,13.6875],"tintindex":0,"rotation":0,"texture":"#0"},"west":{"uv":[13.3125,11.0,12.4375,11.3125],"tintindex":0,"rotation":0,"texture":"#0"},"up":{"uv":[6.25,11.75,6.75,10.875],"tintindex":0,"rotation":0,"texture":"#0"},"down":{"uv":[10.5625,10.9375,11.0625,11.8125],"tintindex":0,"rotation":0,"texture":"#0"}}},{"from":[1.1822586,2.4456882,5.516605],"to":[4.004299,8.992821,10.483396],"faces":{"east":{"uv":[13.0625,7.1875,12.625,7.8125],"tintindex":0,"rotation":0,"texture":"#0"},"south":{"uv":[11.5625,13.5,11.3125,14.125],"tintindex":0,"rotation":0,"texture":"#0"},"north":{"uv":[11.3125,13.5,11.0625,14.125],"tintindex":0,"rotation":0,"texture":"#0"},"west":{"uv":[13.0625,6.0625,12.625,6.6875],"tintindex":0,"rotation":0,"texture":"#0"},"up":{"uv":[8.6875,8.4375,8.9375,8.0],"tintindex":0,"rotation":0,"texture":"#0"},"down":{"uv":[13.875,4.0,14.125,4.4375],"tintindex":0,"rotation":0,"texture":"#0"}},"rotation":{"origin":[8.576004,6.509426,8.0],"angle":-22.5,"axis":"z"}},{"from":[2.1981926,4.7033195,3.2589731],"to":[8.519562,7.864004,12.741028],"faces":{"east":{"uv":[13.625,8.875,12.75,9.1875],"tintindex":0,"rotation":0,"texture":"#0"},"south":{"uv":[14.0,1.375,13.4375,1.6875],"tintindex":0,"rotation":0,"texture":"#0"},"north":{"uv":[13.875,6.875,13.3125,7.1875],"tintindex":0,"rotation":0,"texture":"#0"},"west":{"uv":[13.625,8.5625,12.75,8.875],"tintindex":0,"rotation":0,"texture":"#0"},"up":{"uv":[0.4375,11.6875,1.0,10.8125],"tintindex":0,"rotation":0,"texture":"#0"},"down":{"uv":[1.0,10.8125,1.5625,11.6875],"tintindex":0,"rotation":0,"texture":"#0"}},"rotation":{"origin":[8.576004,6.509426,8.0],"angle":-22.5,"axis":"z"}},{"from":[2.7626,10.234518,6.0810127],"to":[5.020233,13.508085,9.918987],"faces":{"east":{"uv":[14.3125,13.5625,13.9375,13.875],"tintindex":0,"rotation":0,"texture":"#0"},"south":{"uv":[6.875,14.375,6.6875,14.6875],"tintindex":0,"rotation":0,"texture":"#0"},"north":{"uv":[6.1875,14.375,6.0,14.6875],"tintindex":0,"rotation":0,"texture":"#0"},"west":{"uv":[13.9375,13.9375,13.5625,14.25],"tintindex":0,"rotation":0,"texture":"#0"},"up":{"uv":[11.5625,13.875,11.75,13.5],"tintindex":0,"rotation":0,"texture":"#0"},"down":{"uv":[2.375,14.25,2.5625,14.625],"tintindex":0,"rotation":0,"texture":"#0"}}},{"from":[-0.56620216,-0.848753,6.645421],"to":[1.8996887,6.751873,9.354579],"faces":{"east":{"uv":[13.3125,13.25,13.0625,13.9375],"tintindex":0,"rotation":0,"texture":"#0"},"south":{"uv":[10.0,13.5,9.75,14.1875],"tintindex":0,"rotation":0,"texture":"#0"},"north":{"uv":[9.1875,13.5,8.9375,14.1875],"tintindex":0,"rotation":0,"texture":"#0"},"west":{"uv":[8.9375,13.1875,8.6875,13.875],"tintindex":0,"rotation":0,"texture":"#0"},"up":{"uv":[3.9375,14.625,4.1875,14.375],"tintindex":0,"rotation":0,"texture":"#0"},"down":{"uv":[14.375,4.0625,14.625,4.3125],"tintindex":0,"rotation":0,"texture":"#0"}},"rotation":{"origin":[2.7463017,8.068893,8.0],"angle":22.5,"axis":"z"}},{"from":[2.4803963,-3.0855103,3.1460915],"to":[13.26059,0.30093765,12.853909],"faces":{"east":{"uv":[13.4375,1.9375,12.5625,2.25],"tintindex":0,"rotation":0,"texture":"#0"},"south":{"uv":[13.4375,1.9375,12.5625,2.25],"tintindex":0,"rotation":0,"texture":"#0"},"north":{"uv":[13.4375,1.9375,12.5625,2.25],"tintindex":0,"rotation":0,"texture":"#0"},"west":{"uv":[13.4375,1.9375,12.5625,2.25],"tintindex":0,"rotation":0,"texture":"#0"},"up":{"uv":[9.0,6.8125,10.0,5.9375],"tintindex":0,"rotation":0,"texture":"#0"},"down":{"uv":[9.0625,2.0625,10.0625,2.9375],"tintindex":0,"rotation":0,"texture":"#0"}}},{"from":[2.593279,-0.3763523,3.7104993],"to":[12.413978,8.20265,12.289501],"faces":{"east":{"uv":[10.875,1.75,10.0625,2.5625],"tintindex":0,"rotation":0,"texture":"#0"},"south":{"uv":[3.0625,9.625,3.9375,10.4375],"tintindex":0,"rotation":0,"texture":"#0"},"north":{"uv":[3.9375,9.625,3.0625,10.4375],"tintindex":0,"rotation":0,"texture":"#0"},"west":{"uv":[1.6875,10.0,0.875,10.8125],"tintindex":0,"rotation":0,"texture":"#0"},"up":{"uv":[9.875,0.8125,10.75,0.0],"tintindex":0,"rotation":0,"texture":"#0"},"down":{"uv":[9.9375,3.8125,10.8125,4.625],"tintindex":0,"rotation":0,"texture":"#0"}}}],"display":{"gui":{"rotation":[30,225,0]}}}