{"textures":{"0":"modelengine:entity/mso_taloc_minion"},"elements":[{"from":[6.334997,3.6623683,6.5325394],"to":[9.665005,8.177632,9.467461],"faces":{"east":{"uv":[6.1875,13.9375,5.9375,14.375],"tintindex":0,"rotation":0,"texture":"#0"},"south":{"uv":[9.5,13.75,9.1875,14.1875],"tintindex":0,"rotation":0,"texture":"#0"},"north":{"uv":[8.6875,13.75,8.375,14.1875],"tintindex":0,"rotation":0,"texture":"#0"},"west":{"uv":[5.9375,13.9375,5.6875,14.375],"tintindex":0,"rotation":0,"texture":"#0"},"up":{"uv":[14.125,3.3125,14.4375,3.0625],"tintindex":0,"rotation":0,"texture":"#0"},"down":{"uv":[3.1875,14.125,3.5,14.375],"tintindex":0,"rotation":0,"texture":"#0"}}}],"display":{"gui":{"rotation":[30,225,0]}}}