{"textures":{"0":"modelengine:entity/mso_taloc_minion"},"elements":[{"from":[5.4037232,-5.5892344,6.4721284],"to":[10.596277,-2.992958,7.826708],"faces":{"east":{"uv":[9.3125,11.625,9.4375,11.875],"tintindex":0,"rotation":0,"texture":"#0"},"south":{"uv":[13.875,8.5625,14.375,8.8125],"tintindex":0,"rotation":0,"texture":"#0"},"north":{"uv":[13.875,8.3125,14.375,8.5625],"tintindex":0,"rotation":0,"texture":"#0"},"west":{"uv":[11.75,12.625,11.875,12.875],"tintindex":0,"rotation":0,"texture":"#0"},"up":{"uv":[10.375,0.9375,9.875,0.8125],"tintindex":0,"rotation":0,"texture":"#0"},"down":{"uv":[11.25,0.6875,10.75,0.8125],"tintindex":0,"rotation":0,"texture":"#0"}},"rotation":{"origin":[8.0,-4.5732994,7.883148],"angle":-22.5,"axis":"x"}},{"from":[5.2908416,-2.2161999,5.762152],"to":[10.709159,2.7916756,12.448584],"faces":{"east":{"uv":[4.5,12.625,5.125,13.0625],"tintindex":0,"rotation":0,"texture":"#0"},"south":{"uv":[6.0625,7.9375,6.5625,8.375],"tintindex":0,"rotation":0,"texture":"#0"},"north":{"uv":[2.4375,7.875,2.9375,8.3125],"tintindex":0,"rotation":0,"texture":"#0"},"west":{"uv":[5.125,12.625,4.5,13.0625],"tintindex":0,"rotation":0,"texture":"#0"},"up":{"uv":[12.625,4.25,12.125,3.625],"tintindex":0,"rotation":0,"texture":"#0"},"down":{"uv":[12.8125,2.375,12.3125,3.0],"tintindex":0,"rotation":0,"texture":"#0"}},"rotation":{"origin":[8.0,-1.4978256,8.697074],"angle":-22.5,"axis":"x"}},{"from":[6.509863,7.225588,1.641974],"to":[9.9514,8.651119,3.3479557],"faces":{"east":{"uv":[12.5625,2.25,12.75,2.375],"tintindex":0,"rotation":0,"texture":"#0"},"south":{"uv":[13.4375,7.6875,13.75,7.8125],"tintindex":0,"rotation":0,"texture":"#0"},"north":{"uv":[12.75,10.1875,13.0625,10.3125],"tintindex":0,"rotation":0,"texture":"#0"},"west":{"uv":[13.0,0.5625,13.1875,0.6875],"tintindex":0,"rotation":0,"texture":"#0"},"up":{"uv":[14.6875,6.25,14.375,6.0625],"tintindex":0,"rotation":0,"texture":"#0"},"down":{"uv":[14.6875,6.8125,14.375,7.0],"tintindex":0,"rotation":0,"texture":"#0"}},"rotation":{"origin":[8.0,7.3815613,2.5231848],"angle":22.5,"axis":"z"}},{"from":[6.1374536,6.7788925,1.5290923],"to":[9.862547,7.98423,3.5172777],"faces":{"east":{"uv":[13.375,8.4375,13.5625,8.5625],"tintindex":0,"rotation":0,"texture":"#0"},"south":{"uv":[14.5,4.9375,14.875,5.0625],"tintindex":0,"rotation":0,"texture":"#0"},"north":{"uv":[14.5,4.8125,14.875,4.9375],"tintindex":0,"rotation":0,"texture":"#0"},"west":{"uv":[13.4375,9.4375,13.625,9.5625],"tintindex":0,"rotation":0,"texture":"#0"},"up":{"uv":[14.625,6.6875,14.25,6.5],"tintindex":0,"rotation":0,"texture":"#0"},"down":{"uv":[14.625,11.0,14.25,11.1875],"tintindex":0,"rotation":0,"texture":"#0"}}},{"from":[5.2908416,-6.0695295,7.0602903],"to":[10.709159,-3.1346083,10.333857],"faces":{"east":{"uv":[6.6875,14.125,7.0,14.375],"tintindex":0,"rotation":0,"texture":"#0"},"south":{"uv":[13.75,7.6875,14.25,7.9375],"tintindex":0,"rotation":0,"texture":"#0"},"north":{"uv":[13.75,0.3125,14.25,0.5625],"tintindex":0,"rotation":0,"texture":"#0"},"west":{"uv":[6.6875,14.125,7.0,14.375],"tintindex":0,"rotation":0,"texture":"#0"},"up":{"uv":[14.0625,1.3125,13.5625,1.0],"tintindex":0,"rotation":0,"texture":"#0"},"down":{"uv":[14.0625,12.0625,13.5625,12.375],"tintindex":0,"rotation":0,"texture":"#0"}}},{"from":[6.1374536,-4.3763065,5.0848627],"to":[9.862547,-1.723589,6.213679],"faces":{"east":{"uv":[1.3125,14.5,1.4375,14.75],"tintindex":0,"rotation":0,"texture":"#0"},"south":{"uv":[11.875,7.1875,12.25,7.4375],"tintindex":0,"rotation":0,"texture":"#0"},"north":{"uv":[10.5,1.5,10.875,1.75],"tintindex":0,"rotation":0,"texture":"#0"},"west":{"uv":[14.5,7.0,14.625,7.25],"tintindex":0,"rotation":0,"texture":"#0"},"up":{"uv":[14.875,2.75,14.5,2.625],"tintindex":0,"rotation":0,"texture":"#0"},"down":{"uv":[14.875,4.6875,14.5,4.8125],"tintindex":0,"rotation":0,"texture":"#0"}}},{"from":[7.2662697,-2.8446178,3.3075123],"to":[8.73373,-1.3570766,5.2264996],"faces":{"east":{"uv":[10.25,9.25,10.4375,9.375],"tintindex":0,"rotation":0,"texture":"#0"},"south":{"uv":[14.1875,13.0,14.3125,13.125],"tintindex":0,"rotation":0,"texture":"#0"},"north":{"uv":[3.1875,14.0,3.3125,14.125],"tintindex":0,"rotation":0,"texture":"#0"},"west":{"uv":[5.5,12.3125,5.6875,12.4375],"tintindex":0,"rotation":0,"texture":"#0"},"up":{"uv":[5.8125,10.875,5.6875,10.6875],"tintindex":0,"rotation":0,"texture":"#0"},"down":{"uv":[1.5,13.6875,1.375,13.875],"tintindex":0,"rotation":0,"texture":"#0"}}},{"from":[7.2662697,0.4575224,2.77079],"to":[8.73373,1.9450636,4.125369],"faces":{"east":{"uv":[13.4375,10.0625,13.5625,10.1875],"tintindex":0,"rotation":0,"texture":"#0"},"south":{"uv":[1.125,13.5625,1.25,13.6875],"tintindex":0,"rotation":0,"texture":"#0"},"north":{"uv":[9.75,13.375,9.875,13.5],"tintindex":0,"rotation":0,"texture":"#0"},"west":{"uv":[3.3125,13.5625,3.4375,13.6875],"tintindex":0,"rotation":0,"texture":"#0"},"up":{"uv":[14.0,4.5625,13.875,4.4375],"tintindex":0,"rotation":0,"texture":"#0"},"down":{"uv":[14.0625,1.875,13.9375,2.0],"tintindex":0,"rotation":0,"texture":"#0"}},"rotation":{"origin":[8.0,0.33650112,3.3916388],"angle":-22.5,"axis":"x"}},{"from":[5.85525,-2.3645172,4.125369],"to":[10.144751,7.0247364,6.339318],"faces":{"east":{"uv":[7.5,13.375,7.6875,14.25],"tintindex":0,"rotation":0,"texture":"#0"},"south":{"uv":[11.9375,2.375,12.3125,3.25],"tintindex":0,"rotation":0,"texture":"#0"},"north":{"uv":[1.5,11.9375,1.875,12.8125],"tintindex":0,"rotation":0,"texture":"#0"},"west":{"uv":[7.6875,13.375,7.875,14.25],"tintindex":0,"rotation":0,"texture":"#0"},"up":{"uv":[12.6875,8.75,12.3125,8.5625],"tintindex":0,"rotation":0,"texture":"#0"},"down":{"uv":[13.0,4.0625,12.625,4.25],"tintindex":0,"rotation":0,"texture":"#0"}},"rotation":{"origin":[8.0,0.33650112,3.3916388],"angle":-22.5,"axis":"x"}},{"from":[5.85525,-3.8118973,6.213679],"to":[10.144751,-2.0057926,11.1804695],"faces":{"east":{"uv":[14.0625,5.25,14.5,5.4375],"tintindex":0,"rotation":0,"texture":"#0"},"south":{"uv":[14.3125,0.75,14.6875,0.9375],"tintindex":0,"rotation":0,"texture":"#0"},"north":{"uv":[14.3125,0.5625,14.6875,0.75],"tintindex":0,"rotation":0,"texture":"#0"},"west":{"uv":[14.125,11.875,14.5625,12.0625],"tintindex":0,"rotation":0,"texture":"#0"},"up":{"uv":[13.6875,5.0,13.3125,4.5625],"tintindex":0,"rotation":0,"texture":"#0"},"down":{"uv":[13.6875,6.4375,13.3125,6.875],"tintindex":0,"rotation":0,"texture":"#0"}}},{"from":[5.008638,1.2677746,4.2382507],"to":[10.991363,5.049308,11.6884365],"faces":{"east":{"uv":[12.75,9.8125,13.4375,10.1875],"tintindex":0,"rotation":0,"texture":"#0"},"south":{"uv":[12.75,9.8125,13.4375,10.1875],"tintindex":0,"rotation":0,"texture":"#0"},"north":{"uv":[13.0,1.0,13.5625,1.375],"tintindex":0,"rotation":0,"texture":"#0"},"west":{"uv":[12.75,9.8125,13.4375,10.1875],"tintindex":0,"rotation":0,"texture":"#0"},"up":{"uv":[6.75,12.4375,6.1875,11.75],"tintindex":0,"rotation":0,"texture":"#0"},"down":{"uv":[10.8125,11.8125,10.25,12.5],"tintindex":0,"rotation":0,"texture":"#0"}}},{"from":[5.2908416,5.049308,4.5204544],"to":[10.709159,8.266434,11.406233],"faces":{"east":{"uv":[13.1875,2.25,13.8125,2.5625],"tintindex":0,"rotation":0,"texture":"#0"},"south":{"uv":[13.5625,13.25,14.0625,13.5625],"tintindex":0,"rotation":0,"texture":"#0"},"north":{"uv":[13.5625,12.375,14.0625,12.6875],"tintindex":0,"rotation":0,"texture":"#0"},"west":{"uv":[13.1875,2.5625,13.8125,2.875],"tintindex":0,"rotation":0,"texture":"#0"},"up":{"uv":[12.4375,11.3125,11.9375,10.6875],"tintindex":0,"rotation":0,"texture":"#0"},"down":{"uv":[2.375,12.0,1.875,12.625],"tintindex":0,"rotation":0,"texture":"#0"}}},{"from":[7.2662697,3.5201292,1.4813747],"to":[8.73373,5.0076704,3.4003615],"faces":{"east":{"uv":[1.625,4.5625,1.8125,4.6875],"tintindex":0,"rotation":0,"texture":"#0"},"south":{"uv":[10.375,0.8125,10.5,0.9375],"tintindex":0,"rotation":0,"texture":"#0"},"north":{"uv":[7.25,3.875,7.375,4.0],"tintindex":0,"rotation":0,"texture":"#0"},"west":{"uv":[0.9375,6.0,1.125,6.125],"tintindex":0,"rotation":0,"texture":"#0"},