{"textures":{"0":"modelengine:entity/mso_taloc_minion"},"elements":[{"from":[2.1162157,10.861057,5.814824],"to":[4.949149,12.822319,7.5581675],"faces":{"east":{"uv":[12.875,4.5625,12.6875,4.75],"tintindex":0,"rotation":0,"texture":"#0"},"south":{"uv":[12.3125,5.625,12.0625,5.8125],"tintindex":0,"rotation":0,"texture":"#0"},"north":{"uv":[11.0625,11.8125,10.8125,12.0],"tintindex":0,"rotation":0,"texture":"#0"},"west":{"uv":[11.25,7.4375,11.0625,7.625],"tintindex":0,"rotation":0,"texture":"#0"},"up":{"uv":[14.375,11.875,14.625,11.6875],"tintindex":0,"rotation":0,"texture":"#0"},"down":{"uv":[14.4375,9.4375,14.6875,9.625],"tintindex":0,"rotation":0,"texture":"#0"}}},{"from":[4.7312307,5.003273,2.3281374],"to":[11.268769,8.48996,8.647757],"faces":{"east":{"uv":[13.25,3.5625,13.8125,3.875],"tintindex":0,"rotation":0,"texture":"#0"},"south":{"uv":[12.875,11.3125,13.5,11.625],"tintindex":0,"rotation":0,"texture":"#0"},"north":{"uv":[4.3125,8.5,4.9375,8.8125],"tintindex":0,"rotation":0,"texture":"#0"},"west":{"uv":[13.25,3.875,13.8125,4.1875],"tintindex":0,"rotation":0,"texture":"#0"},"up":{"uv":[12.5625,1.8125,11.9375,1.25],"tintindex":0,"rotation":0,"texture":"#0"},"down":{"uv":[12.5625,1.8125,11.9375,2.375],"tintindex":0,"rotation":0,"texture":"#0"}},"rotation":{"origin":[8.0,6.092861,5.0521116],"angle":-22.5,"axis":"x"}},{"from":[11.050851,10.861057,5.814824],"to":[13.883784,12.822319,7.5581675],"faces":{"east":{"uv":[11.0625,7.4375,11.25,7.625],"tintindex":0,"rotation":0,"texture":"#0"},"south":{"uv":[12.0625,5.625,12.3125,5.8125],"tintindex":0,"rotation":0,"texture":"#0"},"north":{"uv":[10.8125,11.8125,11.0625,12.0],"tintindex":0,"rotation":0,"texture":"#0"},"west":{"uv":[12.6875,4.5625,12.875,4.75],"tintindex":0,"rotation":0,"texture":"#0"},"up":{"uv":[14.625,11.875,14.375,11.6875],"tintindex":0,"rotation":0,"texture":"#0"},"down":{"uv":[14.6875,9.4375,14.4375,9.625],"tintindex":0,"rotation":0,"texture":"#0"}}},{"from":[3.6416416,8.054123,2.9818907],"to":[5.820821,13.284153,7.9940033],"faces":{"east":{"uv":[10.625,12.875,11.0625,13.375],"tintindex":0,"rotation":0,"texture":"#0"},"south":{"uv":[7.875,13.875,8.0625,14.375],"tintindex":0,"rotation":0,"texture":"#0"},"north":{"uv":[1.6875,13.875,1.875,14.375],"tintindex":0,"rotation":0,"texture":"#0"},"west":{"uv":[12.625,12.875,13.0625,13.375],"tintindex":0,"rotation":0,"texture":"#0"},"up":{"uv":[14.25,10.9375,14.0625,10.5],"tintindex":0,"rotation":0,"texture":"#0"},"down":{"uv":[11.75,14.0625,11.5625,14.5],"tintindex":0,"rotation":0,"texture":"#0"}},"rotation":{"origin":[6.9104104,10.66914,6.0327415],"angle":22.5,"axis":"y"}},{"from":[4.295395,7.182453,1.1513805],"to":[11.704605,13.937908,5.16107],"faces":{"east":{"uv":[1.5,12.8125,1.875,13.4375],"tintindex":0,"rotation":0,"texture":"#0"},"south":{"uv":[0.4375,11.6875,1.125,12.3125],"tintindex":0,"rotation":0,"texture":"#0"},"north":{"uv":[11.4375,0.0,12.125,0.625],"tintindex":0,"rotation":0,"texture":"#0"},"west":{"uv":[12.8125,2.25,13.1875,2.875],"tintindex":0,"rotation":0,"texture":"#0"},"up":{"uv":[13.3125,12.5,12.625,12.125],"tintindex":0,"rotation":0,"texture":"#0"},"down":{"uv":[13.3125,12.5,12.625,12.875],"tintindex":0,"rotation":0,"texture":"#0"}}},{"from":[4.5133133,6.3107796,2.9818907],"to":[11.486687,15.027496,9.083593],"faces":{"east":{"uv":[10.875,1.5,11.4375,2.3125],"tintindex":0,"rotation":0,"texture":"#0"},"south":{"uv":[10.625,8.4375,11.25,9.25],"tintindex":0,"rotation":0,"texture":"#0"},"north":{"uv":[10.625,7.625,11.25,8.4375],"tintindex":0,"rotation":0,"texture":"#0"},"west":{"uv":[5.6875,10.875,6.25,11.6875],"tintindex":0,"rotation":0,"texture":"#0"},"up":{"uv":[8.75,12.3125,8.125,11.75],"tintindex":0,"rotation":0,"texture":"#0"},"down":{"uv":[12.375,9.25,11.75,9.8125],"tintindex":0,"rotation":0,"texture":"#0"}}},{"from":[11.050851,8.610043,6.0327415],"to":[14.31962,10.135468,7.5581675],"faces":{"east":{"uv":[14.25,14.125,14.375,14.25],"tintindex":0,"rotation":0,"texture":"#0"},"south":{"uv":[14.375,8.6875,14.6875,8.8125],"tintindex":0,"rotation":0,"texture":"#0"},"north":{"uv":[13.875,7.0625,14.1875,7.1875],"tintindex":0,"rotation":0,"texture":"#0"},"west":{"uv":[14.3125,13.0,14.4375,13.125],"tintindex":0,"rotation":0,"texture":"#0"},"up":{"uv":[14.6875,10.0625,14.375,9.9375],"tintindex":0,"rotation":0,"texture":"#0"},"down":{"uv":[14.8125,0.25,14.5,0.375],"tintindex":0,"rotation":0,"texture":"#0"}}},{"from":[6.0387387,8.538387,0.4976263],"to":[9.961262,12.194565,1.1513805],"faces":{"east":{"uv":[4.0,5.625,4.0625,5.9375],"tintindex":0,"rotation":0,"texture":"#0"},"south":{"uv":[4.5,13.875,4.875,14.1875],"tintindex":0,"rotation":0,"texture":"#0"},"north":{"uv":[13.8125,2.5,14.1875,2.8125],"tintindex":0,"rotation":0,"texture":"#0"},"west":{"uv":[4.0,5.9375,4.0625,6.25],"tintindex":0,"rotation":0,"texture":"#0"},"up":{"uv":[4.4375,5.1875,4.0625,5.125],"tintindex":0,"rotation":0,"texture":"#0"},"down":{"uv":[5.75,3.0,5.375,3.0625],"tintindex":0,"rotation":0,"texture":"#0"}}},{"from":[6.343824,12.238148,2.3717203],"to":[9.656177,16.945175,6.7300797],"faces":{"east":{"uv":[6.125,13.0625,6.5625,13.5],"tintindex":0,"rotation":0,"texture":"#0"},"south":{"uv":[13.625,12.6875,13.9375,13.125],"tintindex":0,"rotation":0,"texture":"#0"},"north":{"uv":[13.625,10.0625,13.9375,10.5],"tintindex":0,"rotation":0,"texture":"#0"},"west":{"uv":[13.1875,0.5625,13.625,1.0],"tintindex":0,"rotation":0,"texture":"#0"},"up":{"uv":[14.0625,10.9375,13.75,10.5],"tintindex":0,"rotation":0,"texture":"#0"},"down":{"uv":[0.5625,13.8125,0.25,14.25],"tintindex":0,"rotation":0,"texture":"#0"}},"rotation":{"origin":[8.0,10.66914,6.0327415],"angle":-22.5,"axis":"x"}},{"from":[10.179179,8.054123,2.9818907],"to":[12.358358,13.284153,7.9940033],"faces":{"east":{"uv":[12.875,6.6875,13.3125,7.1875],"tintindex":0,"rotation":0,"texture":"#0"},"south":{"uv":[3.625,13.6875,3.8125,14.1875],"tintindex":0,"rotation":0,"texture":"#0"},"north":{"uv":[5.5,11.8125,5.6875,12.3125],"tintindex":0,"rotation":0,"texture":"#0"},"west":{"uv":[10.1875,12.875,10.625,13.375],"tintindex":0,"rotation":0,"texture":"#0"},"up":{"uv":[1.125,12.75,0.9375,12.3125],"tintindex":0,"rotation":0,"texture":"#0"},"down":{"uv":[6.5625,14.0625,6.375,14.5],"tintindex":0,"rotation":0,"texture":"#0"}},"rotation":{"origin":[9.08959,10.66914,6.0327415],"angle":-22.5,"axis":"y"}},{"from":[6.2566566,15.201832,1.9358845],"to":[9.743343,16.945175,6.642912],"faces":{"east":{"uv":[14.1875,10.0625,14.625,10.25],"tintindex":0,"rotation":0,"texture":"#0"},"south":{"uv":[14.375,8.25,14.6875,8.4375],"tintindex":0,"rotation":0,"texture":"#0"},"north":{"uv":[14.375,8.0625,14.6875,8.25],"tintindex":0,"rotation":0,"texture":"#0"},"west":{"uv":[10.1875,14.1875,10.625,14.375],"tintindex":0,"rotation":0,"texture":"#0"},"up":{"uv":[3.625,14.125,3.3125,13.6875],"tintindex":0,"rotation":0,"texture":"#0"},"down":{"uv":[14.0,4.5625,13.6875,5.0],"tintindex":0,"rotation":0,"texture":"#0"}},"rotation":{"origin":[8.0,11.104977,2.6332226],"angle":22.5,"axis":"x"}},{"from":[1.6803799,8.610043,6.0327415],"to":[4.949149,10.135468,7.5581675],"faces":{"east":{"uv":[14.4375,13.0,14.3125,13.125],"tintindex":0,"rotation":0,"texture":"#0"},"south":{"uv":[14.6875,8.6875,14.375,8.8125],"tintindex":0,"rotation":0,"texture":"#0"},"north":{"uv":[14.1875,7.0625,13.875,7.1875],"tintindex":0,"rotation":0,"texture":"#0"},"west":{"uv":[14.375,14.125,14.25,14.25],"tintindex":0,"rotation":0,"texture":"#0"},"up":{"uv":[14.375,10.0625,14.6875,9.9375],"tintindex":0,"rotation":0,"texture":"#0"},"down":{"uv":[14.5,0.25,14.8125,0.375],"tintindex":0,"rotation":0,"texture":"#0"}}}],"display":{"gui":{"rotation":[30,225,0]}}}