{"textures":{"0":"modelengine:entity/mso_taloc_minion"},"elements":[{"from":[6.5608397,-2.6808815,2.2862854],"to":[14.697196,9.341011,14.251735],"faces":{"east":{"uv":[2.9375,7.3125,4.0,8.4375],"tintindex":0,"rotation":0,"texture":"#0"},"south":{"uv":[6.0625,8.875,5.3125,10.0],"tintindex":0,"rotation":0,"texture":"#0"},"north":{"uv":[5.3125,8.875,6.0625,10.0],"tintindex":0,"rotation":0,"texture":"#0"},"west":{"uv":[7.375,3.4375,8.4375,4.5625],"tintindex":0,"rotation":0,"texture":"#0"},"up":{"uv":[8.9375,10.1875,8.1875,9.125],"tintindex":0,"rotation":0,"texture":"#0"},"down":{"uv":[2.4375,9.3125,1.6875,10.375],"tintindex":0,"rotation":0,"texture":"#0"}}},{"from":[6.4568396,0.5926857,-0.9872818],"to":[9.843287,11.937286,16.960892],"faces":{"east":{"uv":[3.5625,0.0,5.1875,1.0625],"tintindex":0,"rotation":0,"texture":"#0"},"south":{"uv":[0.0,11.9375,0.3125,13.0],"tintindex":0,"rotation":0,"texture":"#0"},"north":{"uv":[5.1875,11.8125,5.5,12.875],"tintindex":0,"rotation":0,"texture":"#0"},"west":{"uv":[3.5625,1.0625,5.1875,2.125],"tintindex":0,"rotation":0,"texture":"#0"},"up":{"uv":[2.375,12.0,2.0625,10.375],"tintindex":0,"rotation":0,"texture":"#0"},"down":{"uv":[2.6875,10.625,2.375,12.25],"tintindex":0,"rotation":0,"texture":"#0"}}},{"from":[9.843287,0.5926857,0.1415348],"to":[11.762275,10.808472,15.832077],"faces":{"east":{"uv":[5.9375,4.0,7.375,4.9375],"tintindex":0,"rotation":0,"texture":"#0"},"south":{"uv":[3.8125,13.375,4.0,14.3125],"tintindex":0,"rotation":0,"texture":"#0"},"north":{"uv":[5.1875,1.1875,5.375,2.125],"tintindex":0,"rotation":0,"texture":"#0"},"west":{"uv":[3.5,6.375,4.9375,7.3125],"tintindex":0,"rotation":0,"texture":"#0"},"up":{"uv":[8.9375,13.1875,8.75,11.75],"tintindex":0,"rotation":0,"texture":"#0"},"down":{"uv":[9.875,11.9375,9.6875,13.375],"tintindex":0,"rotation":0,"texture":"#0"}}},{"from":[12.55587,-3.0195236,2.399167],"to":[17.180592,8.084293,14.138853],"faces":{"east":{"uv":[6.5625,7.4375,7.625,8.4375],"tintindex":0,"rotation":0,"texture":"#0"},"south":{"uv":[11.9375,5.8125,11.5,6.8125],"tintindex":0,"rotation":0,"texture":"#0"},"north":{"uv":[11.5,5.8125,11.9375,6.8125],"tintindex":0,"rotation":0,"texture":"#0"},"west":{"uv":[7.625,7.4375,8.6875,8.4375],"tintindex":0,"rotation":0,"texture":"#0"},"up":{"uv":[11.5,6.875,11.0625,5.8125],"tintindex":0,"rotation":0,"texture":"#0"},"down":{"uv":[11.5,10.9375,11.0625,12.0],"tintindex":0,"rotation":0,"texture":"#0"}},"rotation":{"origin":[16.785507,3.3300667,8.26901],"angle":-22.5,"axis":"z"}},{"from":[21.437088,-3.7489967,3.1893377],"to":[23.837914,-0.080345154,13.348681],"faces":{"east":{"uv":[11.9375,3.25,12.875,3.625],"tintindex":0,"rotation":0,"texture":"#0"},"south":{"uv":[14.125,5.5625,14.375,5.9375],"tintindex":0,"rotation":0,"texture":"#0"},"north":{"uv":[14.125,4.0625,14.375,4.4375],"tintindex":0,"rotation":0,"texture":"#0"},"west":{"uv":[11.9375,11.3125,12.875,11.6875],"tintindex":0,"rotation":0,"texture":"#0"},"up":{"uv":[12.0,13.875,11.75,12.9375],"tintindex":0,"rotation":0,"texture":"#0"},"down":{"uv":[12.25,12.9375,12.0,13.875],"tintindex":0,"rotation":0,"texture":"#0"}},"rotation":{"origin":[20.781303,0.9052391,8.26901],"angle":22.5,"axis":"z"}},{"from":[22.283703,-0.36254883,3.753746],"to":[25.531136,4.987377,12.784274],"faces":{"east":{"uv":[11.25,8.75,12.0625,9.25],"tintindex":0,"rotation":0,"texture":"#0"},"south":{"uv":[12.25,13.6875,12.5625,14.1875],"tintindex":0,"rotation":0,"texture":"#0"},"north":{"uv":[7.0,13.6875,7.3125,14.1875],"tintindex":0,"rotation":0,"texture":"#0"},"west":{"uv":[6.75,11.6875,7.5625,12.1875],"tintindex":0,"rotation":0,"texture":"#0"},"up":{"uv":[9.25,13.5,8.9375,12.6875],"tintindex":0,"rotation":0,"texture":"#0"},"down":{"uv":[1.25,12.75,0.9375,13.5625],"tintindex":0,"rotation":0,"texture":"#0"}},"rotation":{"origin":[20.781303,0.9052391,8.26901],"angle":22.5,"axis":"z"}},{"from":[14.7206335,-0.98339844,2.5120487],"to":[18.940262,9.341011,14.025971],"faces":{"east":{"uv":[2.4375,8.4375,3.5,9.375],"tintindex":0,"rotation":0,"texture":"#0"},"south":{"uv":[3.5,11.6875,3.125,12.625],"tintindex":0,"rotation":0,"texture":"#0"},"north":{"uv":[3.125,11.6875,3.5,12.625],"tintindex":0,"rotation":0,"texture":"#0"},"west":{"uv":[8.4375,3.4375,9.5,4.375],"tintindex":0,"rotation":0,"texture":"#0"},"up":{"uv":[9.3125,12.6875,8.9375,11.625],"tintindex":0,"rotation":0,"texture":"#0"},"down":{"uv":[1.5,11.6875,1.125,12.75],"tintindex":0,"rotation":0,"texture":"#0"}},"rotation":{"origin":[14.708915,3.3268127,8.26901],"angle":-45.0,"axis":"z"}},{"from":[11.878581,8.084293,4.656799],"to":[17.180592,9.8904,11.881221],"faces":{"east":{"uv":[11.5625,13.875,12.25,14.0625],"tintindex":0,"rotation":0,"texture":"#0"},"south":{"uv":[11.4375,2.125,11.9375,2.3125],"tintindex":0,"rotation":0,"texture":"#0"},"north":{"uv":[4.8125,9.8125,5.3125,10.0],"tintindex":0,"rotation":0,"texture":"#0"},"west":{"uv":[13.9375,1.6875,14.625,1.875],"tintindex":0,"rotation":0,"texture":"#0"},"up":{"uv":[8.0625,12.75,7.5625,12.0625],"tintindex":0,"rotation":0,"texture":"#0"},"down":{"uv":[12.625,0.0,12.125,0.6875],"tintindex":0,"rotation":0,"texture":"#0"}},"rotation":{"origin":[16.785507,3.3300667,8.26901],"angle":-22.5,"axis":"z"}},{"from":[13.817582,-0.080345154,2.6249304],"to":[23.273506,3.8585625,13.91309],"faces":{"east":{"uv":[11.875,4.75,12.875,5.125],"tintindex":0,"rotation":0,"texture":"#0"},"south":{"uv":[13.3125,10.625,12.4375,11.0],"tintindex":0,"rotation":0,"texture":"#0"},"north":{"uv":[12.4375,10.625,13.3125,11.0],"tintindex":0,"rotation":0,"texture":"#0"},"west":{"uv":[11.875,6.8125,12.875,7.1875],"tintindex":0,"rotation":0,"texture":"#0"},"up":{"uv":[1.6875,10.0,0.8125,9.0],"tintindex":0,"rotation":0,"texture":"#0"},"down":{"uv":[9.9375,4.375,9.0625,5.375],"tintindex":0,"rotation":0,"texture":"#0"}},"rotation":{"origin":[20.781303,0.9052391,8.26901],"angle":22.5,"axis":"z"}},{"from":[5.7795496,9.341011,4.5439167],"to":[14.697196,11.147118,11.9941025],"faces":{"east":{"uv":[12.625,8.0625,13.3125,8.25],"tintindex":0,"rotation":0,"texture":"#0"},"south":{"uv":[13.625,9.4375,14.4375,9.625],"tintindex":0,"rotation":0,"texture":"#0"},"north":{"uv":[7.6875,1.875,8.5,2.0625],"tintindex":0,"rotation":0,"texture":"#0"},"west":{"uv":[13.875,8.8125,14.5625,9.0],"tintindex":0,"rotation":0,"texture":"#0"},"up":{"uv":[3.875,11.125,3.0625,10.4375],"tintindex":0,"rotation":0,"texture":"#0"},"down":{"uv":[11.3125,0.8125,10.5,1.5],"tintindex":0,"rotation":0,"texture":"#0"}}},{"from":[14.043345,9.341011,4.76968],"to":[18.940262,10.921352,11.768339],"faces":{"east":{"uv":[8.4375,4.375,9.0625,4.5625],"tintindex":0,"rotation":0,"texture":"#0"},"south":{"uv":[9.75,14.1875,10.1875,14.375],"tintindex":0,"rotation":0,"texture":"#0"},"north":{"uv":[8.9375,14.1875,9.375,14.375],"tintindex":0,"rotation":0,"texture":"#0"},"west":{"uv":[11.25,4.75,11.875,4.9375],"tintindex":0,"rotation":0,"texture":"#0"},"up":{"uv":[6.5625,13.0625,6.125,12.4375],"tintindex":0,"rotation":0,"texture":"#0"},"down":{"uv":[13.0,1.0,12.5625,1.625],"tintindex":0,"rotation":0,"texture":"#0"}},"rotation":{"origin":[14.708915,3.3268127,8.26901],"angle":-45.0,"axis":"z"}}],"display":{"gui":{"rotation":[30,225,0]}}}