{"textures":{"0":"modelengine:entity/mso_taloc_minion"},"elements":[{"from":[4.8300076,-3.207839,5.8677764],"to":[12.280192,2.060238,11.135853],"faces":{"east":{"uv":[2.9375,6.75,3.4375,7.25],"tintindex":0,"rotation":0,"texture":"#0"},"south":{"uv":[12.0625,5.125,12.75,5.625],"tintindex":0,"rotation":0,"texture":"#0"},"north":{"uv":[10.8125,12.0,11.5,12.5],"tintindex":0,"rotation":0,"texture":"#0"},"west":{"uv":[7.375,5.9375,7.875,6.4375],"tintindex":0,"rotation":0,"texture":"#0"},"up":{"uv":[12.75,9.25,12.0625,8.75],"tintindex":0,"rotation":0,"texture":"#0"},"down":{"uv":[12.75,9.8125,12.0625,10.3125],"tintindex":0,"rotation":0,"texture":"#0"}},"rotation":{"origin":[8.5550995,1.6460705,7.4107604],"angle":-45.0,"axis":"x"}},{"from":[4.717126,0.8478756,6.026845],"to":[12.393074,9.426878,13.477031],"faces":{"east":{"uv":[7.5,10.375,8.1875,11.1875],"tintindex":0,"rotation":0,"texture":"#0"},"south":{"uv":[10.375,6.8125,11.0625,7.625],"tintindex":0,"rotation":0,"texture":"#0"},"north":{"uv":[6.8125,10.375,7.5,11.1875],"tintindex":0,"rotation":0,"texture":"#0"},"west":{"uv":[10.5625,10.125,11.25,10.9375],"tintindex":0,"rotation":0,"texture":"#0"},"up":{"uv":[11.4375,0.6875,10.75,0.0],"tintindex":0,"rotation":0,"texture":"#0"},"down":{"uv":[10.5625,10.8125,9.875,11.5],"tintindex":0,"rotation":0,"texture":"#0"}}}],"display":{"gui":{"rotation":[30,225,0]}}}