{"textures":{"0":"modelengine:entity/mso_taloc_minion"},"elements":[{"from":[15.397446,8.693905,1.7441502],"to":[18.40574,15.960094,12.666574],"faces":{"east":{"uv":[10.0,5.4375,11.0,6.125],"tintindex":0,"rotation":0,"texture":"#0"},"south":{"uv":[12.25,13.0,12.5625,13.6875],"tintindex":0,"rotation":0,"texture":"#0"},"north":{"uv":[7.0625,13.0,7.375,13.6875],"tintindex":0,"rotation":0,"texture":"#0"},"west":{"uv":[10.0,6.125,11.0,6.8125],"tintindex":0,"rotation":0,"texture":"#0"},"up":{"uv":[2.9375,13.625,2.625,12.625],"tintindex":0,"rotation":0,"texture":"#0"},"down":{"uv":[3.25,12.625,2.9375,13.625],"tintindex":0,"rotation":0,"texture":"#0"}},"rotation":{"origin":[16.832172,10.336897,7.2053623],"angle":45.0,"axis":"z"}},{"from":[-2.4057407,8.693905,1.7441502],"to":[0.60255384,15.960094,12.666574],"faces":{"east":{"uv":[5.375,2.3125,6.375,3.0],"tintindex":0,"rotation":0,"texture":"#0"},"south":{"uv":[6.75,13.0,7.0625,13.6875],"tintindex":0,"rotation":0,"texture":"#0"},"north":{"uv":[0.0,13.0,0.3125,13.6875],"tintindex":0,"rotation":0,"texture":"#0"},"west":{"uv":[4.8125,10.0,5.8125,10.6875],"tintindex":0,"rotation":0,"texture":"#0"},"up":{"uv":[11.4375,13.5,11.125,12.5],"tintindex":0,"rotation":0,"texture":"#0"},"down":{"uv":[2.1875,12.625,1.875,13.625],"tintindex":0,"rotation":0,"texture":"#0"}},"rotation":{"origin":[-0.83217144,10.336897,7.2053623],"angle":-45.0,"axis":"z"}},{"from":[-0.13326454,13.107872,1.4201803],"to":[2.9213119,17.597172,12.990544],"faces":{"east":{"uv":[11.25,4.3125,12.3125,4.75],"tintindex":0,"rotation":0,"texture":"#0"},"south":{"uv":[10.625,13.8125,10.9375,14.25],"tintindex":0,"rotation":0,"texture":"#0"},"north":{"uv":[13.8125,3.5625,14.125,4.0],"tintindex":0,"rotation":0,"texture":"#0"},"west":{"uv":[11.25,7.4375,12.3125,7.875],"tintindex":0,"rotation":0,"texture":"#0"},"up":{"uv":[12.625,6.6875,12.3125,5.625],"tintindex":0,"rotation":0,"texture":"#0"},"down":{"uv":[12.625,7.1875,12.3125,8.25],"tintindex":0,"rotation":0,"texture":"#0"}},"rotation":{"origin":[1.3940239,15.352522,7.2053623],"angle":22.5,"axis":"z"}},{"from":[2.4462252,7.609005,2.1144018],"to":[13.553775,14.088409,12.296323],"faces":{"east":{"uv":[10.375,2.5625,11.3125,3.1875],"tintindex":0,"rotation":0,"texture":"#0"},"south":{"uv":[5.8125,10.25,6.8125,10.875],"tintindex":0,"rotation":0,"texture":"#0"},"north":{"uv":[9.5625,10.1875,10.5625,10.8125],"tintindex":0,"rotation":0,"texture":"#0"},"west":{"uv":[10.375,3.1875,11.3125,3.8125],"tintindex":0,"rotation":0,"texture":"#0"},"up":{"uv":[9.875,0.9375,8.875,0.0],"tintindex":0,"rotation":0,"texture":"#0"},"down":{"uv":[5.3125,8.875,4.3125,9.8125],"tintindex":0,"rotation":0,"texture":"#0"}}},{"from":[13.044679,11.913181,1.512743],"to":[16.191818,15.199163,12.897981],"faces":{"east":{"uv":[12.3125,8.25,13.375,8.5625],"tintindex":0,"rotation":0,"texture":"#0"},"south":{"uv":[14.0625,13.25,14.375,13.5625],"tintindex":0,"rotation":0,"texture":"#0"},"north":{"uv":[14.0625,12.375,14.375,12.6875],"tintindex":0,"rotation":0,"texture":"#0"},"west":{"uv":[12.375,9.25,13.4375,9.5625],"tintindex":0,"rotation":0,"texture":"#0"},"up":{"uv":[8.375,13.375,8.0625,12.3125],"tintindex":0,"rotation":0,"texture":"#0"},"down":{"uv":[8.6875,12.3125,8.375,13.375],"tintindex":0,"rotation":0,"texture":"#0"}},"rotation":{"origin":[16.515789,14.852053,7.2053623],"angle":22.5,"axis":"z"}},{"from":[5.9173346,13.671877,0.031736374],"to":[10.082665,18.068615,0.957366],"faces":{"east":{"uv":[13.1875,14.375,13.3125,14.8125],"tintindex":0,"rotation":0,"texture":"#0"},"south":{"uv":[13.4375,11.625,13.8125,12.0625],"tintindex":0,"rotation":0,"texture":"#0"},"north":{"uv":[4.5,13.4375,4.875,13.875],"tintindex":0,"rotation":0,"texture":"#0"},"west":{"uv":[7.375,14.4375,7.5,14.875],"tintindex":0,"rotation":0,"texture":"#0"},"up":{"uv":[14.6875,7.6875,14.3125,7.5625],"tintindex":0,"rotation":0,"texture":"#0"},"down":{"uv":[14.75,4.3125,14.375,4.4375],"tintindex":0,"rotation":0,"texture":"#0"}}},{"from":[1.0577817,13.44047,0.72595835],"to":[14.942219,14.597506,13.684766],"faces":{"east":{"uv":[13.6875,6.6875,14.875,6.8125],"tintindex":0,"rotation":0,"texture":"#0"},"south":{"uv":[14.875,7.4375,13.625,7.5625],"tintindex":0,"rotation":0,"texture":"#0"},"north":{"uv":[13.625,7.4375,14.875,7.5625],"tintindex":0,"rotation":0,"texture":"#0"},"west":{"uv":[13.75,5.4375,14.9375,5.5625],"tintindex":0,"rotation":0,"texture":"#0"},"up":{"uv":[5.9375,5.1875,4.6875,4.0],"tintindex":0,"rotation":0,"texture":"#0"},"down":{"uv":[6.4375,0.0,5.1875,1.1875],"tintindex":0,"rotation":0,"texture":"#0"}}},{"from":[6.611556,14.366098,-0.47735977],"to":[9.388444,17.374393,0.031736374],"faces":{"east":{"uv":[3.4375,6.75,3.5,7.0625],"tintindex":0,"rotation":0,"texture":"#0"},"south":{"uv":[14.125,11.5625,14.375,11.875],"tintindex":0,"rotation":0,"texture":"#0"},"north":{"uv":[4.5,12.3125,4.75,12.625],"tintindex":0,"rotation":0,"texture":"#0"},"west":{"uv":[7.3125,3.4375,7.375,3.75],"tintindex":0,"rotation":0,"texture":"#0"},"up":{"uv":[4.6875,5.1875,4.4375,5.125],"tintindex":0,"rotation":0,"texture":"#0"},"down":{"uv":[7.625,6.4375,7.375,6.5],"tintindex":0,"rotation":0,"texture":"#0"}}},{"from":[1.2891889,14.597506,0.957366],"to":[14.710812,17.142986,13.453359],"faces":{"east":{"uv":[12.625,0.3125,13.75,0.5625],"tintindex":0,"rotation":0,"texture":"#0"},"south":{"uv":[12.375,9.5625,13.625,9.8125],"tintindex":0,"rotation":0,"texture":"#0"},"north":{"uv":[12.3125,3.0,13.5625,3.25],"tintindex":0,"rotation":0,"texture":"#0"},"west":{"uv":[12.625,7.8125,13.75,8.0625],"tintindex":0,"rotation":0,"texture":"#0"},"up":{"uv":[6.625,2.3125,5.375,1.1875],"tintindex":0,"rotation":0,"texture":"#0"},"down":{"uv":[3.5,5.625,2.25,6.75],"tintindex":0,"rotation":0,"texture":"#0"}}},{"from":[-0.19181728,11.913181,1.512743],"to":[2.9553213,15.199163,12.897981],"faces":{"east":{"uv":[12.125,0.6875,13.1875,1.0],"tintindex":0,"rotation":0,"texture":"#0"},"south":{"uv":[14.0625,12.0625,14.375,12.375],"tintindex":0,"rotation":0,"texture":"#0"},"north":{"uv":[11.75,14.0625,12.0625,14.375],"tintindex":0,"rotation":0,"texture":"#0"},"west":{"uv":[12.3125,4.25,13.375,4.5625],"tintindex":0,"rotation":0,"texture":"#0"},"up":{"uv":[4.1875,13.375,3.875,12.3125],"tintindex":0,"rotation":0,"texture":"#0"},"down":{"uv":[4.5,12.3125,4.1875,13.375],"tintindex":0,"rotation":0,"texture":"#0"}},"rotation":{"origin":[-0.5157881,14.852053,7.2053623],"angle":-22.5,"axis":"z"}},{"from":[13.078688,13.107872,1.4201803],"to":[16.133265,17.597172,12.990544],"faces":{"east":{"uv":[11.25,7.875,12.3125,8.3125],"tintindex":0,"rotation":0,"texture":"#0"},"south":{"uv":[1.375,13.875,1.6875,14.3125],"tintindex":0,"rotation":0,"texture":"#0"},"north":{"uv":[13.8125,11.625,14.125,12.0625],"tintindex":0,"rotation":0,"texture":"#0"},"west":{"uv":[11.25,8.3125,12.3125,8.75],"tintindex":0,"rotation":0,"texture":"#0"},"up":{"uv":[5.8125,13.5,5.5,12.4375],"tintindex":0,"rotation":0,"texture":"#0"},"down":{"uv":[6.125,12.4375,5.8125,13.5],"tintindex":0,"rotation":0,"texture":"#0"}},"rotation":{"origin":[14.605976,15.352522,7.2053623],"angle":-22.5,"axis":"z"}},{"from":[1.0577817,17.142986,0.72595835],"to":[14.942219,18.300022,13.684766],"faces":{"east":{"uv":[13.75,7.9375,14.9375,8.0625],"tintindex":0,"rotation":0,"texture":"#0"},"south":{"uv":[13.625,13.125,14.875,13.25],"tintindex":0,"rotation":0,"texture":"#0"},"north":{"uv":[13.625,9.625,14.875,9.75],"tintindex":0,"rotation":0,"texture":"#0"},"west":{"uv":[13.75,11.1875,14.9375,11.3125],"tintindex":0,"rotation":0,"texture":"#0"},"up":{"uv":[5.3125,6.375,4.0625,5.1875],"tintindex":0,"rotation":0,"texture":"#0"},"down":{"uv":[6.5625,5.1875,5.3125,6.375],"tintindex":0,"rotation":0,"texture":"#0"}}}],"display":{"gui":{"rotation":[30,225,0]}}}