{"textures":{"0":"modelengine:entity/mso_taloc_minion"},"elements":[{"from":[-2.9402628,-0.98339844,2.5120487],"to":[1.2793665,9.341011,14.025971],"faces":{"east":{"uv":[9.5,3.4375,8.4375,4.375],"tintindex":0,"rotation":0,"texture":"#0"},"south":{"uv":[3.125,11.6875,3.5,12.625],"tintindex":0,"rotation":0,"texture":"#0"},"north":{"uv":[3.5,11.6875,3.125,12.625],"tintindex":0,"rotation":0,"texture":"#0"},"west":{"uv":[3.5,8.4375,2.4375,9.375],"tintindex":0,"rotation":0,"texture":"#0"},"up":{"uv":[8.9375,12.6875,9.3125,11.625],"tintindex":0,"rotation":0,"texture":"#0"},"down":{"uv":[1.125,11.6875,1.5,12.75],"tintindex":0,"rotation":0,"texture":"#0"}},"rotation":{"origin":[1.2910852,3.3268127,8.26901],"angle":45.0,"axis":"z"}},{"from":[1.302804,9.341011,4.5439167],"to":[10.22045,11.147118,11.9941025],"faces":{"east":{"uv":[14.5625,8.8125,13.875,9.0],"tintindex":0,"rotation":0,"texture":"#0"},"south":{"uv":[14.4375,9.4375,13.625,9.625],"tintindex":0,"rotation":0,"texture":"#0"},"north":{"uv":[8.5,1.875,7.6875,2.0625],"tintindex":0,"rotation":0,"texture":"#0"},"west":{"uv":[13.3125,8.0625,12.625,8.25],"tintindex":0,"rotation":0,"texture":"#0"},"up":{"uv":[3.0625,11.125,3.875,10.4375],"tintindex":0,"rotation":0,"texture":"#0"},"down":{"uv":[10.5,0.8125,11.3125,1.5],"tintindex":0,"rotation":0,"texture":"#0"}}},{"from":[-9.531136,-0.36254883,3.753746],"to":[-6.283702,4.987377,12.784274],"faces":{"east":{"uv":[7.5625,11.6875,6.75,12.1875],"tintindex":0,"rotation":0,"texture":"#0"},"south":{"uv":[12.5625,13.6875,12.25,14.1875],"tintindex":0,"rotation":0,"texture":"#0"},"north":{"uv":[7.3125,13.6875,7.0,14.1875],"tintindex":0,"rotation":0,"texture":"#0"},"west":{"uv":[12.0625,8.75,11.25,9.25],"tintindex":0,"rotation":0,"texture":"#0"},"up":{"uv":[8.9375,13.5,9.25,12.6875],"tintindex":0,"rotation":0,"texture":"#0"},"down":{"uv":[0.9375,12.75,1.25,13.5625],"tintindex":0,"rotation":0,"texture":"#0"}},"rotation":{"origin":[-4.7813044,0.9052391,8.26901],"angle":-22.5,"axis":"z"}},{"from":[1.302804,-2.6808815,2.2862854],"to":[9.43916,9.341011,14.251735],"faces":{"east":{"uv":[8.4375,3.4375,7.375,4.5625],"tintindex":0,"rotation":0,"texture":"#0"},"south":{"uv":[5.3125,8.875,6.0625,10.0],"tintindex":0,"rotation":0,"texture":"#0"},"north":{"uv":[6.0625,8.875,5.3125,10.0],"tintindex":0,"rotation":0,"texture":"#0"},"west":{"uv":[4.0,7.3125,2.9375,8.4375],"tintindex":0,"rotation":0,"texture":"#0"},"up":{"uv":[8.1875,10.1875,8.9375,9.125],"tintindex":0,"rotation":0,"texture":"#0"},"down":{"uv":[1.6875,9.3125,2.4375,10.375],"tintindex":0,"rotation":0,"texture":"#0"}}},{"from":[-2.9402628,9.341011,4.76968],"to":[1.9566545,10.921352,11.768339],"faces":{"east":{"uv":[11.875,4.75,11.25,4.9375],"tintindex":0,"rotation":0,"texture":"#0"},"south":{"uv":[10.1875,14.1875,9.75,14.375],"tintindex":0,"rotation":0,"texture":"#0"},"north":{"uv":[9.375,14.1875,8.9375,14.375],"tintindex":0,"rotation":0,"texture":"#0"},"west":{"uv":[9.0625,4.375,8.4375,4.5625],"tintindex":0,"rotation":0,"texture":"#0"},"up":{"uv":[6.125,13.0625,6.5625,12.4375],"tintindex":0,"rotation":0,"texture":"#0"},"down":{"uv":[12.5625,1.0,13.0,1.625],"tintindex":0,"rotation":0,"texture":"#0"}},"rotation":{"origin":[1.2910852,3.3268127,8.26901],"angle":45.0,"axis":"z"}},{"from":[6.1567125,0.5926857,-0.9872818],"to":[9.54316,11.937286,16.960892],"faces":{"east":{"uv":[5.1875,1.0625,3.5625,2.125],"tintindex":0,"rotation":0,"texture":"#0"},"south":{"uv":[0.3125,11.9375,0.0,13.0],"tintindex":0,"rotation":0,"texture":"#0"},"north":{"uv":[5.5,11.8125,5.1875,12.875],"tintindex":0,"rotation":0,"texture":"#0"},"west":{"uv":[5.1875,0.0,3.5625,1.0625],"tintindex":0,"rotation":0,"texture":"#0"},"up":{"uv":[2.0625,12.0,2.375,10.375],"tintindex":0,"rotation":0,"texture":"#0"},"down":{"uv":[2.375,10.625,2.6875,12.25],"tintindex":0,"rotation":0,"texture":"#0"}}},{"from":[-7.273505,-0.080345154,2.6249304],"to":[2.1824179,3.8585625,13.91309],"faces":{"east":{"uv":[12.875,6.8125,11.875,7.1875],"tintindex":0,"rotation":0,"texture":"#0"},"south":{"uv":[12.4375,10.625,13.3125,11.0],"tintindex":0,"rotation":0,"texture":"#0"},"north":{"uv":[13.3125,10.625,12.4375,11.0],"tintindex":0,"rotation":0,"texture":"#0"},"west":{"uv":[12.875,4.75,11.875,5.125],"tintindex":0,"rotation":0,"texture":"#0"},"up":{"uv":[0.8125,10.0,1.6875,9.0],"tintindex":0,"rotation":0,"texture":"#0"},"down":{"uv":[9.0625,4.375,9.9375,5.375],"tintindex":0,"rotation":0,"texture":"#0"}},"rotation":{"origin":[-4.7813044,0.9052391,8.26901],"angle":-22.5,"axis":"z"}},{"from":[-7.8379126,-3.7489967,3.1893377],"to":[-5.437089,-0.080345154,13.348681],"faces":{"east":{"uv":[12.875,11.3125,11.9375,11.6875],"tintindex":0,"rotation":0,"texture":"#0"},"south":{"uv":[14.375,5.5625,14.125,5.9375],"tintindex":0,"rotation":0,"texture":"#0"},"north":{"uv":[14.375,4.0625,14.125,4.4375],"tintindex":0,"rotation":0,"texture":"#0"},"west":{"uv":[12.875,3.25,11.9375,3.625],"tintindex":0,"rotation":0,"texture":"#0"},"up":{"uv":[11.75,13.875,12.0,12.9375],"tintindex":0,"rotation":0,"texture":"#0"},"down":{"uv":[12.0,12.9375,12.25,13.875],"tintindex":0,"rotation":0,"texture":"#0"}},"rotation":{"origin":[-4.7813044,0.9052391,8.26901],"angle":-22.5,"axis":"z"}},{"from":[-1.1805906,8.084293,4.656799],"to":[4.121419,9.8904,11.881221],"faces":{"east":{"uv":[14.625,1.6875,13.9375,1.875],"tintindex":0,"rotation":0,"texture":"#0"},"south":{"uv":[11.9375,2.125,11.4375,2.3125],"tintindex":0,"rotation":0,"texture":"#0"},"north":{"uv":[5.3125,9.8125,4.8125,10.0],"tintindex":0,"rotation":0,"texture":"#0"},"west":{"uv":[12.25,13.875,11.5625,14.0625],"tintindex":0,"rotation":0,"texture":"#0"},"up":{"uv":[7.5625,12.75,8.0625,12.0625],"tintindex":0,"rotation":0,"texture":"#0"},"down":{"uv":[12.125,0.0,12.625,0.6875],"tintindex":0,"rotation":0,"texture":"#0"}},"rotation":{"origin":[-0.78550625,3.3300667,8.26901],"angle":22.5,"axis":"z"}},{"from":[-1.1805906,-3.0195236,2.399167],"to":[3.44413,8.084293,14.138853],"faces":{"east":{"uv":[8.6875,7.4375,7.625,8.4375],"tintindex":0,"rotation":0,"texture":"#0"},"south":{"uv":[11.5,5.8125,11.9375,6.8125],"tintindex":0,"rotation":0,"texture":"#0"},"north":{"uv":[11.9375,5.8125,11.5,6.8125],"tintindex":0,"rotation":0,"texture":"#0"},"west":{"uv":[7.625,7.4375,6.5625,8.4375],"tintindex":0,"rotation":0,"texture":"#0"},"up":{"uv":[11.0625,6.875,11.5,5.8125],"tintindex":0,"rotation":0,"texture":"#0"},"down":{"uv":[11.0625,10.9375,11.5,12.0],"tintindex":0,"rotation":0,"texture":"#0"}},"rotation":{"origin":[-0.78550625,3.3300667,8.26901],"angle":22.5,"axis":"z"}},{"from":[4.2377253,0.5926857,0.1415348],"to":[6.1567125,10.808472,15.832077],"faces":{"east":{"uv":[4.9375,6.375,3.5,7.3125],"tintindex":0,"rotation":0,"texture":"#0"},"south":{"uv":[4.0,13.375,3.8125,14.3125],"tintindex":0,"rotation":0,"texture":"#0"},"north":{"uv":[5.375,1.1875,5.1875,2.125],"tintindex":0,"rotation":0,"texture":"#0"},"west":{"uv":[7.375,4.0,5.9375,4.9375],"tintindex":0,"rotation":0,"texture":"#0"},"up":{"uv":[8.75,13.1875,8.9375,11.75],"tintindex":0,"rotation":0,"texture":"#0"},"down":{"uv":[9.6875,11.9375,9.875,13.375],"tintindex":0,"rotation":0,"texture":"#0"}}}],"display":{"gui":{"rotation":[30,225,0]}}}