{"textures":{"0":"modelengine:entity/ouldhana_ritual"},"elements":[{"from":[17.833332,11.083333,21.816666],"to":[18.833332,12.583333,21.866667],"faces":{"east":{"uv":[5.0,4.375,5.0625,4.5625],"tintindex":0,"rotation":0,"texture":"#0"},"south":{"uv":[5.0,4.1875,5.125,4.375],"tintindex":0,"rotation":0,"texture":"#0"},"north":{"uv":[5.125,4.1875,5.0,4.375],"tintindex":0,"rotation":0,"texture":"#0"},"west":{"uv":[5.0,4.5625,5.0625,4.75],"tintindex":0,"rotation":0,"texture":"#0"},"up":{"uv":[5.125,4.8125,5.0,4.75],"tintindex":0,"rotation":0,"texture":"#0"},"down":{"uv":[5.125,4.8125,5.0,4.875],"tintindex":0,"rotation":0,"texture":"#0"}},"rotation":{"origin":[18.333332,11.833333,21.841667],"angle":-45.0,"axis":"y"}},{"from":[6.8333335,4.5833335,-10.183334],"to":[8.833334,11.083333,-8.183334],"faces":{"east":{"uv":[5.0,0.25,5.25,1.0625],"tintindex":0,"rotation":0,"texture":"#0"},"south":{"uv":[5.25,0.25,5.0,1.0625],"tintindex":0,"rotation":0,"texture":"#0"},"north":{"uv":[5.0,0.25,5.25,1.0625],"tintindex":0,"rotation":0,"texture":"#0"},"west":{"uv":[5.25,0.25,5.0,1.0625],"tintindex":0,"rotation":0,"texture":"#0"},"up":{"uv":[5.25,3.75,5.0,3.5],"tintindex":0,"rotation":0,"texture":"#0"},"down":{"uv":[5.25,3.5,5.0,3.75],"tintindex":0,"rotation":0,"texture":"#0"}}},{"from":[23.833332,11.083333,2.816667],"to":[24.833334,12.583333,2.8666668],"faces":{"east":{"uv":[5.0,4.375,5.0625,4.5625],"tintindex":0,"rotation":0,"texture":"#0"},"south":{"uv":[5.0,4.1875,5.125,4.375],"tintindex":0,"rotation":0,"texture":"#0"},"north":{"uv":[5.125,4.1875,5.0,4.375],"tintindex":0,"rotation":0,"texture":"#0"},"west":{"uv":[5.0,4.5625,5.0625,4.75],"tintindex":0,"rotation":0,"texture":"#0"},"up":{"uv":[5.125,4.8125,5.0,4.75],"tintindex":0,"rotation":0,"texture":"#0"},"down":{"uv":[5.125,4.8125,5.0,4.875],"tintindex":0,"rotation":0,"texture":"#0"}},"rotation":{"origin":[24.333334,11.833333,2.8416667],"angle":-45.0,"axis":"y"}},{"from":[7.333333,11.083333,-9.183334],"to":[8.333334,12.583333,-9.133333],"faces":{"east":{"uv":[5.0,4.375,5.0625,4.5625],"tintindex":0,"rotation":0,"texture":"#0"},"south":{"uv":[5.0,4.1875,5.125,4.375],"tintindex":0,"rotation":0,"texture":"#0"},"north":{"uv":[5.125,4.1875,5.0,4.375],"tintindex":0,"rotation":0,"texture":"#0"},"west":{"uv":[5.0,4.5625,5.0625,4.75],"tintindex":0,"rotation":0,"texture":"#0"},"up":{"uv":[5.125,4.8125,5.0,4.75],"tintindex":0,"rotation":0,"texture":"#0"},"down":{"uv":[5.125,4.8125,5.0,4.875],"tintindex":0,"rotation":0,"texture":"#0"}},"rotation":{"origin":[7.833333,11.833333,-9.158333],"angle":-45.0,"axis":"y"}},{"from":[7.333333,11.083333,-9.183334],"to":[8.333334,12.583333,-9.133333],"faces":{"east":{"uv":[5.0,4.375,5.0625,4.5625],"tintindex":0,"rotation":0,"texture":"#0"},"south":{"uv":[5.0,4.1875,5.125,4.375],"tintindex":0,"rotation":0,"texture":"#0"},"north":{"uv":[5.125,4.1875,5.0,4.375],"tintindex":0,"rotation":0,"texture":"#0"},"west":{"uv":[5.0,4.5625,5.0625,4.75],"tintindex":0,"rotation":0,"texture":"#0"},"up":{"uv":[5.125,4.8125,5.0,4.75],"tintindex":0,"rotation":0,"texture":"#0"},"down":{"uv":[5.125,4.8125,5.0,4.875],"tintindex":0,"rotation":0,"texture":"#0"}},"rotation":{"origin":[7.833333,11.833333,-9.158333],"angle":45.0,"axis":"y"}},{"from":[-2.666667,11.083333,21.816666],"to":[-1.666667,12.583333,21.866667],"faces":{"east":{"uv":[5.0625,4.5625,5.0,4.75],"tintindex":0,"rotation":0,"texture":"#0"},"south":{"uv":[5.125,4.1875,5.0,4.375],"tintindex":0,"rotation":0,"texture":"#0"},"north":{"uv":[5.0,4.1875,5.125,4.375],"tintindex":0,"rotation":0,"texture":"#0"},"west":{"uv":[5.0625,4.375,5.0,4.5625],"tintindex":0,"rotation":0,"texture":"#0"},"up":{"uv":[5.0,4.8125,5.125,4.75],"tintindex":0,"rotation":0,"texture":"#0"},"down":{"uv":[5.0,4.8125,5.125,4.875],"tintindex":0,"rotation":0,"texture":"#0"}},"rotation":{"origin":[-2.166667,11.833333,21.841667],"angle":45.0,"axis":"y"}},{"from":[7.333333,11.083333,7.8166666],"to":[8.333334,12.583333,7.866667],"faces":{"east":{"uv":[5.0,4.375,5.0625,4.5625],"tintindex":0,"rotation":0,"texture":"#0"},"south":{"uv":[5.0,4.1875,5.125,4.375],"tintindex":0,"rotation":0,"texture":"#0"},"north":{"uv":[5.125,4.1875,5.0,4.375],"tintindex":0,"rotation":0,"texture":"#0"},"west":{"uv":[5.0,4.5625,5.0625,4.75],"tintindex":0,"rotation":0,"texture":"#0"},"up":{"uv":[5.125,4.8125,5.0,4.75],"tintindex":0,"rotation":0,"texture":"#0"},"down":{"uv":[5.125,4.8125,5.0,4.875],"tintindex":0,"rotation":0,"texture":"#0"}},"rotation":{"origin":[7.833333,11.833333,7.8416667],"angle":45.0,"axis":"y"}},{"from":[17.833332,11.083333,21.816666],"to":[18.833332,12.583333,21.866667],"faces":{"east":{"uv":[5.0,4.375,5.0625,4.5625],"tintindex":0,"rotation":0,"texture":"#0"},"south":{"uv":[5.0,4.1875,5.125,4.375],"tintindex":0,"rotation":0,"texture":"#0"},"north":{"uv":[5.125,4.1875,5.0,4.375],"tintindex":0,"rotation":0,"texture":"#0"},"west":{"uv":[5.0,4.5625,5.0625,4.75],"tintindex":0,"rotation":0,"texture":"#0"},"up":{"uv":[5.125,4.8125,5.0,4.75],"tintindex":0,"rotation":0,"texture":"#0"},"down":{"uv":[5.125,4.8125,5.0,4.875],"tintindex":0,"rotation":0,"texture":"#0"}},"rotation":{"origin":[18.333332,11.833333,21.841667],"angle":45.0,"axis":"y"}},{"from":[23.333332,4.5833335,1.8166671],"to":[25.333334,11.083333,3.816667],"faces":{"east":{"uv":[5.0,0.25,5.25,1.0625],"tintindex":0,"rotation":0,"texture":"#0"},"south":{"uv":[5.25,0.25,5.0,1.0625],"tintindex":0,"rotation":0,"texture":"#0"},"north":{"uv":[5.0,0.25,5.25,1.0625],"tintindex":0,"rotation":0,"texture":"#0"},"west":{"uv":[5.25,0.25,5.0,1.0625],"tintindex":0,"rotation":0,"texture":"#0"},"up":{"uv":[5.25,3.75,5.0,3.5],"tintindex":0,"rotation":0,"texture":"#0"},"down":{"uv":[5.25,3.5,5.0,3.75],"tintindex":0,"rotation":0,"texture":"#0"}}},{"from":[23.833332,11.083333,2.816667],"to":[24.833334,12.583333,2.8666668],"faces":{"east":{"uv":[5.0,4.375,5.0625,4.5625],"tintindex":0,"rotation":0,"texture":"#0"},"south":{"uv":[5.0,4.1875,5.125,4.375],"tintindex":0,"rotation":0,"texture":"#0"},"north":{"uv":[5.125,4.1875,5.0,4.375],"tintindex":0,"rotation":0,"texture":"#0"},"west":{"uv":[5.0,4.5625,5.0625,4.75],"tintindex":0,"rotation":0,"texture":"#0"},"up":{"uv":[5.125,4.8125,5.0,4.75],"tintindex":0,"rotation":0,"texture":"#0"},"down":{"uv":[5.125,4.8125,5.0,4.875],"tintindex":0,"rotation":0,"texture":"#0"}},"rotation":{"origin":[24.333334,11.833333,2.8416667],"angle":45.0,"axis":"y"}},{"from":[-2.666667,11.083333,21.816666],"to":[-1.666667,12.583333,21.866667],"faces":{"east":{"uv":[5.0625,4.5625,5.0,4.75],"tintindex":0,"rotation":0,"texture":"#0"},"south":{"uv":[5.125,4.1875,5.0,4.375],"tintindex":0,"rotation":0,"texture":"#0"},"north":{"uv":[5.0,4.1875,5.125,4.375],"tintindex":0,"rotation":0,"texture":"#0"},"west":{"uv":[5.0625,4.375,5.0,4.5625],"tintindex":0,"rotation":0,"texture":"#0"},"up":{"uv":[5.0,4.8125,5.125,4.75],"tintindex":0,"rotation":0,"texture":"#0"},"down":{"uv":[5.0,4.8125,5.125,4.875],"tintindex":0,"rotation":0,"texture":"#0"}},"rotation":{"origin":[-2.166667,11.833333,21.841667],"angle":-45.0,"axis":"y"}},{"from":[6.8333335,4.5833335,6.8166666],"to":[8.833334,11.083333,8.816667],"faces":{"east":{"uv":[5.0,0.25,5.25,1.0625],"tintindex":0,"rotation":0,"texture":"#0"},"south":{"uv":[5.25,0.25,5.0,1.0625],"tintindex":0,"rotation":0,"texture":"#0"},"north":{"uv":[5.0,0.25,5.25,1.0625],"tintindex":0,"rotation":0,"texture":"#0"},"west":{"uv":[5.25,0.25,5.0,1.0625],"tintindex":0,"rotation":0,"texture":"#0"},"up":{"uv":[5.25,3.75,5.0,3.5],"tintindex":0,"rotation":0,"texture":"#0"},"down":{"uv":[5.25,3.5,5.0,3.75],"tintindex":0,"rotation":0,"texture":"#0"}}},{"from":[-3.166667,4.5833335,20.816666],"to":[-1.166667,11.083333,22.816666],"faces":{"east":{"uv":[5.0,0.25,5.25,1.0625],"tintindex":0,"rotation":0,"texture":"#0"},"south":{"uv":[5.0,0.25,5.25,1.0625],"tintindex":0,"rotation":0,"texture":"#0"},"north":{"uv":[5.25,0.25,5.0,1.0625],"tintindex":0,"rotation":0,"texture":"#0"},"west":{"uv":[5.25,0.25,5.0,1.0625],"tintindex":0,"rotation":0,"texture":"#0"},