{"textures":{"0":"modelengine:entity/wolf"},"elements":[{"from":[6.5059996,0.10132265,11.628234],"to":[6.5059996,9.065322,16.110233],"faces":{"east":{"uv":[7.625,0.5,7.25,1.25],"tintindex":0,"rotation":0,"texture":"#0"},"west":{"uv":[7.25,0.5,7.625,1.25],"tintindex":0,"rotation":0,"texture":"#0"}},"rotation":{"origin":[8.0747,8.10387,7.8795567],"angle":-22.5,"axis":"x"}},{"from":[6.5059996,0.10132265,4.1582336],"to":[12.482,9.065322,11.628234],"faces":{"east":{"uv":[6.25,0.0,6.875,0.75],"tintindex":0,"rotation":0,"texture":"#0"},"south":{"uv":[1.625,6.625,2.125,7.375],"tintindex":0,"rotation":0,"texture":"#0"},"north":{"uv":[6.5,4.125,7.0,4.875],"tintindex":0,"rotation":0,"texture":"#0"},"west":{"uv":[0.875,6.25,1.5,7.0],"tintindex":0,"rotation":0,"texture":"#0"},"up":{"uv":[7.625,4.125,7.125,3.5],"tintindex":0,"rotation":0,"texture":"#0"},"down":{"uv":[7.625,4.25,7.125,4.875],"tintindex":0,"rotation":0,"texture":"#0"}},"rotation":{"origin":[8.0747,8.10387,7.8795567],"angle":-22.5,"axis":"x"}}],"display":{"gui":{"rotation":[30,225,0]}}}