{"textures":{"0":"modelengine:entity/wolf"},"elements":[{"from":[5.7496624,5.2726336,3.4764333],"to":[10.231663,8.260633,9.452434],"faces":{"east":{"uv":[8.25,3.125,8.75,3.375],"tintindex":0,"rotation":0,"texture":"#0"},"south":{"uv":[7.25,8.25,7.625,8.5],"tintindex":0,"rotation":0,"texture":"#0"},"north":{"uv":[4.125,2.75,4.5,3.0],"tintindex":0,"rotation":0,"texture":"#0"},"west":{"uv":[8.25,3.5,8.75,3.75],"tintindex":0,"rotation":0,"texture":"#0"},"up":{"uv":[8.125,3.625,7.75,3.125],"tintindex":0,"rotation":0,"texture":"#0"},"down":{"uv":[8.125,3.75,7.75,4.25],"tintindex":0,"rotation":0,"texture":"#0"}}},{"from":[9.0738125,3.473997,3.286574],"to":[10.194312,6.461997,4.780574],"faces":{"east":{"uv":[1.25,8.375,1.375,8.625],"tintindex":0,"rotation":0,"texture":"#0"},"south":{"uv":[6.625,8.375,6.75,8.625],"tintindex":0,"rotation":0,"texture":"#0"},"north":{"uv":[7.0,0.5,7.125,0.75],"tintindex":0,"rotation":0,"texture":"#0"},"west":{"uv":[1.5,8.5,1.625,8.75],"tintindex":0,"rotation":0,"texture":"#0"},"up":{"uv":[8.75,4.875,8.625,4.75],"tintindex":0,"rotation":0,"texture":"#0"},"down":{"uv":[5.125,8.625,5.0,8.75],"tintindex":0,"rotation":0,"texture":"#0"}},"rotation":{"origin":[7.9906626,8.005545,8.071478],"angle":22.5,"axis":"x"}},{"from":[7.467762,3.473997,3.286574],"to":[8.588263,6.461997,4.780574],"faces":{"east":{"uv":[1.25,8.375,1.375,8.625],"tintindex":0,"rotation":0,"texture":"#0"},"south":{"uv":[6.625,8.375,6.75,8.625],"tintindex":0,"rotation":0,"texture":"#0"},"north":{"uv":[7.0,0.5,7.125,0.75],"tintindex":0,"rotation":0,"texture":"#0"},"west":{"uv":[1.5,8.5,1.625,8.75],"tintindex":0,"rotation":0,"texture":"#0"},"up":{"uv":[8.75,4.875,8.625,4.75],"tintindex":0,"rotation":0,"texture":"#0"},"down":{"uv":[5.125,8.625,5.0,8.75],"tintindex":0,"rotation":0,"texture":"#0"}},"rotation":{"origin":[7.9906626,8.005545,8.071478],"angle":22.5,"axis":"x"}},{"from":[5.787012,3.473997,3.286574],"to":[6.9075127,6.461997,4.780574],"faces":{"east":{"uv":[1.25,8.375,1.375,8.625],"tintindex":0,"rotation":0,"texture":"#0"},"south":{"uv":[6.625,8.375,6.75,8.625],"tintindex":0,"rotation":0,"texture":"#0"},"north":{"uv":[7.0,0.5,7.125,0.75],"tintindex":0,"rotation":0,"texture":"#0"},"west":{"uv":[1.5,8.5,1.625,8.75],"tintindex":0,"rotation":0,"texture":"#0"},"up":{"uv":[8.75,4.875,8.625,4.75],"tintindex":0,"rotation":0,"texture":"#0"},"down":{"uv":[5.125,8.625,5.0,8.75],"tintindex":0,"rotation":0,"texture":"#0"}},"rotation":{"origin":[7.9906626,8.005545,8.071478],"angle":22.5,"axis":"x"}}],"display":{"gui":{"rotation":[30,225,0]}}}