{"textures":{"0":"modelengine:entity/wolf"},"elements":[{"from":[9.092487,3.473997,3.286574],"to":[10.212988,6.461997,4.780574],"faces":{"east":{"uv":[1.625,8.5,1.5,8.75],"tintindex":0,"rotation":0,"texture":"#0"},"south":{"uv":[6.75,8.375,6.625,8.625],"tintindex":0,"rotation":0,"texture":"#0"},"north":{"uv":[7.125,0.5,7.0,0.75],"tintindex":0,"rotation":0,"texture":"#0"},"west":{"uv":[1.375,8.375,1.25,8.625],"tintindex":0,"rotation":0,"texture":"#0"},"up":{"uv":[8.625,4.875,8.75,4.75],"tintindex":0,"rotation":0,"texture":"#0"},"down":{"uv":[5.0,8.625,5.125,8.75],"tintindex":0,"rotation":0,"texture":"#0"}},"rotation":{"origin":[8.009337,8.005545,8.071478],"angle":22.5,"axis":"x"}},{"from":[5.7683377,5.2726336,3.4764333],"to":[10.250338,8.260633,9.452434],"faces":{"east":{"uv":[8.75,3.5,8.25,3.75],"tintindex":0,"rotation":0,"texture":"#0"},"south":{"uv":[7.625,8.25,7.25,8.5],"tintindex":0,"rotation":0,"texture":"#0"},"north":{"uv":[4.5,2.75,4.125,3.0],"tintindex":0,"rotation":0,"texture":"#0"},"west":{"uv":[8.75,3.125,8.25,3.375],"tintindex":0,"rotation":0,"texture":"#0"},"up":{"uv":[7.75,3.625,8.125,3.125],"tintindex":0,"rotation":0,"texture":"#0"},"down":{"uv":[7.75,3.75,8.125,4.25],"tintindex":0,"rotation":0,"texture":"#0"}}},{"from":[5.805688,3.473997,3.286574],"to":[6.926188,6.461997,4.780574],"faces":{"east":{"uv":[1.625,8.5,1.5,8.75],"tintindex":0,"rotation":0,"texture":"#0"},"south":{"uv":[6.75,8.375,6.625,8.625],"tintindex":0,"rotation":0,"texture":"#0"},"north":{"uv":[7.125,0.5,7.0,0.75],"tintindex":0,"rotation":0,"texture":"#0"},"west":{"uv":[1.375,8.375,1.25,8.625],"tintindex":0,"rotation":0,"texture":"#0"},"up":{"uv":[8.625,4.875,8.75,4.75],"tintindex":0,"rotation":0,"texture":"#0"},"down":{"uv":[5.0,8.625,5.125,8.75],"tintindex":0,"rotation":0,"texture":"#0"}},"rotation":{"origin":[8.009337,8.005545,8.071478],"angle":22.5,"axis":"x"}},{"from":[7.411738,3.473997,3.286574],"to":[8.532238,6.461997,4.780574],"faces":{"east":{"uv":[1.625,8.5,1.5,8.75],"tintindex":0,"rotation":0,"texture":"#0"},"south":{"uv":[6.75,8.375,6.625,8.625],"tintindex":0,"rotation":0,"texture":"#0"},"north":{"uv":[7.125,0.5,7.0,0.75],"tintindex":0,"rotation":0,"texture":"#0"},"west":{"uv":[1.375,8.375,1.25,8.625],"tintindex":0,"rotation":0,"texture":"#0"},"up":{"uv":[8.625,4.875,8.75,4.75],"tintindex":0,"rotation":0,"texture":"#0"},"down":{"uv":[5.0,8.625,5.125,8.75],"tintindex":0,"rotation":0,"texture":"#0"}},"rotation":{"origin":[8.009337,8.005545,8.071478],"angle":22.5,"axis":"x"}}],"display":{"gui":{"rotation":[30,225,0]}}}