{"textures":{"0":"modelengine:entity/wolf"},"elements":[{"from":[3.5180001,0.10132265,4.1582336],"to":[9.494,9.065322,11.628234],"faces":{"east":{"uv":[1.5,6.25,0.875,7.0],"tintindex":0,"rotation":0,"texture":"#0"},"south":{"uv":[2.125,6.625,1.625,7.375],"tintindex":0,"rotation":0,"texture":"#0"},"north":{"uv":[7.0,4.125,6.5,4.875],"tintindex":0,"rotation":0,"texture":"#0"},"west":{"uv":[6.875,0.0,6.25,0.75],"tintindex":0,"rotation":0,"texture":"#0"},"up":{"uv":[7.125,4.125,7.625,3.5],"tintindex":0,"rotation":0,"texture":"#0"},"down":{"uv":[7.125,4.25,7.625,4.875],"tintindex":0,"rotation":0,"texture":"#0"}},"rotation":{"origin":[7.9252996,8.10387,7.8795567],"angle":-22.5,"axis":"x"}},{"from":[9.494,0.10132265,11.628234],"to":[9.494,9.065322,16.110233],"faces":{"east":{"uv":[7.625,0.5,7.25,1.25],"tintindex":0,"rotation":0,"texture":"#0"},"west":{"uv":[7.25,0.5,7.625,1.25],"tintindex":0,"rotation":0,"texture":"#0"}},"rotation":{"origin":[7.9252996,8.10387,7.8795567],"angle":-22.5,"axis":"x"}}],"display":{"gui":{"rotation":[30,225,0]}}}