{"textures":{"0":"minecraft:item/tc_cyclops"},"elements":[{"from":[6.5200005,13.66551,2.5940225],"to":[9.459999,20.605509,5.534025],"faces":{"east":{"uv":[9.59375,0.90625,9.6875,1.125],"tintindex":0,"rotation":0,"texture":"#0"},"south":{"uv":[9.59375,1.375,9.6875,1.59375],"tintindex":0,"rotation":0,"texture":"#0"},"north":{"uv":[9.59375,0.6875,9.6875,0.90625],"tintindex":0,"rotation":0,"texture":"#0"},"west":{"uv":[1.875,9.59375,1.96875,9.8125],"tintindex":0,"rotation":0,"texture":"#0"},"up":{"uv":[5.34375,10.15625,5.25,10.0625],"tintindex":0,"rotation":0,"texture":"#0"},"down":{"uv":[5.4375,10.0625,5.34375,10.15625],"tintindex":0,"rotation":0,"texture":"#0"}},"rotation":{"origin":[7.99,11.0,7.6815834],"angle":-22.5,"axis":"x"}},{"from":[6.5200005,-7.362088,12.387648],"to":[9.459999,-4.4220886,15.327646],"faces":{"east":{"uv":[3.34375,10.0625,3.4375,10.15625],"tintindex":0,"rotation":0,"texture":"#0"},"south":{"uv":[3.4375,10.0625,3.53125,10.15625],"tintindex":0,"rotation":0,"texture":"#0"},"north":{"uv":[3.25,10.0625,3.34375,10.15625],"tintindex":0,"rotation":0,"texture":"#0"},"west":{"uv":[3.53125,10.0625,3.625,10.15625],"tintindex":0,"rotation":0,"texture":"#0"},"up":{"uv":[3.71875,10.15625,3.625,10.0625],"tintindex":0,"rotation":0,"texture":"#0"},"down":{"uv":[3.9375,10.0625,3.84375,10.15625],"tintindex":0,"rotation":0,"texture":"#0"}},"rotation":{"origin":[7.99,5.0,11.681583],"angle":-22.5,"axis":"x"}},{"from":[6.5200005,-4.6055098,2.5940225],"to":[9.459999,2.33449,5.534025],"faces":{"east":{"uv":[0.0,9.59375,0.09375,9.8125],"tintindex":0,"rotation":0,"texture":"#0"},"south":{"uv":[9.59375,0.0,9.6875,0.21875],"tintindex":0,"rotation":0,"texture":"#0"},"north":{"uv":[9.5625,9.09375,9.65625,9.3125],"tintindex":0,"rotation":0,"texture":"#0"},"west":{"uv":[9.59375,0.21875,9.6875,0.4375],"tintindex":0,"rotation":0,"texture":"#0"},"up":{"uv":[4.03125,10.15625,3.9375,10.0625],"tintindex":0,"rotation":0,"texture":"#0"},"down":{"uv":[10.15625,4.28125,10.0625,4.375],"tintindex":0,"rotation":0,"texture":"#0"}},"rotation":{"origin":[7.99,5.0,7.6815834],"angle":22.5,"axis":"x"}},{"from":[6.5200005,20.422087,12.387648],"to":[9.459999,23.36209,15.327646],"faces":{"east":{"uv":[4.78125,10.0625,4.875,10.15625],"tintindex":0,"rotation":0,"texture":"#0"},"south":{"uv":[4.875,10.0625,4.96875,10.15625],"tintindex":0,"rotation":0,"texture":"#0"},"north":{"uv":[4.6875,10.0625,4.78125,10.15625],"tintindex":0,"rotation":0,"texture":"#0"},"west":{"uv":[4.96875,10.0625,5.0625,10.15625],"tintindex":0,"rotation":0,"texture":"#0"},"up":{"uv":[5.15625,10.15625,5.0625,10.0625],"tintindex":0,"rotation":0,"texture":"#0"},"down":{"uv":[5.25,10.0625,5.15625,10.15625],"tintindex":0,"rotation":0,"texture":"#0"}},"rotation":{"origin":[7.99,11.0,11.681583],"angle":22.5,"axis":"x"}},{"from":[6.459999,-3.0365074,-3.2157342],"to":[9.52,6.023493,9.804266],"faces":{"east":{"uv":[1.96875,7.40625,2.375,7.6875],"tintindex":0,"rotation":0,"texture":"#0"},"south":{"uv":[5.6875,9.4375,5.78125,9.71875],"tintindex":0,"rotation":0,"texture":"#0"},"north":{"uv":[5.59375,9.4375,5.6875,9.71875],"tintindex":0,"rotation":0,"texture":"#0"},"west":{"uv":[7.40625,4.09375,7.8125,4.375],"tintindex":0,"rotation":0,"texture":"#0"},"up":{"uv":[3.09375,9.34375,3.0,8.9375],"tintindex":0,"rotation":0,"texture":"#0"},"down":{"uv":[3.3125,8.9375,3.21875,9.34375],"tintindex":0,"rotation":0,"texture":"#0"}},"rotation":{"origin":[7.99,5.0,7.6815834],"angle":-45.0,"axis":"x"}},{"from":[6.3799996,-13.024258,0.56113863],"to":[9.62,-4.984257,4.6011386],"faces":{"east":{"uv":[9.21875,2.25,9.34375,2.5],"tintindex":0,"rotation":0,"texture":"#0"},"south":{"uv":[1.78125,9.53125,1.875,9.78125],"tintindex":0,"rotation":0,"texture":"#0"},"north":{"uv":[1.6875,9.53125,1.78125,9.78125],"tintindex":0,"rotation":0,"texture":"#0"},"west":{"uv":[9.21875,4.25,9.34375,4.5],"tintindex":0,"rotation":0,"texture":"#0"},"up":{"uv":[9.96875,2.34375,9.875,2.21875],"tintindex":0,"rotation":0,"texture":"#0"},"down":{"uv":[9.96875,2.34375,9.875,2.46875],"tintindex":0,"rotation":0,"texture":"#0"}},"rotation":{"origin":[7.8812933,-8.033537,2.9452934],"angle":22.5,"axis":"x"}},{"from":[6.49,-1.1480856,13.058559],"to":[9.49,6.3519154,23.05856],"faces":{"east":{"uv":[8.125,3.21875,8.4375,3.46875],"tintindex":0,"rotation":0,"texture":"#0"},"south":{"uv":[1.34375,9.53125,1.4375,9.78125],"tintindex":0,"rotation":0,"texture":"#0"},"north":{"uv":[1.25,9.53125,1.34375,9.78125],"tintindex":0,"rotation":0,"texture":"#0"},"west":{"uv":[3.65625,8.125,3.96875,8.375],"tintindex":0,"rotation":0,"texture":"#0"},"up":{"uv":[9.40625,8.9375,9.3125,8.625],"tintindex":0,"rotation":0,"texture":"#0"},"down":{"uv":[8.96875,9.3125,8.875,9.625],"tintindex":0,"rotation":0,"texture":"#0"}},"rotation":{"origin":[7.99,5.0,11.681583],"angle":22.5,"axis":"x"}},{"from":[6.55,22.93002,1.2698517],"to":[9.55,28.43002,6.7698517],"faces":{"east":{"uv":[9.34375,2.25,9.5,2.4375],"tintindex":0,"rotation":90,"texture":"#0"},"south":{"uv":[3.4375,9.84375,3.34375,10.0],"tintindex":0,"rotation":0,"texture":"#0"},"north":{"uv":[9.9375,3.4375,9.84375,3.28125],"tintindex":0,"rotation":180,"texture":"#0"},"west":{"uv":[2.71875,9.34375,2.875,9.53125],"tintindex":0,"rotation":270,"texture":"#0"},"up":{"uv":[7.4375,9.625,7.53125,9.8125],"tintindex":0,"rotation":0,"texture":"#0"},"down":{"uv":[7.34375,9.625,7.4375,9.8125],"tintindex":0,"rotation":180,"texture":"#0"}},"rotation":{"origin":[8.0,25.68002,4.0198517],"angle":22.5,"axis":"x"}},{"from":[6.3799996,20.984257,0.56113863],"to":[9.62,29.024258,4.6011386],"faces":{"east":{"uv":[9.21875,4.5,9.34375,4.75],"tintindex":0,"rotation":0,"texture":"#0"},"south":{"uv":[4.90625,9.53125,5.0,9.78125],"tintindex":0,"rotation":0,"texture":"#0"},"north":{"uv":[4.8125,9.53125,4.90625,9.78125],"tintindex":0,"rotation":0,"texture":"#0"},"west":{"uv":[9.21875,4.75,9.34375,5.0],"tintindex":0,"rotation":0,"texture":"#0"},"up":{"uv":[9.96875,2.59375,9.875,2.46875],"tintindex":0,"rotation":0,"texture":"#0"},"down":{"uv":[9.96875,2.59375,9.875,2.71875],"tintindex":0,"rotation":0,"texture":"#0"}},"rotation":{"origin":[7.8812933,24.033539,2.9452934],"angle":-22.5,"axis":"x"}},{"from":[6.49,9.648085,13.058559],"to":[9.49,17.148085,23.05856],"faces":{"east":{"uv":[4.65625,8.125,4.96875,8.375],"tintindex":0,"rotation":0,"texture":"#0"},"south":{"uv":[4.71875,9.53125,4.8125,9.78125],"tintindex":0,"rotation":0,"texture":"#0"},"north":{"uv":[2.71875,9.53125,2.8125,9.78125],"tintindex":0,"rotation":0,"texture":"#0"},"west":{"uv":[0.25,8.15625,0.5625,8.40625],"tintindex":0,"rotation":0,"texture":"#0"},"up":{"uv":[9.0625,9.625,8.96875,9.3125],"tintindex":0,"rotation":0,"texture":"#0"},"down":{"uv":[9.40625,9.125,9.3125,9.4375],"tintindex":0,"rotation":0,"texture":"#0"}},"rotation":{"origin":[7.99,11.0,11.681583],"angle":-22.5,"axis":"x"}},{"from":[6.55,-12.430021,1.2698517],"to":[9.55,-6.9300203,6.7698517],"faces":{"east":{"uv":[9.5,2.25,9.34375,2.4375],"tintindex":0,"rotation":90,"texture":"#0"},"south":{"uv":[3.4375,10.0,3.34375,9.84375],"tintindex":0,"rotation":0,"texture":"#0"},"north":{"uv":[9.9375,3.28125,9.84375,3.4375],"tintindex":0,"rotation":180,"texture":"#0"},"west":{"uv":[2.875,9.34375,2.71875,9.53125],"tintindex":0,"rotation":270,"texture":"#0"},"up":{"uv":[7.34375,9.8125,7.4375,9.625],"tintindex":0,"rotation":180,"texture":"#0"},"down":{"uv":[7.4375,9.8125,7.53125,9.625],"tintindex":0,"rotation":0,"texture":"#0"}},"rotation":{"origin":[7.95,-9.680019,4.0198517],"angle":-22.5,"axis":"x"}},{"from":[6.5600004,22.18831,4.6728992],"to":[9.499999,27.16831,7.612898],"faces":{"east":{"uv":[1.9375,9.84375,2.03125,10.0],"tintindex":0,"rotation":0,"texture":"#0"},"south":{"uv":[2.78125,9.84375,2.875,10.0],"tintindex":0,"rotation":0,"texture":"#0"},"north":{"uv":[1.5,9.84375,1.59375,10.0],"tintindex":0,"rotation":0,"texture":"#0"},"west":{"uv":[2.875,9.84375,2.96875,10.0],"tintindex":0,"rotation":0,"texture":"#0"},"up":{"uv":[10.15625,5.46875,10.0625,5.375],"tintindex":0,