{"textures":{"0":"minecraft:item/tc_cyclops"},"elements":[{"from":[-0.7675421,2.0916994,0.9794209],"to":[16.124178,9.071695,13.199421],"faces":{"east":{"uv":[6.34375,7.8125,6.71875,8.03125],"tintindex":0,"rotation":0,"texture":"#0"},"south":{"uv":[7.375,0.84375,7.90625,1.0625],"tintindex":0,"rotation":0,"texture":"#0"},"north":{"uv":[7.34375,6.03125,7.875,6.25],"tintindex":0,"rotation":0,"texture":"#0"},"west":{"uv":[3.03125,7.84375,3.40625,8.0625],"tintindex":0,"rotation":0,"texture":"#0"},"up":{"uv":[5.84375,2.53125,5.3125,2.15625],"tintindex":0,"rotation":0,"texture":"#0"},"down":{"uv":[5.90625,2.53125,5.375,2.90625],"tintindex":0,"rotation":0,"texture":"#0"}},"rotation":{"origin":[7.678318,7.0816994,7.089421],"angle":-22.5,"axis":"x"}},{"from":[-0.7875421,4.091032,1.1598976],"to":[16.232458,9.111036,13.179897],"faces":{"east":{"uv":[6.8125,8.46875,7.1875,8.625],"tintindex":0,"rotation":0,"texture":"#0"},"south":{"uv":[7.5625,0.6875,8.09375,0.84375],"tintindex":0,"rotation":0,"texture":"#0"},"north":{"uv":[5.5625,4.28125,6.09375,4.4375],"tintindex":0,"rotation":0,"texture":"#0"},"west":{"uv":[7.53125,8.46875,7.90625,8.625],"tintindex":0,"rotation":0,"texture":"#0"},"up":{"uv":[5.3125,5.75,4.78125,5.375],"tintindex":0,"rotation":0,"texture":"#0"},"down":{"uv":[5.84375,5.375,5.3125,5.75],"tintindex":0,"rotation":0,"texture":"#0"}},"rotation":{"origin":[7.722458,6.6010323,7.169897],"angle":22.5,"axis":"x"}},{"from":[-0.7775421,6.206833,2.5833287],"to":[16.222458,11.206833,14.583328],"faces":{"east":{"uv":[8.5,0.65625,8.875,0.8125],"tintindex":0,"rotation":0,"texture":"#0"},"south":{"uv":[7.8125,4.03125,8.34375,4.1875],"tintindex":0,"rotation":0,"texture":"#0"},"north":{"uv":[7.78125,5.28125,8.3125,5.4375],"tintindex":0,"rotation":0,"texture":"#0"},"west":{"uv":[3.21875,8.5,3.59375,8.65625],"tintindex":0,"rotation":0,"texture":"#0"},"up":{"uv":[3.59375,5.78125,3.0625,5.40625],"tintindex":0,"rotation":0,"texture":"#0"},"down":{"uv":[0.53125,5.53125,0.0,5.90625],"tintindex":0,"rotation":0,"texture":"#0"}}},{"from":[0.9300504,7.7641373,2.5833287],"to":[16.93005,15.764137,14.583328],"faces":{"east":{"uv":[2.28125,7.71875,2.65625,7.96875],"tintindex":0,"rotation":0,"texture":"#0"},"south":{"uv":[1.96875,7.15625,2.46875,7.40625],"tintindex":0,"rotation":0,"texture":"#0"},"north":{"uv":[7.0625,4.78125,7.5625,5.03125],"tintindex":0,"rotation":0,"texture":"#0"},"west":{"uv":[7.40625,7.71875,7.78125,7.96875],"tintindex":0,"rotation":0,"texture":"#0"},"up":{"uv":[6.09375,6.5625,5.59375,6.1875],"tintindex":0,"rotation":0,"texture":"#0"},"down":{"uv":[3.40625,6.21875,2.90625,6.59375],"tintindex":0,"rotation":0,"texture":"#0"}},"rotation":{"origin":[8.230051,11.264137,8.703329],"angle":-22.5,"axis":"z"}}],"display":{"gui":{"rotation":[30,225,0]}}}