{"textures":{"0":"minecraft:item/tc_cyclops"},"elements":[{"from":[3.230337,-5.09,-3.757767],"to":[6.2103367,4.8900013,4.222233],"faces":{"east":{"uv":[8.0625,2.90625,8.3125,3.21875],"tintindex":0,"rotation":0,"texture":"#0"},"south":{"uv":[7.3125,9.3125,7.40625,9.625],"tintindex":0,"rotation":0,"texture":"#0"},"north":{"uv":[6.875,9.3125,6.96875,9.625],"tintindex":0,"rotation":0,"texture":"#0"},"west":{"uv":[3.0625,8.0625,3.3125,8.375],"tintindex":0,"rotation":0,"texture":"#0"},"up":{"uv":[8.4375,9.75,8.34375,9.5],"tintindex":0,"rotation":0,"texture":"#0"},"down":{"uv":[9.5,9.5,9.40625,9.75],"tintindex":0,"rotation":0,"texture":"#0"}},"rotation":{"origin":[4.720337,2.9000015,0.23223305],"angle":45.0,"axis":"y"}},{"from":[6.978039,13.900002,12.907618],"to":[12.978039,15.900002,18.907618],"faces":{"east":{"uv":[9.8125,8.40625,10.0,8.46875],"tintindex":0,"rotation":0,"texture":"#0"},"south":{"uv":[9.84375,1.28125,10.03125,1.34375],"tintindex":0,"rotation":0,"texture":"#0"},"north":{"uv":[8.9375,5.40625,9.125,5.46875],"tintindex":0,"rotation":0,"texture":"#0"},"west":{"uv":[9.84375,1.34375,10.03125,1.40625],"tintindex":0,"rotation":0,"texture":"#0"},"up":{"uv":[7.0,8.4375,6.8125,8.25],"tintindex":0,"rotation":0,"texture":"#0"},"down":{"uv":[9.125,5.125,8.9375,5.3125],"tintindex":0,"rotation":0,"texture":"#0"}},"rotation":{"origin":[9.978039,14.900002,15.307618],"angle":22.5,"axis":"y"}},{"from":[5.6094246,-5.1000004,2.0],"to":[8.609425,4.9000015,14.0],"faces":{"east":{"uv":[0.5,1.78125,0.875,2.09375],"tintindex":0,"rotation":0,"texture":"#0"},"south":{"uv":[2.375,7.40625,2.46875,7.71875],"tintindex":0,"rotation":0,"texture":"#0"},"north":{"uv":[0.9375,4.5,1.03125,4.8125],"tintindex":0,"rotation":0,"texture":"#0"},"west":{"uv":[1.5,2.5625,1.875,2.875],"tintindex":0,"rotation":0,"texture":"#0"},"up":{"uv":[4.75,9.3125,4.65625,8.9375],"tintindex":0,"rotation":0,"texture":"#0"},"down":{"uv":[9.03125,4.75,8.9375,5.125],"tintindex":0,"rotation":0,"texture":"#0"}}},{"from":[6.978039,13.900002,-2.9076176],"to":[12.978039,15.900002,3.0923824],"faces":{"east":{"uv":[9.84375,8.96875,10.03125,9.03125],"tintindex":0,"rotation":0,"texture":"#0"},"south":{"uv":[9.875,0.5625,10.0625,0.625],"tintindex":0,"rotation":0,"texture":"#0"},"north":{"uv":[9.84375,8.90625,10.03125,8.96875],"tintindex":0,"rotation":0,"texture":"#0"},"west":{"uv":[9.875,0.625,10.0625,0.6875],"tintindex":0,"rotation":0,"texture":"#0"},"up":{"uv":[9.21875,4.4375,9.03125,4.25],"tintindex":0,"rotation":0,"texture":"#0"},"down":{"uv":[9.21875,4.4375,9.03125,4.625],"tintindex":0,"rotation":0,"texture":"#0"}},"rotation":{"origin":[9.978039,14.900002,0.69238234],"angle":-22.5,"axis":"y"}},{"from":[9.359425,13.900002,4.0],"to":[15.359425,15.900002,10.0],"faces":{"east":{"uv":[6.28125,5.6875,6.46875,5.75],"tintindex":0,"rotation":0,"texture":"#0"},"south":{"uv":[3.4375,7.25,3.625,7.3125],"tintindex":0,"rotation":0,"texture":"#0"},"north":{"uv":[5.875,1.9375,6.0625,2.0],"tintindex":0,"rotation":0,"texture":"#0"},"west":{"uv":[5.28125,7.375,5.46875,7.4375],"tintindex":0,"rotation":0,"texture":"#0"},"up":{"uv":[2.15625,7.15625,1.96875,6.96875],"tintindex":0,"rotation":0,"texture":"#0"},"down":{"uv":[3.1875,7.0625,3.0,7.25],"tintindex":0,"rotation":0,"texture":"#0"}},"rotation":{"origin":[13.359425,12.900002,8.0],"angle":45.0,"axis":"y"}},{"from":[3.230337,-5.09,11.777767],"to":[6.2103367,4.8900013,19.757767],"faces":{"east":{"uv":[5.53125,8.03125,5.78125,8.34375],"tintindex":0,"rotation":0,"texture":"#0"},"south":{"uv":[6.59375,9.3125,6.6875,9.625],"tintindex":0,"rotation":0,"texture":"#0"},"north":{"uv":[4.34375,9.3125,4.4375,9.625],"tintindex":0,"rotation":0,"texture":"#0"},"west":{"uv":[5.78125,8.03125,6.03125,8.34375],"tintindex":0,"rotation":0,"texture":"#0"},"up":{"uv":[2.34375,9.75,2.25,9.5],"tintindex":0,"rotation":0,"texture":"#0"},"down":{"uv":[6.0625,9.5,5.96875,9.75],"tintindex":0,"rotation":0,"texture":"#0"}},"rotation":{"origin":[4.720337,2.9000015,15.767767],"angle":-45.0,"axis":"y"}},{"from":[6.970337,9.900002,13.767767],"to":[9.970337,19.900002,21.767767],"faces":{"east":{"uv":[2.5625,8.0,2.8125,8.3125],"tintindex":0,"rotation":0,"texture":"#0"},"south":{"uv":[1.875,9.28125,1.96875,9.59375],"tintindex":0,"rotation":0,"texture":"#0"},"north":{"uv":[0.0,9.28125,0.09375,9.59375],"tintindex":0,"rotation":0,"texture":"#0"},"west":{"uv":[3.40625,8.0,3.65625,8.3125],"tintindex":0,"rotation":0,"texture":"#0"},"up":{"uv":[9.40625,9.6875,9.3125,9.4375],"tintindex":0,"rotation":0,"texture":"#0"},"down":{"uv":[4.625,9.46875,4.53125,9.71875],"tintindex":0,"rotation":0,"texture":"#0"}},"rotation":{"origin":[8.470337,17.900002,17.767767],"angle":-45.0,"axis":"y"}},{"from":[3.2280388,-1.1000004,10.907618],"to":[9.228039,0.9000015,16.907618],"faces":{"east":{"uv":[9.875,0.75,10.0625,0.8125],"tintindex":0,"rotation":0,"texture":"#0"},"south":{"uv":[9.875,0.8125,10.0625,0.875],"tintindex":0,"rotation":0,"texture":"#0"},"north":{"uv":[9.875,0.6875,10.0625,0.75],"tintindex":0,"rotation":0,"texture":"#0"},"west":{"uv":[9.875,0.875,10.0625,0.9375],"tintindex":0,"rotation":0,"texture":"#0"},"up":{"uv":[9.21875,4.8125,9.03125,4.625],"tintindex":0,"rotation":0,"texture":"#0"},"down":{"uv":[9.21875,4.8125,9.03125,5.0],"tintindex":0,"rotation":0,"texture":"#0"}},"rotation":{"origin":[6.228039,-0.10000038,13.307618],"angle":22.5,"axis":"y"}},{"from":[3.2280388,-1.1000004,-0.90761757],"to":[9.228039,0.9000015,5.0923824],"faces":{"east":{"uv":[9.875,1.0,10.0625,1.0625],"tintindex":0,"rotation":0,"texture":"#0"},"south":{"uv":[9.875,1.0625,10.0625,1.125],"tintindex":0,"rotation":0,"texture":"#0"},"north":{"uv":[9.875,0.9375,10.0625,1.0],"tintindex":0,"rotation":0,"texture":"#0"},"west":{"uv":[9.875,1.40625,10.0625,1.46875],"tintindex":0,"rotation":0,"texture":"#0"},"up":{"uv":[9.21875,6.34375,9.03125,6.15625],"tintindex":0,"rotation":0,"texture":"#0"},"down":{"uv":[9.21875,8.46875,9.03125,8.65625],"tintindex":0,"rotation":0,"texture":"#0"}},"rotation":{"origin":[6.228039,-0.10000038,2.6923823],"angle":-22.5,"axis":"y"}},{"from":[7.8594246,6.4000015,2.5],"to":[13.859425,8.400002,8.5],"faces":{"east":{"uv":[8.28125,3.6875,8.46875,3.75],"tintindex":0,"rotation":0,"texture":"#0"},"south":{"uv":[8.6875,7.65625,8.875,7.71875],"tintindex":0,"rotation":0,"texture":"#0"},"north":{"uv":[2.8125,8.0,3.0,8.0625],"tintindex":0,"rotation":0,"texture":"#0"},"west":{"uv":[8.875,1.03125,9.0625,1.09375],"tintindex":0,"rotation":0,"texture":"#0"},"up":{"uv":[7.75,8.15625,7.5625,7.96875],"tintindex":0,"rotation":0,"texture":"#0"},"down":{"uv":[4.15625,8.125,3.96875,8.3125],"tintindex":0,"rotation":0,"texture":"#0"}},"rotation":{"origin":[13.359425,12.900002,8.0],"angle":45.0,"axis":"y"}},{"from":[7.03059,2.9100015,7.8280196],"to":[10.01059,12.890001,15.80802],"faces":{"east":{"uv":[6.3125,8.03125,6.5625,8.34375],"tintindex":0,"rotation":0,"texture":"#0"},"south":{"uv":[6.78125,9.3125,6.875,9.625],"tintindex":0,"rotation":0,"texture":"#0"},"north":{"uv":[6.6875,9.3125,6.78125,9.625],"tintindex":0,"rotation":0,"texture":"#0"},"west":{"uv":[2.8125,8.0625,3.0625,8.375],"tintindex":0,"rotation":0,"texture":"#0"},"up":{"uv":[6.5625,9.75,6.46875,9.5],"tintindex":0,"rotation":0,"texture":"#0"},"down":{"uv":[7.0625,9.5,6.96875,9.75],"tintindex":0,"rotation":0,"texture":"#0"}},"rotation":{"origin":[1.5205898,10.900002,11.81802],"angle":-45.0,"axis":"y"}},{"from":[6.970337,9.900002,-5.767767],"to":[9.970337,19.900002,2.232233],"faces":{"east":{"uv":[6.0625,8.0,6.3125,8.3125],"tintindex":0,"rotation":0,"texture":"#0"},"south":{"uv":[0.09375,9.3125,0.1875,9.625],"tintindex":0,"rotation":0,"texture":"#0"},"north":{"uv":[5.875,9.28125,5.96875,9.59375],"tintindex":0,"rotation":0,"texture":"#0"},"west":{"uv":[8.03125,0.0,8.28125,0.3125],"tintindex":0,"rotation":0,"texture":"#0"},"up":{"uv":[2.15625,9.75,2.0625,9.5],"tintindex":0,"rotation":0,"texture":"#0"},"down":{"uv":[2.25,9.5,2.15625,9.75],"tintindex":0,"rotation":0,"texture":"#0"}},