{"textures":{"0":"minecraft:item/tc_cyclops"},"elements":[{"from":[7.3366942,20.794106,15.886211],"to":[10.170028,26.12744,22.007046],"faces":{"east":{"uv":[3.8125,3.0625,4.375,3.5625],"tintindex":0,"texture":"#0"},"south":{"uv":[4.15625,6.875,4.4375,7.375],"tintindex":0,"texture":"#0"},"north":{"uv":[0.9375,6.84375,1.21875,7.34375],"tintindex":0,"texture":"#0"},"west":{"uv":[0.46875,4,1.03125,4.5],"tintindex":0,"texture":"#0"},"up":{"uv":[6.21875,7.15625,5.9375,6.59375],"tintindex":0,"texture":"#0"},"down":{"uv":[6.875,6.0625,6.59375,6.625],"tintindex":0,"texture":"#0"}},"rotation":{"origin":[8.013232,13.98358,12.081963],"angle":-22.5,"axis":"z"}},{"from":[5.6222224,21.816069,15.886203],"to":[8.455556,27.149403,22.007036],"faces":{"east":{"uv":[2.59375,4.03125,3.15625,4.53125],"tintindex":0,"texture":"#0"},"south":{"uv":[1.6875,6.96875,1.96875,7.46875],"tintindex":0,"texture":"#0"},"north":{"uv":[6.875,6.9375,7.15625,7.4375],"tintindex":0,"texture":"#0"},"west":{"uv":[4.09375,3.5625,4.65625,4.0625],"tintindex":0,"texture":"#0"},"up":{"uv":[6.5,7.15625,6.21875,6.59375],"tintindex":0,"texture":"#0"},"down":{"uv":[0.28125,6.625,0,7.1875],"tintindex":0,"texture":"#0"}},"rotation":{"origin":[10.445684,15.005541,12.138798],"angle":22.5,"axis":"z"}},{"from":[3.9597921,19.371748,15.881065],"to":[12.066668,25.463417,22.06388],"faces":{"east":{"uv":[3.15625,0.4375,3.75,1],"tintindex":0,"texture":"#0"},"south":{"uv":[2.40625,1.75,3.15625,2.3125],"tintindex":0,"texture":"#0"},"north":{"uv":[2.40625,1.1875,3.15625,1.75],"tintindex":0,"texture":"#0"},"west":{"uv":[3.15625,1,3.75,1.5625],"tintindex":0,"texture":"#0"},"up":{"uv":[3.0625,0.59375,2.3125,0],"tintindex":0,"texture":"#0"},"down":{"uv":[3.15625,0.59375,2.40625,1.1875],"tintindex":0,"texture":"#0"}}}],"display":{"gui":{"rotation":[30,225,0]}}}