{"textures":{"0":"minecraft:item/tc_cyclops"},"elements":[{"from":[-0.23245789,4.091032,1.1598976],"to":[16.787542,9.111036,13.179897],"faces":{"east":{"uv":[8.5625,2.90625,8.9375,3.0625],"tintindex":0,"texture":"#0"},"south":{"uv":[7.84375,2.75,8.375,2.90625],"tintindex":0,"texture":"#0"},"north":{"uv":[7.8125,4.1875,8.34375,4.34375],"tintindex":0,"texture":"#0"},"west":{"uv":[8.5625,7.21875,8.9375,7.375],"tintindex":0,"texture":"#0"},"up":{"uv":[1.59375,5.9375,1.0625,5.5625],"tintindex":0,"texture":"#0"},"down":{"uv":[3.03125,5.5625,2.5,5.9375],"tintindex":0,"texture":"#0"}},"rotation":{"origin":[8.277542,6.6010323,7.169897],"angle":22.5,"axis":"x"}},{"from":[-0.12417816,2.0916994,0.9794209],"to":[16.767542,9.071695,13.199421],"faces":{"east":{"uv":[4.78125,7.90625,5.15625,8.125],"tintindex":0,"texture":"#0"},"south":{"uv":[7.375,3.59375,7.90625,3.8125],"tintindex":0,"texture":"#0"},"north":{"uv":[7.375,2.34375,7.90625,2.5625],"tintindex":0,"texture":"#0"},"west":{"uv":[0.34375,7.9375,0.71875,8.15625],"tintindex":0,"texture":"#0"},"up":{"uv":[1.0625,5.90625,0.53125,5.53125],"tintindex":0,"texture":"#0"},"down":{"uv":[6.0625,4.9375,5.53125,5.3125],"tintindex":0,"texture":"#0"}},"rotation":{"origin":[8.321682,7.0816994,7.089421],"angle":-22.5,"axis":"x"}},{"from":[-0.22245789,6.206833,2.5833287],"to":[16.777542,11.206833,14.583328],"faces":{"east":{"uv":[7.90625,8.5625,8.28125,8.71875],"tintindex":0,"texture":"#0"},"south":{"uv":[7.875,1.21875,8.40625,1.375],"tintindex":0,"texture":"#0"},"north":{"uv":[7.875,1.0625,8.40625,1.21875],"tintindex":0,"texture":"#0"},"west":{"uv":[8.5625,8.1875,8.9375,8.34375],"tintindex":0,"texture":"#0"},"up":{"uv":[6.09375,3.28125,5.5625,2.90625],"tintindex":0,"texture":"#0"},"down":{"uv":[6.09375,3.90625,5.5625,4.28125],"tintindex":0,"texture":"#0"}}},{"from":[-0.9300499,7.7641373,2.5833287],"to":[15.06995,15.764137,14.583328],"faces":{"east":{"uv":[2.65625,7.75,3.03125,8],"tintindex":0,"texture":"#0"},"south":{"uv":[7.15625,5.03125,7.65625,5.28125],"tintindex":0,"texture":"#0"},"north":{"uv":[7.15625,3.0625,7.65625,3.3125],"tintindex":0,"texture":"#0"},"west":{"uv":[7.75,3.28125,8.125,3.53125],"tintindex":0,"texture":"#0"},"up":{"uv":[6.59375,6.59375,6.09375,6.21875],"tintindex":0,"texture":"#0"},"down":{"uv":[6.78125,5.3125,6.28125,5.6875],"tintindex":0,"texture":"#0"}},"rotation":{"origin":[7.7699494,11.264137,8.703329],"angle":22.5,"axis":"z"}}],"display":{"gui":{"rotation":[30,225,0]}}}