{"textures":{"0":"minecraft:item/tc_cyclops"},"elements":[{"from":[4.9999995,8.0,7.0],"to":[11.0,10.0,9.0],"faces":{"east":{"uv":[1.75,10.15625,1.8125,10.21875],"tintindex":0,"rotation":0,"texture":"#0"},"south":{"uv":[10.0,5.9375,10.1875,6.0],"tintindex":0,"rotation":0,"texture":"#0"},"north":{"uv":[10.0,5.875,10.1875,5.9375],"tintindex":0,"rotation":0,"texture":"#0"},"west":{"uv":[1.8125,10.15625,1.875,10.21875],"tintindex":0,"rotation":0,"texture":"#0"},"up":{"uv":[6.34375,10.0625,6.15625,10.0],"tintindex":0,"rotation":0,"texture":"#0"},"down":{"uv":[7.3125,10.0,7.125,10.0625],"tintindex":0,"rotation":0,"texture":"#0"}},"rotation":{"origin":[8.0,9.0,8.0],"angle":45.0,"axis":"x"}},{"from":[7.0,23.25,5.0],"to":[9.0,25.25,11.0],"faces":{"east":{"uv":[10.03125,0.0625,10.21875,0.125],"tintindex":0,"rotation":0,"texture":"#0"},"south":{"uv":[10.15625,2.34375,10.21875,2.40625],"tintindex":0,"rotation":0,"texture":"#0"},"north":{"uv":[2.3125,10.15625,2.375,10.21875],"tintindex":0,"rotation":0,"texture":"#0"},"west":{"uv":[10.03125,0.125,10.21875,0.1875],"tintindex":0,"rotation":0,"texture":"#0"},"up":{"uv":[8.59375,10.1875,8.53125,10.0],"tintindex":0,"rotation":0,"texture":"#0"},"down":{"uv":[9.75,10.0,9.6875,10.1875],"tintindex":0,"rotation":0,"texture":"#0"}},"rotation":{"origin":[8.0,24.25,8.0],"angle":-45.0,"axis":"z"}},{"from":[4.9999995,17.0,7.0],"to":[11.0,19.0,9.0],"faces":{"east":{"uv":[10.15625,1.90625,10.21875,1.96875],"tintindex":0,"rotation":0,"texture":"#0"},"south":{"uv":[10.0,8.28125,10.1875,8.34375],"tintindex":0,"rotation":0,"texture":"#0"},"north":{"uv":[7.3125,10.0,7.5,10.0625],"tintindex":0,"rotation":0,"texture":"#0"},"west":{"uv":[10.15625,1.96875,10.21875,2.03125],"tintindex":0,"rotation":0,"texture":"#0"},"up":{"uv":[10.1875,8.40625,10.0,8.34375],"tintindex":0,"rotation":0,"texture":"#0"},"down":{"uv":[10.1875,8.40625,10.0,8.46875],"tintindex":0,"rotation":0,"texture":"#0"}},"rotation":{"origin":[8.0,18.0,8.0],"angle":-45.0,"axis":"x"}},{"from":[10.0,9.0,7.0],"to":[12.0,18.0,9.0],"faces":{"east":{"uv":[9.78125,7.375,9.84375,7.65625],"tintindex":0,"rotation":0,"texture":"#0"},"south":{"uv":[9.78125,7.65625,9.84375,7.9375],"tintindex":0,"rotation":0,"texture":"#0"},"north":{"uv":[9.78125,7.09375,9.84375,7.375],"tintindex":0,"rotation":0,"texture":"#0"},"west":{"uv":[7.875,9.78125,7.9375,10.0625],"tintindex":0,"rotation":0,"texture":"#0"},"up":{"uv":[10.21875,2.09375,10.15625,2.03125],"tintindex":0,"rotation":0,"texture":"#0"},"down":{"uv":[2.125,10.15625,2.0625,10.21875],"tintindex":0,"rotation":0,"texture":"#0"}},"rotation":{"origin":[11.0,13.0,8.0],"angle":45.0,"axis":"y"}},{"from":[7.0,15.25,10.0],"to":[9.0,24.25,12.0],"faces":{"east":{"uv":[8.25,9.78125,8.3125,10.0625],"tintindex":0,"rotation":0,"texture":"#0"},"south":{"uv":[9.78125,8.5,9.84375,8.78125],"tintindex":0,"rotation":0,"texture":"#0"},"north":{"uv":[8.1875,9.78125,8.25,10.0625],"tintindex":0,"rotation":0,"texture":"#0"},"west":{"uv":[9.78125,8.78125,9.84375,9.0625],"tintindex":0,"rotation":0,"texture":"#0"},"up":{"uv":[10.21875,2.28125,10.15625,2.21875],"tintindex":0,"rotation":0,"texture":"#0"},"down":{"uv":[10.21875,2.28125,10.15625,2.34375],"tintindex":0,"rotation":0,"texture":"#0"}},"rotation":{"origin":[8.0,19.25,11.0],"angle":45.0,"axis":"y"}},{"from":[3.9999995,9.0,7.0],"to":[5.9999995,18.0,9.0],"faces":{"east":{"uv":[9.78125,5.6875,9.84375,5.96875],"tintindex":0,"rotation":0,"texture":"#0"},"south":{"uv":[9.78125,5.96875,9.84375,6.25],"tintindex":0,"rotation":0,"texture":"#0"},"north":{"uv":[5.21875,9.78125,5.28125,10.0625],"tintindex":0,"rotation":0,"texture":"#0"},"west":{"uv":[9.78125,6.8125,9.84375,7.09375],"tintindex":0,"rotation":0,"texture":"#0"},"up":{"uv":[10.21875,1.90625,10.15625,1.84375],"tintindex":0,"rotation":0,"texture":"#0"},"down":{"uv":[1.9375,10.15625,1.875,10.21875],"tintindex":0,"rotation":0,"texture":"#0"}},"rotation":{"origin":[4.9999995,14.0,8.0],"angle":-45.0,"axis":"y"}},{"from":[7.0,14.25,5.0],"to":[9.0,16.25,11.0],"faces":{"east":{"uv":[9.0,10.0,9.1875,10.0625],"tintindex":0,"rotation":0,"texture":"#0"},"south":{"uv":[2.125,10.15625,2.1875,10.21875],"tintindex":0,"rotation":0,"texture":"#0"},"north":{"uv":[10.15625,2.09375,10.21875,2.15625],"tintindex":0,"rotation":0,"texture":"#0"},"west":{"uv":[10.03125,0.0,10.21875,0.0625],"tintindex":0,"rotation":0,"texture":"#0"},"up":{"uv":[6.40625,10.1875,6.34375,10.0],"tintindex":0,"rotation":0,"texture":"#0"},"down":{"uv":[8.53125,10.0,8.46875,10.1875],"tintindex":0,"rotation":0,"texture":"#0"}},"rotation":{"origin":[8.0,15.25,8.0],"angle":45.0,"axis":"z"}},{"from":[7.0,15.25,4.0],"to":[9.0,24.25,6.0],"faces":{"east":{"uv":[8.0,9.78125,8.0625,10.0625],"tintindex":0,"rotation":0,"texture":"#0"},"south":{"uv":[8.0625,9.78125,8.125,10.0625],"tintindex":0,"rotation":0,"texture":"#0"},"north":{"uv":[7.9375,9.78125,8.0,10.0625],"tintindex":0,"rotation":0,"texture":"#0"},"west":{"uv":[8.125,9.78125,8.1875,10.0625],"tintindex":0,"rotation":0,"texture":"#0"},"up":{"uv":[10.21875,2.21875,10.15625,2.15625],"tintindex":0,"rotation":0,"texture":"#0"},"down":{"uv":[2.25,10.15625,2.1875,10.21875],"tintindex":0,"rotation":0,"texture":"#0"}},"rotation":{"origin":[8.0,20.25,5.0],"angle":-45.0,"axis":"y"}}],"display":{"gui":{"rotation":[30,225,0]}}}