{"textures":{"0":"minecraft:item/tc_cyclops"},"elements":[{"from":[5.0,8.0,7.0],"to":[11.0,10.0,9.0],"faces":{"east":{"uv":[10.125,6.1875,10.1875,6.25],"tintindex":0,"rotation":0,"texture":"#0"},"south":{"uv":[2.78125,10.0,2.96875,10.0625],"tintindex":0,"rotation":0,"texture":"#0"},"north":{"uv":[10.0,1.78125,10.1875,1.84375],"tintindex":0,"rotation":0,"texture":"#0"},"west":{"uv":[10.125,6.71875,10.1875,6.78125],"tintindex":0,"rotation":0,"texture":"#0"},"up":{"uv":[3.15625,10.0625,2.96875,10.0],"tintindex":0,"rotation":0,"texture":"#0"},"down":{"uv":[10.1875,3.09375,10.0,3.15625],"tintindex":0,"rotation":0,"texture":"#0"}},"rotation":{"origin":[8.0,9.0,8.0],"angle":45.0,"axis":"x"}},{"from":[7.0,23.25,5.0],"to":[9.0,25.25,11.0],"faces":{"east":{"uv":[10.0,3.40625,10.1875,3.46875],"tintindex":0,"rotation":0,"texture":"#0"},"south":{"uv":[10.125,9.96875,10.1875,10.03125],"tintindex":0,"rotation":0,"texture":"#0"},"north":{"uv":[10.125,9.90625,10.1875,9.96875],"tintindex":0,"rotation":0,"texture":"#0"},"west":{"uv":[3.53125,10.0,3.71875,10.0625],"tintindex":0,"rotation":0,"texture":"#0"},"up":{"uv":[3.78125,10.1875,3.71875,10.0],"tintindex":0,"rotation":0,"texture":"#0"},"down":{"uv":[3.84375,10.0,3.78125,10.1875],"tintindex":0,"rotation":0,"texture":"#0"}},"rotation":{"origin":[8.0,24.25,8.0],"angle":-45.0,"axis":"z"}},{"from":[10.0,9.0,7.0],"to":[12.0,18.0,9.0],"faces":{"east":{"uv":[0.875,9.78125,0.9375,10.0625],"tintindex":0,"rotation":0,"texture":"#0"},"south":{"uv":[0.9375,9.78125,1.0,10.0625],"tintindex":0,"rotation":0,"texture":"#0"},"north":{"uv":[0.34375,9.78125,0.40625,10.0625],"tintindex":0,"rotation":0,"texture":"#0"},"west":{"uv":[1.0,9.78125,1.0625,10.0625],"tintindex":0,"rotation":0,"texture":"#0"},"up":{"uv":[8.4375,10.1875,8.375,10.125],"tintindex":0,"rotation":0,"texture":"#0"},"down":{"uv":[8.65625,10.125,8.59375,10.1875],"tintindex":0,"rotation":0,"texture":"#0"}},"rotation":{"origin":[11.0,13.0,8.0],"angle":45.0,"axis":"y"}},{"from":[4.0,9.0,7.0],"to":[6.0,18.0,9.0],"faces":{"east":{"uv":[9.4375,9.75,9.5,10.03125],"tintindex":0,"rotation":0,"texture":"#0"},"south":{"uv":[9.5,9.75,9.5625,10.03125],"tintindex":0,"rotation":0,"texture":"#0"},"north":{"uv":[9.375,9.75,9.4375,10.03125],"tintindex":0,"rotation":0,"texture":"#0"},"west":{"uv":[9.75,9.5,9.8125,9.78125],"tintindex":0,"rotation":0,"texture":"#0"},"up":{"uv":[10.1875,6.84375,10.125,6.78125],"tintindex":0,"rotation":0,"texture":"#0"},"down":{"uv":[7.5,10.125,7.4375,10.1875],"tintindex":0,"rotation":0,"texture":"#0"}},"rotation":{"origin":[5.0,14.0,8.0],"angle":-45.0,"axis":"y"}},{"from":[5.0,17.0,7.0],"to":[11.0,19.0,9.0],"faces":{"east":{"uv":[10.125,7.59375,10.1875,7.65625],"tintindex":0,"rotation":0,"texture":"#0"},"south":{"uv":[10.0,3.15625,10.1875,3.21875],"tintindex":0,"rotation":0,"texture":"#0"},"north":{"uv":[3.15625,10.0,3.34375,10.0625],"tintindex":0,"rotation":0,"texture":"#0"},"west":{"uv":[10.125,7.65625,10.1875,7.71875],"tintindex":0,"rotation":0,"texture":"#0"},"up":{"uv":[10.1875,3.28125,10.0,3.21875],"tintindex":0,"rotation":0,"texture":"#0"},"down":{"uv":[10.1875,3.28125,10.0,3.34375],"tintindex":0,"rotation":0,"texture":"#0"}},"rotation":{"origin":[8.0,18.0,8.0],"angle":-45.0,"axis":"x"}},{"from":[7.0,15.25,10.0],"to":[9.0,24.25,12.0],"faces":{"east":{"uv":[1.3125,9.78125,1.375,10.0625],"tintindex":0,"rotation":0,"texture":"#0"},"south":{"uv":[1.375,9.78125,1.4375,10.0625],"tintindex":0,"rotation":0,"texture":"#0"},"north":{"uv":[1.25,9.78125,1.3125,10.0625],"tintindex":0,"rotation":0,"texture":"#0"},"west":{"uv":[1.6875,9.78125,1.75,10.0625],"tintindex":0,"rotation":0,"texture":"#0"},"up":{"uv":[9.8125,10.1875,9.75,10.125],"tintindex":0,"rotation":0,"texture":"#0"},"down":{"uv":[10.1875,9.84375,10.125,9.90625],"tintindex":0,"rotation":0,"texture":"#0"}},"rotation":{"origin":[8.0,19.25,11.0],"angle":45.0,"axis":"y"}},{"from":[7.0,14.25,5.0],"to":[9.0,16.25,11.0],"faces":{"east":{"uv":[3.34375,10.0,3.53125,10.0625],"tintindex":0,"rotation":0,"texture":"#0"},"south":{"uv":[8.71875,10.125,8.78125,10.1875],"tintindex":0,"rotation":0,"texture":"#0"},"north":{"uv":[8.65625,10.125,8.71875,10.1875],"tintindex":0,"rotation":0,"texture":"#0"},"west":{"uv":[10.0,3.34375,10.1875,3.40625],"tintindex":0,"rotation":0,"texture":"#0"},"up":{"uv":[2.0,10.1875,1.9375,10.0],"tintindex":0,"rotation":0,"texture":"#0"},"down":{"uv":[2.0625,10.0,2.0,10.1875],"tintindex":0,"rotation":0,"texture":"#0"}},"rotation":{"origin":[8.0,15.25,8.0],"angle":45.0,"axis":"z"}},{"from":[7.0,15.25,4.0],"to":[9.0,24.25,6.0],"faces":{"east":{"uv":[1.125,9.78125,1.1875,10.0625],"tintindex":0,"rotation":0,"texture":"#0"},"south":{"uv":[9.78125,1.125,9.84375,1.40625],"tintindex":0,"rotation":0,"texture":"#0"},"north":{"uv":[1.0625,9.78125,1.125,10.0625],"tintindex":0,"rotation":0,"texture":"#0"},"west":{"uv":[1.1875,9.78125,1.25,10.0625],"tintindex":0,"rotation":0,"texture":"#0"},"up":{"uv":[10.1875,9.34375,10.125,9.28125],"tintindex":0,"rotation":0,"texture":"#0"},"down":{"uv":[10.1875,9.34375,10.125,9.40625],"tintindex":0,"rotation":0,"texture":"#0"}},"rotation":{"origin":[8.0,20.25,5.0],"angle":-45.0,"axis":"y"}}],"display":{"gui":{"rotation":[30,225,0]}}}