{"textures":{"0":"minecraft:item/tc_cyclops"},"elements":[{"from":[4.0,9.0,7.0],"to":[6.0,18.0,9.0],"faces":{"east":{"uv":[9.71875,3.46875,9.78125,3.75],"tintindex":0,"rotation":0,"texture":"#0"},"south":{"uv":[9.71875,3.75,9.78125,4.03125],"tintindex":0,"rotation":0,"texture":"#0"},"north":{"uv":[9.71875,3.1875,9.78125,3.46875],"tintindex":0,"rotation":0,"texture":"#0"},"west":{"uv":[9.71875,4.03125,9.78125,4.3125],"tintindex":0,"rotation":0,"texture":"#0"},"up":{"uv":[2.5,10.15625,2.4375,10.09375],"tintindex":0,"rotation":0,"texture":"#0"},"down":{"uv":[2.5625,10.09375,2.5,10.15625],"tintindex":0,"rotation":0,"texture":"#0"}},"rotation":{"origin":[5.0,14.0,8.0],"angle":-45.0,"axis":"y"}},{"from":[5.0,17.0,7.0],"to":[11.0,19.0,9.0],"faces":{"east":{"uv":[2.5625,10.09375,2.625,10.15625],"tintindex":0,"rotation":0,"texture":"#0"},"south":{"uv":[9.9375,6.8125,10.125,6.875],"tintindex":0,"rotation":0,"texture":"#0"},"north":{"uv":[9.9375,6.75,10.125,6.8125],"tintindex":0,"rotation":0,"texture":"#0"},"west":{"uv":[2.625,10.09375,2.6875,10.15625],"tintindex":0,"rotation":0,"texture":"#0"},"up":{"uv":[7.3125,10.0,7.125,9.9375],"tintindex":0,"rotation":0,"texture":"#0"},"down":{"uv":[7.5,9.9375,7.3125,10.0],"tintindex":0,"rotation":0,"texture":"#0"}},"rotation":{"origin":[8.0,18.0,8.0],"angle":-45.0,"axis":"x"}},{"from":[5.0,8.0,7.0],"to":[11.0,10.0,9.0],"faces":{"east":{"uv":[2.3125,10.09375,2.375,10.15625],"tintindex":0,"rotation":0,"texture":"#0"},"south":{"uv":[9.9375,6.0625,10.125,6.125],"tintindex":0,"rotation":0,"texture":"#0"},"north":{"uv":[9.9375,6.0,10.125,6.0625],"tintindex":0,"rotation":0,"texture":"#0"},"west":{"uv":[2.375,10.09375,2.4375,10.15625],"tintindex":0,"rotation":0,"texture":"#0"},"up":{"uv":[10.125,6.1875,9.9375,6.125],"tintindex":0,"rotation":0,"texture":"#0"},"down":{"uv":[10.125,6.1875,9.9375,6.25],"tintindex":0,"rotation":0,"texture":"#0"}},"rotation":{"origin":[8.0,9.0,8.0],"angle":45.0,"axis":"x"}},{"from":[7.0,15.25,4.0],"to":[9.0,24.25,6.0],"faces":{"east":{"uv":[5.4375,9.71875,5.5,10.0],"tintindex":0,"rotation":0,"texture":"#0"},"south":{"uv":[5.5,9.71875,5.5625,10.0],"tintindex":0,"rotation":0,"texture":"#0"},"north":{"uv":[5.375,9.71875,5.4375,10.0],"tintindex":0,"rotation":0,"texture":"#0"},"west":{"uv":[5.5625,9.71875,5.625,10.0],"tintindex":0,"rotation":0,"texture":"#0"},"up":{"uv":[4.40625,10.15625,4.34375,10.09375],"tintindex":0,"rotation":0,"texture":"#0"},"down":{"uv":[4.46875,10.09375,4.40625,10.15625],"tintindex":0,"rotation":0,"texture":"#0"}},"rotation":{"origin":[8.0,20.25,5.0],"angle":-45.0,"axis":"y"}},{"from":[7.0,15.25,10.0],"to":[9.0,24.25,12.0],"faces":{"east":{"uv":[5.6875,9.71875,5.75,10.0],"tintindex":0,"rotation":0,"texture":"#0"},"south":{"uv":[9.71875,5.6875,9.78125,5.96875],"tintindex":0,"rotation":0,"texture":"#0"},"north":{"uv":[5.625,9.71875,5.6875,10.0],"tintindex":0,"rotation":0,"texture":"#0"},"west":{"uv":[5.75,9.71875,5.8125,10.0],"tintindex":0,"rotation":0,"texture":"#0"},"up":{"uv":[10.15625,5.15625,10.09375,5.09375],"tintindex":0,"rotation":0,"texture":"#0"},"down":{"uv":[10.15625,5.15625,10.09375,5.21875],"tintindex":0,"rotation":0,"texture":"#0"}},"rotation":{"origin":[8.0,19.25,11.0],"angle":45.0,"axis":"y"}},{"from":[7.0,14.25,5.0],"to":[9.0,16.25,11.0],"faces":{"east":{"uv":[9.9375,7.59375,10.125,7.65625],"tintindex":0,"rotation":0,"texture":"#0"},"south":{"uv":[4.28125,10.09375,4.34375,10.15625],"tintindex":0,"rotation":0,"texture":"#0"},"north":{"uv":[4.21875,10.09375,4.28125,10.15625],"tintindex":0,"rotation":0,"texture":"#0"},"west":{"uv":[9.9375,7.65625,10.125,7.71875],"tintindex":0,"rotation":0,"texture":"#0"},"up":{"uv":[8.46875,10.125,8.40625,9.9375],"tintindex":0,"rotation":0,"texture":"#0"},"down":{"uv":[8.6875,9.9375,8.625,10.125],"tintindex":0,"rotation":0,"texture":"#0"}},"rotation":{"origin":[8.0,15.25,8.0],"angle":45.0,"axis":"z"}},{"from":[10.0,9.0,7.0],"to":[12.0,18.0,9.0],"faces":{"east":{"uv":[4.59375,9.71875,4.65625,10.0],"tintindex":0,"rotation":0,"texture":"#0"},"south":{"uv":[4.65625,9.71875,4.71875,10.0],"tintindex":0,"rotation":0,"texture":"#0"},"north":{"uv":[4.53125,9.71875,4.59375,10.0],"tintindex":0,"rotation":0,"texture":"#0"},"west":{"uv":[9.71875,4.84375,9.78125,5.125],"tintindex":0,"rotation":0,"texture":"#0"},"up":{"uv":[4.15625,10.15625,4.09375,10.09375],"tintindex":0,"rotation":0,"texture":"#0"},"down":{"uv":[4.21875,10.09375,4.15625,10.15625],"tintindex":0,"rotation":0,"texture":"#0"}},"rotation":{"origin":[11.0,13.0,8.0],"angle":45.0,"axis":"y"}},{"from":[7.0,23.25,5.0],"to":[9.0,25.25,11.0],"faces":{"east":{"uv":[9.9375,9.90625,10.125,9.96875],"tintindex":0,"rotation":0,"texture":"#0"},"south":{"uv":[10.09375,7.0625,10.15625,7.125],"tintindex":0,"rotation":0,"texture":"#0"},"north":{"uv":[10.09375,5.21875,10.15625,5.28125],"tintindex":0,"rotation":0,"texture":"#0"},"west":{"uv":[9.96875,1.96875,10.15625,2.03125],"tintindex":0,"rotation":0,"texture":"#0"},"up":{"uv":[8.75,10.125,8.6875,9.9375],"tintindex":0,"rotation":0,"texture":"#0"},"down":{"uv":[8.8125,9.9375,8.75,10.125],"tintindex":0,"rotation":0,"texture":"#0"}},"rotation":{"origin":[8.0,24.25,8.0],"angle":-45.0,"axis":"z"}}],"display":{"gui":{"rotation":[30,225,0]}}}