{"textures":{"0":"minecraft:item/tc_cyclops"},"elements":[{"from":[10.0,9.0,7.0],"to":[12.0,18.0,9.0],"faces":{"east":{"uv":[2.5,9.8125,2.5625,10.09375],"tintindex":0,"rotation":0,"texture":"#0"},"south":{"uv":[9.8125,2.53125,9.875,2.8125],"tintindex":0,"rotation":0,"texture":"#0"},"north":{"uv":[2.4375,9.8125,2.5,10.09375],"tintindex":0,"rotation":0,"texture":"#0"},"west":{"uv":[2.5625,9.8125,2.625,10.09375],"tintindex":0,"rotation":0,"texture":"#0"},"up":{"uv":[3.3125,10.21875,3.25,10.15625],"tintindex":0,"rotation":0,"texture":"#0"},"down":{"uv":[3.375,10.15625,3.3125,10.21875],"tintindex":0,"rotation":0,"texture":"#0"}},"rotation":{"origin":[11.0,13.0,8.0],"angle":45.0,"axis":"y"}},{"from":[7.0,15.25,4.0],"to":[9.0,24.25,6.0],"faces":{"east":{"uv":[9.8125,4.09375,9.875,4.375],"tintindex":0,"rotation":0,"texture":"#0"},"south":{"uv":[4.125,9.8125,4.1875,10.09375],"tintindex":0,"rotation":0,"texture":"#0"},"north":{"uv":[2.625,9.8125,2.6875,10.09375],"tintindex":0,"rotation":0,"texture":"#0"},"west":{"uv":[4.1875,9.8125,4.25,10.09375],"tintindex":0,"rotation":0,"texture":"#0"},"up":{"uv":[3.5625,10.21875,3.5,10.15625],"tintindex":0,"rotation":0,"texture":"#0"},"down":{"uv":[3.625,10.15625,3.5625,10.21875],"tintindex":0,"rotation":0,"texture":"#0"}},"rotation":{"origin":[8.0,20.25,5.0],"angle":-45.0,"axis":"y"}},{"from":[7.0,15.25,10.0],"to":[9.0,24.25,12.0],"faces":{"east":{"uv":[4.3125,9.8125,4.375,10.09375],"tintindex":0,"rotation":0,"texture":"#0"},"south":{"uv":[4.375,9.8125,4.4375,10.09375],"tintindex":0,"rotation":0,"texture":"#0"},"north":{"uv":[4.25,9.8125,4.3125,10.09375],"tintindex":0,"rotation":0,"texture":"#0"},"west":{"uv":[4.4375,9.8125,4.5,10.09375],"tintindex":0,"rotation":0,"texture":"#0"},"up":{"uv":[3.6875,10.21875,3.625,10.15625],"tintindex":0,"rotation":0,"texture":"#0"},"down":{"uv":[3.90625,10.15625,3.84375,10.21875],"tintindex":0,"rotation":0,"texture":"#0"}},"rotation":{"origin":[8.0,19.25,11.0],"angle":45.0,"axis":"y"}},{"from":[3.9999995,9.0,7.0],"to":[6.0,18.0,9.0],"faces":{"east":{"uv":[9.8125,2.25,9.875,2.53125],"tintindex":0,"rotation":0,"texture":"#0"},"south":{"uv":[2.3125,9.8125,2.375,10.09375],"tintindex":0,"rotation":0,"texture":"#0"},"north":{"uv":[9.8125,1.96875,9.875,2.25],"tintindex":0,"rotation":0,"texture":"#0"},"west":{"uv":[2.375,9.8125,2.4375,10.09375],"tintindex":0,"rotation":0,"texture":"#0"},"up":{"uv":[3.0625,10.21875,3.0,10.15625],"tintindex":0,"rotation":0,"texture":"#0"},"down":{"uv":[3.125,10.15625,3.0625,10.21875],"tintindex":0,"rotation":0,"texture":"#0"}},"rotation":{"origin":[5.0,14.0,8.0],"angle":-45.0,"axis":"y"}},{"from":[7.0,14.25,5.0],"to":[9.0,16.25,11.0],"faces":{"east":{"uv":[10.03125,8.90625,10.21875,8.96875],"tintindex":0,"rotation":0,"texture":"#0"},"south":{"uv":[3.4375,10.15625,3.5,10.21875],"tintindex":0,"rotation":0,"texture":"#0"},"north":{"uv":[3.375,10.15625,3.4375,10.21875],"tintindex":0,"rotation":0,"texture":"#0"},"west":{"uv":[10.03125,8.96875,10.21875,9.03125],"tintindex":0,"rotation":0,"texture":"#0"},"up":{"uv":[6.53125,10.21875,6.46875,10.03125],"tintindex":0,"rotation":0,"texture":"#0"},"down":{"uv":[7.0,10.03125,6.9375,10.21875],"tintindex":0,"rotation":0,"texture":"#0"}},"rotation":{"origin":[8.0,15.25,8.0],"angle":45.0,"axis":"z"}},{"from":[5.0,17.0,7.0],"to":[11.0,19.0,9.0],"faces":{"east":{"uv":[3.125,10.15625,3.1875,10.21875],"tintindex":0,"rotation":0,"texture":"#0"},"south":{"uv":[10.03125,7.84375,10.21875,7.90625],"tintindex":0,"rotation":0,"texture":"#0"},"north":{"uv":[10.03125,7.78125,10.21875,7.84375],"tintindex":0,"rotation":0,"texture":"#0"},"west":{"uv":[3.1875,10.15625,3.25,10.21875],"tintindex":0,"rotation":0,"texture":"#0"},"up":{"uv":[10.21875,8.53125,10.03125,8.46875],"tintindex":0,"rotation":0,"texture":"#0"},"down":{"uv":[9.0,10.03125,8.8125,10.09375],"tintindex":0,"rotation":0,"texture":"#0"}},"rotation":{"origin":[8.0,18.0,8.0],"angle":-45.0,"axis":"x"}},{"from":[5.0,8.0,7.0],"to":[11.0,10.0,9.0],"faces":{"east":{"uv":[2.875,10.15625,2.9375,10.21875],"tintindex":0,"rotation":0,"texture":"#0"},"south":{"uv":[10.03125,7.46875,10.21875,7.53125],"tintindex":0,"rotation":0,"texture":"#0"},"north":{"uv":[10.03125,7.0,10.21875,7.0625],"tintindex":0,"rotation":0,"texture":"#0"},"west":{"uv":[2.9375,10.15625,3.0,10.21875],"tintindex":0,"rotation":0,"texture":"#0"},"up":{"uv":[10.21875,7.59375,10.03125,7.53125],"tintindex":0,"rotation":0,"texture":"#0"},"down":{"uv":[10.21875,7.71875,10.03125,7.78125],"tintindex":0,"rotation":0,"texture":"#0"}},"rotation":{"origin":[8.0,9.0,8.0],"angle":45.0,"axis":"x"}},{"from":[7.0,23.25,5.0],"to":[9.0,25.25,11.0],"faces":{"east":{"uv":[10.03125,9.03125,10.21875,9.09375],"tintindex":0,"rotation":0,"texture":"#0"},"south":{"uv":[3.96875,10.15625,4.03125,10.21875],"tintindex":0,"rotation":0,"texture":"#0"},"north":{"uv":[3.90625,10.15625,3.96875,10.21875],"tintindex":0,"rotation":0,"texture":"#0"},"west":{"uv":[10.03125,9.09375,10.21875,9.15625],"tintindex":0,"rotation":0,"texture":"#0"},"up":{"uv":[7.0625,10.21875,7.0,10.03125],"tintindex":0,"rotation":0,"texture":"#0"},"down":{"uv":[8.375,10.03125,8.3125,10.21875],"tintindex":0,"rotation":0,"texture":"#0"}},"rotation":{"origin":[8.0,24.25,8.0],"angle":-45.0,"axis":"z"}}],"display":{"gui":{"rotation":[30,225,0]}}}