{"textures":{"0":"minecraft:item/tc_cyclops"},"elements":[{"from":[5.0,17.0,7.0],"to":[11.0,19.0,9.0],"faces":{"east":{"uv":[10.09375,7.375,10.15625,7.4375],"tintindex":0,"rotation":0,"texture":"#0"},"south":{"uv":[9.96875,2.34375,10.15625,2.40625],"tintindex":0,"rotation":0,"texture":"#0"},"north":{"uv":[9.96875,2.28125,10.15625,2.34375],"tintindex":0,"rotation":0,"texture":"#0"},"west":{"uv":[7.5625,10.09375,7.625,10.15625],"tintindex":0,"rotation":0,"texture":"#0"},"up":{"uv":[10.15625,2.46875,9.96875,2.40625],"tintindex":0,"rotation":0,"texture":"#0"},"down":{"uv":[10.15625,2.46875,9.96875,2.53125],"tintindex":0,"rotation":0,"texture":"#0"}},"rotation":{"origin":[8.0,18.0,8.0],"angle":-45.0,"axis":"x"}},{"from":[7.0,14.25,5.0],"to":[9.0,16.25,11.0],"faces":{"east":{"uv":[9.96875,2.53125,10.15625,2.59375],"tintindex":0,"rotation":0,"texture":"#0"},"south":{"uv":[8.8125,10.09375,8.875,10.15625],"tintindex":0,"rotation":0,"texture":"#0"},"north":{"uv":[10.09375,8.03125,10.15625,8.09375],"tintindex":0,"rotation":0,"texture":"#0"},"west":{"uv":[9.96875,2.59375,10.15625,2.65625],"tintindex":0,"rotation":0,"texture":"#0"},"up":{"uv":[10.03125,4.21875,9.96875,4.03125],"tintindex":0,"rotation":0,"texture":"#0"},"down":{"uv":[10.03125,5.125,9.96875,5.3125],"tintindex":0,"rotation":0,"texture":"#0"}},"rotation":{"origin":[8.0,15.25,8.0],"angle":45.0,"axis":"z"}},{"from":[4.0,9.0,7.0],"to":[6.0,18.0,9.0],"faces":{"east":{"uv":[9.71875,5.96875,9.78125,6.25],"tintindex":0,"rotation":0,"texture":"#0"},"south":{"uv":[6.0625,9.71875,6.125,10.0],"tintindex":0,"rotation":0,"texture":"#0"},"north":{"uv":[5.8125,9.71875,5.875,10.0],"tintindex":0,"rotation":0,"texture":"#0"},"west":{"uv":[6.125,9.71875,6.1875,10.0],"tintindex":0,"rotation":0,"texture":"#0"},"up":{"uv":[10.15625,7.3125,10.09375,7.25],"tintindex":0,"rotation":0,"texture":"#0"},"down":{"uv":[10.15625,7.3125,10.09375,7.375],"tintindex":0,"rotation":0,"texture":"#0"}},"rotation":{"origin":[5.0,14.0,8.0],"angle":-45.0,"axis":"y"}},{"from":[7.0,15.25,10.0],"to":[9.0,24.25,12.0],"faces":{"east":{"uv":[8.5625,9.71875,8.625,10.0],"tintindex":0,"rotation":0,"texture":"#0"},"south":{"uv":[9.71875,8.65625,9.78125,8.9375],"tintindex":0,"rotation":0,"texture":"#0"},"north":{"uv":[8.5,9.71875,8.5625,10.0],"tintindex":0,"rotation":0,"texture":"#0"},"west":{"uv":[9.71875,8.9375,9.78125,9.21875],"tintindex":0,"rotation":0,"texture":"#0"},"up":{"uv":[10.15625,9.46875,10.09375,9.40625],"tintindex":0,"rotation":0,"texture":"#0"},"down":{"uv":[10.15625,9.78125,10.09375,9.84375],"tintindex":0,"rotation":0,"texture":"#0"}},"rotation":{"origin":[8.0,19.25,11.0],"angle":45.0,"axis":"y"}},{"from":[5.0,8.0,7.0],"to":[11.0,10.0,9.0],"faces":{"east":{"uv":[10.09375,7.125,10.15625,7.1875],"tintindex":0,"rotation":0,"texture":"#0"},"south":{"uv":[9.96875,2.09375,10.15625,2.15625],"tintindex":0,"rotation":0,"texture":"#0"},"north":{"uv":[9.96875,2.03125,10.15625,2.09375],"tintindex":0,"rotation":0,"texture":"#0"},"west":{"uv":[10.09375,7.1875,10.15625,7.25],"tintindex":0,"rotation":0,"texture":"#0"},"up":{"uv":[10.15625,2.21875,9.96875,2.15625],"tintindex":0,"rotation":0,"texture":"#0"},"down":{"uv":[10.15625,2.21875,9.96875,2.28125],"tintindex":0,"rotation":0,"texture":"#0"}},"rotation":{"origin":[8.0,9.0,8.0],"angle":45.0,"axis":"x"}},{"from":[10.0,9.0,7.0],"to":[12.0,18.0,9.0],"faces":{"east":{"uv":[6.25,9.71875,6.3125,10.0],"tintindex":0,"rotation":0,"texture":"#0"},"south":{"uv":[6.3125,9.71875,6.375,10.0],"tintindex":0,"rotation":0,"texture":"#0"},"north":{"uv":[6.1875,9.71875,6.25,10.0],"tintindex":0,"rotation":0,"texture":"#0"},"west":{"uv":[6.375,9.71875,6.4375,10.0],"tintindex":0,"rotation":0,"texture":"#0"},"up":{"uv":[10.15625,7.96875,10.09375,7.90625],"tintindex":0,"rotation":0,"texture":"#0"},"down":{"uv":[10.15625,7.96875,10.09375,8.03125],"tintindex":0,"rotation":0,"texture":"#0"}},"rotation":{"origin":[11.0,13.0,8.0],"angle":45.0,"axis":"y"}},{"from":[7.0,15.25,4.0],"to":[9.0,24.25,6.0],"faces":{"east":{"uv":[9.71875,7.09375,9.78125,7.375],"tintindex":0,"rotation":0,"texture":"#0"},"south":{"uv":[9.71875,7.375,9.78125,7.65625],"tintindex":0,"rotation":0,"texture":"#0"},"north":{"uv":[9.71875,6.8125,9.78125,7.09375],"tintindex":0,"rotation":0,"texture":"#0"},"west":{"uv":[9.71875,7.65625,9.78125,7.9375],"tintindex":0,"rotation":0,"texture":"#0"},"up":{"uv":[8.9375,10.15625,8.875,10.09375],"tintindex":0,"rotation":0,"texture":"#0"},"down":{"uv":[9.0,10.09375,8.9375,10.15625],"tintindex":0,"rotation":0,"texture":"#0"}},"rotation":{"origin":[8.0,20.25,5.0],"angle":-45.0,"axis":"y"}},{"from":[7.0,23.25,5.0],"to":[9.0,25.25,11.0],"faces":{"east":{"uv":[9.96875,2.65625,10.15625,2.71875],"tintindex":0,"rotation":0,"texture":"#0"},"south":{"uv":[0.5625,10.125,0.625,10.1875],"tintindex":0,"rotation":0,"texture":"#0"},"north":{"uv":[9.875,10.09375,9.9375,10.15625],"tintindex":0,"rotation":0,"texture":"#0"},"west":{"uv":[9.96875,4.21875,10.15625,4.28125],"tintindex":0,"rotation":0,"texture":"#0"},"up":{"uv":[7.5625,10.15625,7.5,9.96875],"tintindex":0,"rotation":0,"texture":"#0"},"down":{"uv":[7.71875,9.96875,7.65625,10.15625],"tintindex":0,"rotation":0,"texture":"#0"}},"rotation":{"origin":[8.0,24.25,8.0],"angle":-45.0,"axis":"z"}}],"display":{"gui":{"rotation":[30,225,0]}}}