{"textures":{"0":"minecraft:item/tc_cyclops"},"elements":[{"from":[10.0,9.0,7.0],"to":[12.0,18.0,9.0],"faces":{"east":{"uv":[9.75,6.25,9.8125,6.53125],"tintindex":0,"rotation":0,"texture":"#0"},"south":{"uv":[6.4375,9.75,6.5,10.03125],"tintindex":0,"rotation":0,"texture":"#0"},"north":{"uv":[5.96875,9.75,6.03125,10.03125],"tintindex":0,"rotation":0,"texture":"#0"},"west":{"uv":[6.5,9.75,6.5625,10.03125],"tintindex":0,"rotation":0,"texture":"#0"},"up":{"uv":[10.1875,3.96875,10.125,3.90625],"tintindex":0,"rotation":0,"texture":"#0"},"down":{"uv":[10.1875,3.96875,10.125,4.03125],"tintindex":0,"rotation":0,"texture":"#0"}},"rotation":{"origin":[11.0,13.0,8.0],"angle":45.0,"axis":"y"}},{"from":[5.0,8.0,7.0],"to":[11.0,10.0,9.0],"faces":{"east":{"uv":[10.125,3.53125,10.1875,3.59375],"tintindex":0,"rotation":0,"texture":"#0"},"south":{"uv":[9.96875,9.53125,10.15625,9.59375],"tintindex":0,"rotation":0,"texture":"#0"},"north":{"uv":[9.96875,9.46875,10.15625,9.53125],"tintindex":0,"rotation":0,"texture":"#0"},"west":{"uv":[10.125,3.59375,10.1875,3.65625],"tintindex":0,"rotation":0,"texture":"#0"},"up":{"uv":[10.15625,9.65625,9.96875,9.59375],"tintindex":0,"rotation":0,"texture":"#0"},"down":{"uv":[10.15625,9.65625,9.96875,9.71875],"tintindex":0,"rotation":0,"texture":"#0"}},"rotation":{"origin":[8.0,9.0,8.0],"angle":45.0,"axis":"x"}},{"from":[5.0,17.0,7.0],"to":[11.0,19.0,9.0],"faces":{"east":{"uv":[10.125,3.78125,10.1875,3.84375],"tintindex":0,"rotation":0,"texture":"#0"},"south":{"uv":[9.9375,9.96875,10.125,10.03125],"tintindex":0,"rotation":0,"texture":"#0"},"north":{"uv":[9.96875,9.71875,10.15625,9.78125],"tintindex":0,"rotation":0,"texture":"#0"},"west":{"uv":[10.125,3.84375,10.1875,3.90625],"tintindex":0,"rotation":0,"texture":"#0"},"up":{"uv":[10.1875,0.4375,10.0,0.375],"tintindex":0,"rotation":0,"texture":"#0"},"down":{"uv":[0.59375,10.0,0.40625,10.0625],"tintindex":0,"rotation":0,"texture":"#0"}},"rotation":{"origin":[8.0,18.0,8.0],"angle":-45.0,"axis":"x"}},{"from":[7.0,15.25,4.0],"to":[9.0,24.25,6.0],"faces":{"east":{"uv":[6.9375,9.75,7.0,10.03125],"tintindex":0,"rotation":0,"texture":"#0"},"south":{"uv":[7.0,9.75,7.0625,10.03125],"tintindex":0,"rotation":0,"texture":"#0"},"north":{"uv":[9.75,6.53125,9.8125,6.8125],"tintindex":0,"rotation":0,"texture":"#0"},"west":{"uv":[9.75,7.9375,9.8125,8.21875],"tintindex":0,"rotation":0,"texture":"#0"},"up":{"uv":[10.1875,4.5625,10.125,4.5],"tintindex":0,"rotation":0,"texture":"#0"},"down":{"uv":[10.1875,4.96875,10.125,5.03125],"tintindex":0,"rotation":0,"texture":"#0"}},"rotation":{"origin":[8.0,20.25,5.0],"angle":-45.0,"axis":"y"}},{"from":[7.0,23.25,5.0],"to":[9.0,25.25,11.0],"faces":{"east":{"uv":[10.0,1.65625,10.1875,1.71875],"tintindex":0,"rotation":0,"texture":"#0"},"south":{"uv":[10.125,6.125,10.1875,6.1875],"tintindex":0,"rotation":0,"texture":"#0"},"north":{"uv":[10.125,6.0625,10.1875,6.125],"tintindex":0,"rotation":0,"texture":"#0"},"west":{"uv":[10.0,1.71875,10.1875,1.78125],"tintindex":0,"rotation":0,"texture":"#0"},"up":{"uv":[0.3125,10.1875,0.25,10.0],"tintindex":0,"rotation":0,"texture":"#0"},"down":{"uv":[1.5625,10.0,1.5,10.1875],"tintindex":0,"rotation":0,"texture":"#0"}},"rotation":{"origin":[8.0,24.25,8.0],"angle":-45.0,"axis":"z"}},{"from":[7.0,14.25,5.0],"to":[9.0,16.25,11.0],"faces":{"east":{"uv":[10.0,0.4375,10.1875,0.5],"tintindex":0,"rotation":0,"texture":"#0"},"south":{"uv":[10.125,4.4375,10.1875,4.5],"tintindex":0,"rotation":0,"texture":"#0"},"north":{"uv":[10.125,4.375,10.1875,4.4375],"tintindex":0,"rotation":0,"texture":"#0"},"west":{"uv":[10.0,0.5,10.1875,0.5625],"tintindex":0,"rotation":0,"texture":"#0"},"up":{"uv":[9.625,10.15625,9.5625,9.96875],"tintindex":0,"rotation":0,"texture":"#0"},"down":{"uv":[9.6875,9.96875,9.625,10.15625],"tintindex":0,"rotation":0,"texture":"#0"}},"rotation":{"origin":[8.0,15.25,8.0],"angle":45.0,"axis":"z"}},{"from":[4.0,9.0,7.0],"to":[6.0,18.0,9.0],"faces":{"east":{"uv":[9.75,4.3125,9.8125,4.59375],"tintindex":0,"rotation":0,"texture":"#0"},"south":{"uv":[9.75,5.125,9.8125,5.40625],"tintindex":0,"rotation":0,"texture":"#0"},"north":{"uv":[9.75,2.6875,9.8125,2.96875],"tintindex":0,"rotation":0,"texture":"#0"},"west":{"uv":[9.75,5.40625,9.8125,5.6875],"tintindex":0,"rotation":0,"texture":"#0"},"up":{"uv":[10.1875,3.71875,10.125,3.65625],"tintindex":0,"rotation":0,"texture":"#0"},"down":{"uv":[10.1875,3.71875,10.125,3.78125],"tintindex":0,"rotation":0,"texture":"#0"}},"rotation":{"origin":[5.0,14.0,8.0],"angle":-45.0,"axis":"y"}},{"from":[7.0,15.25,10.0],"to":[9.0,24.25,12.0],"faces":{"east":{"uv":[8.34375,9.75,8.40625,10.03125],"tintindex":0,"rotation":0,"texture":"#0"},"south":{"uv":[9.21875,9.75,9.28125,10.03125],"tintindex":0,"rotation":0,"texture":"#0"},"north":{"uv":[9.75,8.21875,9.8125,8.5],"tintindex":0,"rotation":0,"texture":"#0"},"west":{"uv":[9.75,9.21875,9.8125,9.5],"tintindex":0,"rotation":0,"texture":"#0"},"up":{"uv":[10.1875,5.8125,10.125,5.75],"tintindex":0,"rotation":0,"texture":"#0"},"down":{"uv":[10.1875,6.0,10.125,6.0625],"tintindex":0,"rotation":0,"texture":"#0"}},"rotation":{"origin":[8.0,19.25,11.0],"angle":45.0,"axis":"y"}}],"display":{"gui":{"rotation":[30,225,0]}}}