{"textures":{"0":"minecraft:item/tc_cyclops"},"elements":[{"from":[7.0,14.25,5.0],"to":[9.0,16.25,11.0],"faces":{"east":{"uv":[9.96875,8.78125,10.15625,8.84375],"tintindex":0,"rotation":0,"texture":"#0"},"south":{"uv":[10.125,1.46875,10.1875,1.53125],"tintindex":0,"rotation":0,"texture":"#0"},"north":{"uv":[10.125,1.1875,10.1875,1.25],"tintindex":0,"rotation":0,"texture":"#0"},"west":{"uv":[8.8125,9.96875,9.0,10.03125],"tintindex":0,"rotation":0,"texture":"#0"},"up":{"uv":[7.78125,10.15625,7.71875,9.96875],"tintindex":0,"rotation":0,"texture":"#0"},"down":{"uv":[7.84375,9.96875,7.78125,10.15625],"tintindex":0,"rotation":0,"texture":"#0"}},"rotation":{"origin":[8.0,15.25,8.0],"angle":45.0,"axis":"z"}},{"from":[5.0,17.0,7.0],"to":[11.0,19.0,9.0],"faces":{"east":{"uv":[10.125,0.8125,10.1875,0.875],"tintindex":0,"rotation":0,"texture":"#0"},"south":{"uv":[9.96875,8.59375,10.15625,8.65625],"tintindex":0,"rotation":0,"texture":"#0"},"north":{"uv":[9.96875,8.53125,10.15625,8.59375],"tintindex":0,"rotation":0,"texture":"#0"},"west":{"uv":[10.125,0.875,10.1875,0.9375],"tintindex":0,"rotation":0,"texture":"#0"},"up":{"uv":[10.15625,8.71875,9.96875,8.65625],"tintindex":0,"rotation":0,"texture":"#0"},"down":{"uv":[10.15625,8.71875,9.96875,8.78125],"tintindex":0,"rotation":0,"texture":"#0"}},"rotation":{"origin":[8.0,18.0,8.0],"angle":-45.0,"axis":"x"}},{"from":[7.0,15.25,4.0],"to":[9.0,24.25,6.0],"faces":{"east":{"uv":[9.75,1.84375,9.8125,2.125],"tintindex":0,"rotation":0,"texture":"#0"},"south":{"uv":[2.0625,9.75,2.125,10.03125],"tintindex":0,"rotation":0,"texture":"#0"},"north":{"uv":[9.75,1.5625,9.8125,1.84375],"tintindex":0,"rotation":0,"texture":"#0"},"west":{"uv":[2.125,9.75,2.1875,10.03125],"tintindex":0,"rotation":0,"texture":"#0"},"up":{"uv":[10.1875,1.59375,10.125,1.53125],"tintindex":0,"rotation":0,"texture":"#0"},"down":{"uv":[1.625,10.125,1.5625,10.1875],"tintindex":0,"rotation":0,"texture":"#0"}},"rotation":{"origin":[8.0,20.25,5.0],"angle":-45.0,"axis":"y"}},{"from":[10.0,9.0,7.0],"to":[12.0,18.0,9.0],"faces":{"east":{"uv":[9.75,0.28125,9.8125,0.5625],"tintindex":0,"rotation":0,"texture":"#0"},"south":{"uv":[9.75,0.5625,9.8125,0.84375],"tintindex":0,"rotation":0,"texture":"#0"},"north":{"uv":[9.75,0.0,9.8125,0.28125],"tintindex":0,"rotation":0,"texture":"#0"},"west":{"uv":[9.75,0.84375,9.8125,1.125],"tintindex":0,"rotation":0,"texture":"#0"},"up":{"uv":[10.1875,1.0,10.125,0.9375],"tintindex":0,"rotation":0,"texture":"#0"},"down":{"uv":[10.1875,1.125,10.125,1.1875],"tintindex":0,"rotation":0,"texture":"#0"}},"rotation":{"origin":[11.0,13.0,8.0],"angle":45.0,"axis":"y"}},{"from":[7.0,23.25,5.0],"to":[9.0,25.25,11.0],"faces":{"east":{"uv":[9.96875,8.84375,10.15625,8.90625],"tintindex":0,"rotation":0,"texture":"#0"},"south":{"uv":[10.125,3.46875,10.1875,3.53125],"tintindex":0,"rotation":0,"texture":"#0"},"north":{"uv":[10.125,3.03125,10.1875,3.09375],"tintindex":0,"rotation":0,"texture":"#0"},"west":{"uv":[9.96875,9.21875,10.15625,9.28125],"tintindex":0,"rotation":0,"texture":"#0"},"up":{"uv":[9.34375,10.15625,9.28125,9.96875],"tintindex":0,"rotation":0,"texture":"#0"},"down":{"uv":[10.03125,9.28125,9.96875,9.46875],"tintindex":0,"rotation":0,"texture":"#0"}},"rotation":{"origin":[8.0,24.25,8.0],"angle":-45.0,"axis":"z"}},{"from":[5.0,8.0,7.0],"to":[11.0,10.0,9.0],"faces":{"east":{"uv":[10.125,0.5625,10.1875,0.625],"tintindex":0,"rotation":0,"texture":"#0"},"south":{"uv":[9.96875,8.09375,10.15625,8.15625],"tintindex":0,"rotation":0,"texture":"#0"},"north":{"uv":[9.96875,5.3125,10.15625,5.375],"tintindex":0,"rotation":0,"texture":"#0"},"west":{"uv":[10.125,0.625,10.1875,0.6875],"tintindex":0,"rotation":0,"texture":"#0"},"up":{"uv":[10.15625,8.21875,9.96875,8.15625],"tintindex":0,"rotation":0,"texture":"#0"},"down":{"uv":[10.15625,8.21875,9.96875,8.28125],"tintindex":0,"rotation":0,"texture":"#0"}},"rotation":{"origin":[8.0,9.0,8.0],"angle":45.0,"axis":"x"}},{"from":[7.0,15.25,10.0],"to":[9.0,24.25,12.0],"faces":{"east":{"uv":[2.1875,9.75,2.25,10.03125],"tintindex":0,"rotation":0,"texture":"#0"},"south":{"uv":[2.25,9.75,2.3125,10.03125],"tintindex":0,"rotation":0,"texture":"#0"},"north":{"uv":[9.75,2.125,9.8125,2.40625],"tintindex":0,"rotation":0,"texture":"#0"},"west":{"uv":[9.75,2.40625,9.8125,2.6875],"tintindex":0,"rotation":0,"texture":"#0"},"up":{"uv":[10.1875,1.65625,10.125,1.59375],"tintindex":0,"rotation":0,"texture":"#0"},"down":{"uv":[10.1875,2.96875,10.125,3.03125],"tintindex":0,"rotation":0,"texture":"#0"}},"rotation":{"origin":[8.0,19.25,11.0],"angle":45.0,"axis":"y"}},{"from":[4.0,9.0,7.0],"to":[6.0,18.0,9.0],"faces":{"east":{"uv":[9.09375,9.71875,9.15625,10.0],"tintindex":0,"rotation":0,"texture":"#0"},"south":{"uv":[9.15625,9.71875,9.21875,10.0],"tintindex":0,"rotation":0,"texture":"#0"},"north":{"uv":[9.03125,9.71875,9.09375,10.0],"tintindex":0,"rotation":0,"texture":"#0"},"west":{"uv":[9.6875,9.71875,9.75,10.0],"tintindex":0,"rotation":0,"texture":"#0"},"up":{"uv":[10.1875,0.75,10.125,0.6875],"tintindex":0,"rotation":0,"texture":"#0"},"down":{"uv":[10.1875,0.75,10.125,0.8125],"tintindex":0,"rotation":0,"texture":"#0"}},"rotation":{"origin":[5.0,14.0,8.0],"angle":-45.0,"axis":"y"}}],"display":{"gui":{"rotation":[30,225,0]}}}