{"textures":{"0":"minecraft:item/tc_cyclops"},"elements":[{"from":[7.0,23.25,5.0],"to":[9.0,25.25,11.0],"faces":{"east":{"uv":[10.03125,6.875,10.21875,6.9375],"tintindex":0,"rotation":0,"texture":"#0"},"south":{"uv":[10.15625,2.84375,10.21875,2.90625],"tintindex":0,"rotation":0,"texture":"#0"},"north":{"uv":[2.8125,10.15625,2.875,10.21875],"tintindex":0,"rotation":0,"texture":"#0"},"west":{"uv":[10.03125,6.9375,10.21875,7.0],"tintindex":0,"rotation":0,"texture":"#0"},"up":{"uv":[6.0,10.21875,5.9375,10.03125],"tintindex":0,"rotation":0,"texture":"#0"},"down":{"uv":[6.46875,10.03125,6.40625,10.21875],"tintindex":0,"rotation":0,"texture":"#0"}},"rotation":{"origin":[8.0,24.25,8.0],"angle":-45.0,"axis":"z"}},{"from":[5.0,8.0,7.0],"to":[11.0,10.0,9.0],"faces":{"east":{"uv":[2.375,10.15625,2.4375,10.21875],"tintindex":0,"rotation":0,"texture":"#0"},"south":{"uv":[10.03125,0.25,10.21875,0.3125],"tintindex":0,"rotation":0,"texture":"#0"},"north":{"uv":[10.03125,0.1875,10.21875,0.25],"tintindex":0,"rotation":0,"texture":"#0"},"west":{"uv":[10.15625,2.40625,10.21875,2.46875],"tintindex":0,"rotation":0,"texture":"#0"},"up":{"uv":[10.21875,0.375,10.03125,0.3125],"tintindex":0,"rotation":0,"texture":"#0"},"down":{"uv":[10.21875,1.25,10.03125,1.3125],"tintindex":0,"rotation":0,"texture":"#0"}},"rotation":{"origin":[8.0,9.0,8.0],"angle":45.0,"axis":"x"}},{"from":[10.0,9.0,7.0],"to":[12.0,18.0,9.0],"faces":{"east":{"uv":[0.1875,9.8125,0.25,10.09375],"tintindex":0,"rotation":0,"texture":"#0"},"south":{"uv":[9.8125,0.28125,9.875,0.5625],"tintindex":0,"rotation":0,"texture":"#0"},"north":{"uv":[0.125,9.8125,0.1875,10.09375],"tintindex":0,"rotation":0,"texture":"#0"},"west":{"uv":[9.8125,0.5625,9.875,0.84375],"tintindex":0,"rotation":0,"texture":"#0"},"up":{"uv":[2.625,10.21875,2.5625,10.15625],"tintindex":0,"rotation":0,"texture":"#0"},"down":{"uv":[10.21875,2.59375,10.15625,2.65625],"tintindex":0,"rotation":0,"texture":"#0"}},"rotation":{"origin":[11.0,13.0,8.0],"angle":45.0,"axis":"y"}},{"from":[5.0,17.0,7.0],"to":[11.0,19.0,9.0],"faces":{"east":{"uv":[2.5,10.15625,2.5625,10.21875],"tintindex":0,"rotation":0,"texture":"#0"},"south":{"uv":[2.0625,10.03125,2.25,10.09375],"tintindex":0,"rotation":0,"texture":"#0"},"north":{"uv":[10.03125,1.3125,10.21875,1.375],"tintindex":0,"rotation":0,"texture":"#0"},"west":{"uv":[10.15625,2.53125,10.21875,2.59375],"tintindex":0,"rotation":0,"texture":"#0"},"up":{"uv":[10.21875,4.09375,10.03125,4.03125],"tintindex":0,"rotation":0,"texture":"#0"},"down":{"uv":[10.21875,4.09375,10.03125,4.15625],"tintindex":0,"rotation":0,"texture":"#0"}},"rotation":{"origin":[8.0,18.0,8.0],"angle":-45.0,"axis":"x"}},{"from":[7.0,14.25,5.0],"to":[9.0,16.25,11.0],"faces":{"east":{"uv":[10.03125,4.15625,10.21875,4.21875],"tintindex":0,"rotation":0,"texture":"#0"},"south":{"uv":[10.15625,2.65625,10.21875,2.71875],"tintindex":0,"rotation":0,"texture":"#0"},"north":{"uv":[2.625,10.15625,2.6875,10.21875],"tintindex":0,"rotation":0,"texture":"#0"},"west":{"uv":[10.03125,5.03125,10.21875,5.09375],"tintindex":0,"rotation":0,"texture":"#0"},"up":{"uv":[2.3125,10.21875,2.25,10.03125],"tintindex":0,"rotation":0,"texture":"#0"},"down":{"uv":[10.09375,5.09375,10.03125,5.28125],"tintindex":0,"rotation":0,"texture":"#0"}},"rotation":{"origin":[8.0,15.25,8.0],"angle":45.0,"axis":"z"}},{"from":[7.0,15.25,10.0],"to":[9.0,24.25,12.0],"faces":{"east":{"uv":[1.4375,9.8125,1.5,10.09375],"tintindex":0,"rotation":0,"texture":"#0"},"south":{"uv":[9.8125,1.6875,9.875,1.96875],"tintindex":0,"rotation":0,"texture":"#0"},"north":{"uv":[9.8125,1.40625,9.875,1.6875],"tintindex":0,"rotation":0,"texture":"#0"},"west":{"uv":[1.875,9.8125,1.9375,10.09375],"tintindex":0,"rotation":0,"texture":"#0"},"up":{"uv":[2.8125,10.21875,2.75,10.15625],"tintindex":0,"rotation":0,"texture":"#0"},"down":{"uv":[10.21875,2.78125,10.15625,2.84375],"tintindex":0,"rotation":0,"texture":"#0"}},"rotation":{"origin":[8.0,19.25,11.0],"angle":45.0,"axis":"y"}},{"from":[7.0,15.25,4.0],"to":[9.0,24.25,6.0],"faces":{"east":{"uv":[0.75,9.8125,0.8125,10.09375],"tintindex":0,"rotation":0,"texture":"#0"},"south":{"uv":[0.8125,9.8125,0.875,10.09375],"tintindex":0,"rotation":0,"texture":"#0"},"north":{"uv":[0.6875,9.8125,0.75,10.09375],"tintindex":0,"rotation":0,"texture":"#0"},"west":{"uv":[9.8125,0.84375,9.875,1.125],"tintindex":0,"rotation":0,"texture":"#0"},"up":{"uv":[2.75,10.21875,2.6875,10.15625],"tintindex":0,"rotation":0,"texture":"#0"},"down":{"uv":[10.21875,2.71875,10.15625,2.78125],"tintindex":0,"rotation":0,"texture":"#0"}},"rotation":{"origin":[8.0,20.25,5.0],"angle":-45.0,"axis":"y"}},{"from":[4.0,9.0,7.0],"to":[6.0,18.0,9.0],"faces":{"east":{"uv":[0.0,9.8125,0.0625,10.09375],"tintindex":0,"rotation":0,"texture":"#0"},"south":{"uv":[9.8125,0.0,9.875,0.28125],"tintindex":0,"rotation":0,"texture":"#0"},"north":{"uv":[9.75,9.78125,9.8125,10.0625],"tintindex":0,"rotation":0,"texture":"#0"},"west":{"uv":[0.0625,9.8125,0.125,10.09375],"tintindex":0,"rotation":0,"texture":"#0"},"up":{"uv":[2.5,10.21875,2.4375,10.15625],"tintindex":0,"rotation":0,"texture":"#0"},"down":{"uv":[10.21875,2.46875,10.15625,2.53125],"tintindex":0,"rotation":0,"texture":"#0"}},"rotation":{"origin":[5.0,14.0,8.0],"angle":-45.0,"axis":"y"}}],"display":{"gui":{"rotation":[30,225,0]}}}