{"textures":{"0":"minecraft:item/tc_cyclops"},"elements":[{"from":[7.0,14.25,5.0],"to":[9.0,16.25,11.0],"faces":{"east":{"uv":[9.9375,3.96875,10.125,4.03125],"tintindex":0,"rotation":0,"texture":"#0"},"south":{"uv":[0.75,10.09375,0.8125,10.15625],"tintindex":0,"rotation":0,"texture":"#0"},"north":{"uv":[0.1875,10.09375,0.25,10.15625],"tintindex":0,"rotation":0,"texture":"#0"},"west":{"uv":[9.9375,4.4375,10.125,4.5],"tintindex":0,"rotation":0,"texture":"#0"},"up":{"uv":[10.0,4.78125,9.9375,4.59375],"tintindex":0,"rotation":0,"texture":"#0"},"down":{"uv":[10.0,4.78125,9.9375,4.96875],"tintindex":0,"rotation":0,"texture":"#0"}},"rotation":{"origin":[8.0,15.25,8.0],"angle":45.0,"axis":"z"}},{"from":[5.0,17.0,7.0],"to":[11.0,19.0,9.0],"faces":{"east":{"uv":[10.0625,5.75,10.125,5.8125],"tintindex":0,"rotation":0,"texture":"#0"},"south":{"uv":[9.9375,3.78125,10.125,3.84375],"tintindex":0,"rotation":0,"texture":"#0"},"north":{"uv":[9.9375,3.71875,10.125,3.78125],"tintindex":0,"rotation":0,"texture":"#0"},"west":{"uv":[7.4375,10.0625,7.5,10.125],"tintindex":0,"rotation":0,"texture":"#0"},"up":{"uv":[10.125,3.90625,9.9375,3.84375],"tintindex":0,"rotation":0,"texture":"#0"},"down":{"uv":[10.125,3.90625,9.9375,3.96875],"tintindex":0,"rotation":0,"texture":"#0"}},"rotation":{"origin":[8.0,18.0,8.0],"angle":-45.0,"axis":"x"}},{"from":[4.0,9.0,7.0],"to":[6.0,18.0,9.0],"faces":{"east":{"uv":[8.625,9.65625,8.6875,9.9375],"tintindex":0,"rotation":0,"texture":"#0"},"south":{"uv":[8.6875,9.65625,8.75,9.9375],"tintindex":0,"rotation":0,"texture":"#0"},"north":{"uv":[8.4375,9.65625,8.5,9.9375],"tintindex":0,"rotation":0,"texture":"#0"},"west":{"uv":[8.75,9.65625,8.8125,9.9375],"tintindex":0,"rotation":0,"texture":"#0"},"up":{"uv":[10.09375,9.46875,10.03125,9.40625],"tintindex":0,"rotation":0,"texture":"#0"},"down":{"uv":[10.125,4.375,10.0625,4.4375],"tintindex":0,"rotation":0,"texture":"#0"}},"rotation":{"origin":[5.0,14.0,8.0],"angle":-45.0,"axis":"y"}},{"from":[7.0,15.25,10.0],"to":[9.0,24.25,12.0],"faces":{"east":{"uv":[9.3125,9.6875,9.375,9.96875],"tintindex":0,"rotation":0,"texture":"#0"},"south":{"uv":[9.6875,9.4375,9.75,9.71875],"tintindex":0,"rotation":0,"texture":"#0"},"north":{"uv":[9.6875,8.375,9.75,8.65625],"tintindex":0,"rotation":0,"texture":"#0"},"west":{"uv":[9.71875,1.28125,9.78125,1.5625],"tintindex":0,"rotation":0,"texture":"#0"},"up":{"uv":[1.90625,10.15625,1.84375,10.09375],"tintindex":0,"rotation":0,"texture":"#0"},"down":{"uv":[2.125,10.09375,2.0625,10.15625],"tintindex":0,"rotation":0,"texture":"#0"}},"rotation":{"origin":[8.0,19.25,11.0],"angle":45.0,"axis":"y"}},{"from":[7.0,15.25,4.0],"to":[9.0,24.25,6.0],"faces":{"east":{"uv":[9.6875,2.40625,9.75,2.6875],"tintindex":0,"rotation":0,"texture":"#0"},"south":{"uv":[9.6875,6.53125,9.75,6.8125],"tintindex":0,"rotation":0,"texture":"#0"},"north":{"uv":[9.6875,1.78125,9.75,2.0625],"tintindex":0,"rotation":0,"texture":"#0"},"west":{"uv":[9.6875,8.09375,9.75,8.375],"tintindex":0,"rotation":0,"texture":"#0"},"up":{"uv":[0.875,10.15625,0.8125,10.09375],"tintindex":0,"rotation":0,"texture":"#0"},"down":{"uv":[1.46875,10.09375,1.40625,10.15625],"tintindex":0,"rotation":0,"texture":"#0"}},"rotation":{"origin":[8.0,20.25,5.0],"angle":-45.0,"axis":"y"}},{"from":[10.0,9.0,7.0],"to":[12.0,18.0,9.0],"faces":{"east":{"uv":[9.6875,0.0,9.75,0.28125],"tintindex":0,"rotation":0,"texture":"#0"},"south":{"uv":[9.6875,0.625,9.75,0.90625],"tintindex":0,"rotation":0,"texture":"#0"},"north":{"uv":[9.65625,8.875,9.71875,9.15625],"tintindex":0,"rotation":0,"texture":"#0"},"west":{"uv":[9.6875,0.90625,9.75,1.1875],"tintindex":0,"rotation":0,"texture":"#0"},"up":{"uv":[9.8125,10.125,9.75,10.0625],"tintindex":0,"rotation":0,"texture":"#0"},"down":{"uv":[10.125,9.84375,10.0625,9.90625],"tintindex":0,"rotation":0,"texture":"#0"}},"rotation":{"origin":[11.0,13.0,8.0],"angle":45.0,"axis":"y"}},{"from":[5.0,8.0,7.0],"to":[11.0,10.0,9.0],"faces":{"east":{"uv":[9.6875,2.6875,9.75,2.75],"tintindex":0,"rotation":0,"texture":"#0"},"south":{"uv":[9.9375,3.53125,10.125,3.59375],"tintindex":0,"rotation":0,"texture":"#0"},"north":{"uv":[9.9375,3.46875,10.125,3.53125],"tintindex":0,"rotation":0,"texture":"#0"},"west":{"uv":[9.6875,2.75,9.75,2.8125],"tintindex":0,"rotation":0,"texture":"#0"},"up":{"uv":[10.125,3.65625,9.9375,3.59375],"tintindex":0,"rotation":0,"texture":"#0"},"down":{"uv":[10.125,3.65625,9.9375,3.71875],"tintindex":0,"rotation":0,"texture":"#0"}},"rotation":{"origin":[8.0,9.0,8.0],"angle":45.0,"axis":"x"}},{"from":[7.0,23.25,5.0],"to":[9.0,25.25,11.0],"faces":{"east":{"uv":[9.9375,4.5,10.125,4.5625],"tintindex":0,"rotation":0,"texture":"#0"},"south":{"uv":[2.1875,10.09375,2.25,10.15625],"tintindex":0,"rotation":0,"texture":"#0"},"north":{"uv":[2.125,10.09375,2.1875,10.15625],"tintindex":0,"rotation":0,"texture":"#0"},"west":{"uv":[9.9375,4.96875,10.125,5.03125],"tintindex":0,"rotation":0,"texture":"#0"},"up":{"uv":[10.0,5.8125,9.9375,5.625],"tintindex":0,"rotation":0,"texture":"#0"},"down":{"uv":[10.0,5.8125,9.9375,6.0],"tintindex":0,"rotation":0,"texture":"#0"}},"rotation":{"origin":[8.0,24.25,8.0],"angle":-45.0,"axis":"z"}}],"display":{"gui":{"rotation":[30,225,0]}}}