{"textures":{"0":"minecraft:item/tc_cyclops"},"elements":[{"from":[7.0,15.25,10.0],"to":[9.0,24.25,12.0],"faces":{"east":{"uv":[5.03125,9.78125,5.09375,10.0625],"tintindex":0,"rotation":0,"texture":"#0"},"south":{"uv":[5.09375,9.78125,5.15625,10.0625],"tintindex":0,"rotation":0,"texture":"#0"},"north":{"uv":[4.96875,9.78125,5.03125,10.0625],"tintindex":0,"rotation":0,"texture":"#0"},"west":{"uv":[5.15625,9.78125,5.21875,10.0625],"tintindex":0,"rotation":0,"texture":"#0"},"up":{"uv":[10.21875,1.4375,10.15625,1.375],"tintindex":0,"rotation":0,"texture":"#0"},"down":{"uv":[1.5,10.15625,1.4375,10.21875],"tintindex":0,"rotation":0,"texture":"#0"}},"rotation":{"origin":[8.0,19.25,11.0],"angle":45.0,"axis":"y"}},{"from":[7.0,14.25,5.0],"to":[9.0,16.25,11.0],"faces":{"east":{"uv":[5.28125,10.0,5.46875,10.0625],"tintindex":0,"rotation":0,"texture":"#0"},"south":{"uv":[1.25,10.15625,1.3125,10.21875],"tintindex":0,"rotation":0,"texture":"#0"},"north":{"uv":[1.1875,10.15625,1.25,10.21875],"tintindex":0,"rotation":0,"texture":"#0"},"west":{"uv":[5.46875,10.0,5.65625,10.0625],"tintindex":0,"rotation":0,"texture":"#0"},"up":{"uv":[4.09375,10.1875,4.03125,10.0],"tintindex":0,"rotation":0,"texture":"#0"},"down":{"uv":[10.0625,5.625,10.0,5.8125],"tintindex":0,"rotation":0,"texture":"#0"}},"rotation":{"origin":[8.0,15.25,8.0],"angle":45.0,"axis":"z"}},{"from":[5.0,8.0,7.0],"to":[11.0,10.0,9.0],"faces":{"east":{"uv":[10.125,10.03125,10.1875,10.09375],"tintindex":0,"rotation":0,"texture":"#0"},"south":{"uv":[4.5,10.0,4.6875,10.0625],"tintindex":0,"rotation":0,"texture":"#0"},"north":{"uv":[3.84375,10.0,4.03125,10.0625],"tintindex":0,"rotation":0,"texture":"#0"},"west":{"uv":[10.125,10.09375,10.1875,10.15625],"tintindex":0,"rotation":0,"texture":"#0"},"up":{"uv":[10.1875,4.65625,10.0,4.59375],"tintindex":0,"rotation":0,"texture":"#0"},"down":{"uv":[10.1875,4.65625,10.0,4.71875],"tintindex":0,"rotation":0,"texture":"#0"}},"rotation":{"origin":[8.0,9.0,8.0],"angle":45.0,"axis":"x"}},{"from":[7.0,15.25,4.0],"to":[9.0,24.25,6.0],"faces":{"east":{"uv":[4.78125,9.78125,4.84375,10.0625],"tintindex":0,"rotation":0,"texture":"#0"},"south":{"uv":[4.84375,9.78125,4.90625,10.0625],"tintindex":0,"rotation":0,"texture":"#0"},"north":{"uv":[4.71875,9.78125,4.78125,10.0625],"tintindex":0,"rotation":0,"texture":"#0"},"west":{"uv":[4.90625,9.78125,4.96875,10.0625],"tintindex":0,"rotation":0,"texture":"#0"},"up":{"uv":[1.375,10.21875,1.3125,10.15625],"tintindex":0,"rotation":0,"texture":"#0"},"down":{"uv":[1.4375,10.15625,1.375,10.21875],"tintindex":0,"rotation":0,"texture":"#0"}},"rotation":{"origin":[8.0,20.25,5.0],"angle":-45.0,"axis":"y"}},{"from":[5.0,17.0,7.0],"to":[11.0,19.0,9.0],"faces":{"east":{"uv":[0.8125,10.15625,0.875,10.21875],"tintindex":0,"rotation":0,"texture":"#0"},"south":{"uv":[10.0,4.78125,10.1875,4.84375],"tintindex":0,"rotation":0,"texture":"#0"},"north":{"uv":[10.0,4.71875,10.1875,4.78125],"tintindex":0,"rotation":0,"texture":"#0"},"west":{"uv":[10.15625,1.0,10.21875,1.0625],"tintindex":0,"rotation":0,"texture":"#0"},"up":{"uv":[10.1875,4.90625,10.0,4.84375],"tintindex":0,"rotation":0,"texture":"#0"},"down":{"uv":[10.1875,4.90625,10.0,4.96875],"tintindex":0,"rotation":0,"texture":"#0"}},"rotation":{"origin":[8.0,18.0,8.0],"angle":-45.0,"axis":"x"}},{"from":[7.0,23.25,5.0],"to":[9.0,25.25,11.0],"faces":{"east":{"uv":[5.65625,10.0,5.84375,10.0625],"tintindex":0,"rotation":0,"texture":"#0"},"south":{"uv":[1.6875,10.15625,1.75,10.21875],"tintindex":0,"rotation":0,"texture":"#0"},"north":{"uv":[1.625,10.15625,1.6875,10.21875],"tintindex":0,"rotation":0,"texture":"#0"},"west":{"uv":[10.0,5.8125,10.1875,5.875],"tintindex":0,"rotation":0,"texture":"#0"},"up":{"uv":[6.09375,10.1875,6.03125,10.0],"tintindex":0,"rotation":0,"texture":"#0"},"down":{"uv":[6.15625,10.0,6.09375,10.1875],"tintindex":0,"rotation":0,"texture":"#0"}},"rotation":{"origin":[8.0,24.25,8.0],"angle":-45.0,"axis":"z"}},{"from":[4.0,9.0,7.0],"to":[6.0,18.0,9.0],"faces":{"east":{"uv":[1.8125,9.78125,1.875,10.0625],"tintindex":0,"rotation":0,"texture":"#0"},"south":{"uv":[2.71875,9.78125,2.78125,10.0625],"tintindex":0,"rotation":0,"texture":"#0"},"north":{"uv":[1.75,9.78125,1.8125,10.0625],"tintindex":0,"rotation":0,"texture":"#0"},"west":{"uv":[9.78125,2.96875,9.84375,3.25],"tintindex":0,"rotation":0,"texture":"#0"},"up":{"uv":[0.25,10.21875,0.1875,10.15625],"tintindex":0,"rotation":0,"texture":"#0"},"down":{"uv":[0.8125,10.15625,0.75,10.21875],"tintindex":0,"rotation":0,"texture":"#0"}},"rotation":{"origin":[5.0,14.0,8.0],"angle":-45.0,"axis":"y"}},{"from":[10.0,9.0,7.0],"to":[12.0,18.0,9.0],"faces":{"east":{"uv":[9.78125,3.53125,9.84375,3.8125],"tintindex":0,"rotation":0,"texture":"#0"},"south":{"uv":[9.78125,3.8125,9.84375,4.09375],"tintindex":0,"rotation":0,"texture":"#0"},"north":{"uv":[9.78125,3.25,9.84375,3.53125],"tintindex":0,"rotation":0,"texture":"#0"},"west":{"uv":[9.78125,4.59375,9.84375,4.875],"tintindex":0,"rotation":0,"texture":"#0"},"up":{"uv":[10.21875,1.125,10.15625,1.0625],"tintindex":0,"rotation":0,"texture":"#0"},"down":{"uv":[1.1875,10.15625,1.125,10.21875],"tintindex":0,"rotation":0,"texture":"#0"}},"rotation":{"origin":[11.0,13.0,8.0],"angle":45.0,"axis":"y"}}],"display":{"gui":{"rotation":[30,225,0]}}}