{"textures":{"0":"minecraft:item/tc_cyclops"},"elements":[{"from":[-3.1199741,-4.8000793,-0.28338814],"to":[11.880026,10.199921,17.716612],"faces":{"east":{"uv":[1.5,4.53125,2.0625,5.0],"tintindex":0,"rotation":0,"texture":"#0"},"south":{"uv":[4.0,5.15625,4.46875,5.625],"tintindex":0,"rotation":0,"texture":"#0"},"north":{"uv":[5.09375,3.125,5.5625,3.59375],"tintindex":0,"rotation":0,"texture":"#0"},"west":{"uv":[2.0625,4.53125,2.625,5.0],"tintindex":0,"rotation":0,"texture":"#0"},"up":{"uv":[3.09375,5.09375,2.625,4.53125],"tintindex":0,"rotation":0,"texture":"#0"},"down":{"uv":[5.03125,4.0625,4.5625,4.625],"tintindex":0,"rotation":0,"texture":"#0"}},"rotation":{"origin":[4.380026,2.6999207,8.716612],"angle":-22.5,"axis":"z"}},{"from":[-4.4633946,-5.9818444,-0.18338814],"to":[9.336604,-0.18184051,17.616611],"faces":{"east":{"uv":[7.5,4.375,8.0625,4.5625],"tintindex":0,"rotation":0,"texture":"#0"},"south":{"uv":[0.71875,7.9375,1.15625,8.125],"tintindex":0,"rotation":0,"texture":"#0"},"north":{"uv":[7.875,5.65625,8.3125,5.84375],"tintindex":0,"rotation":0,"texture":"#0"},"west":{"uv":[7.5,4.5625,8.0625,4.75],"tintindex":0,"rotation":0,"texture":"#0"},"up":{"uv":[5.375,3.125,4.9375,2.5625],"tintindex":0,"rotation":0,"texture":"#0"},"down":{"uv":[1.84375,5.0,1.40625,5.5625],"tintindex":0,"rotation":0,"texture":"#0"}},"rotation":{"origin":[0.6389103,-2.516693,8.516612],"angle":-45.0,"axis":"z"}},{"from":[-3.0464764,-9.811855,2.6629057],"to":[-0.046476364,2.1881409,14.662906],"faces":{"east":{"uv":[4.4375,6.96875,4.8125,7.34375],"tintindex":0,"rotation":0,"texture":"#0"},"south":{"uv":[1.5,9.1875,1.59375,9.5625],"tintindex":0,"rotation":0,"texture":"#0"},"north":{"uv":[7.03125,9.125,7.125,9.5],"tintindex":0,"rotation":0,"texture":"#0"},"west":{"uv":[7.0,0.84375,7.375,1.21875],"tintindex":0,"rotation":0,"texture":"#0"},"up":{"uv":[4.53125,9.5625,4.4375,9.1875],"tintindex":0,"rotation":0,"texture":"#0"},"down":{"uv":[9.28125,5.78125,9.1875,6.15625],"tintindex":0,"rotation":0,"texture":"#0"}},"rotation":{"origin":[-1.5464764,-3.8118553,8.662906],"angle":45.0,"axis":"x"}},{"from":[-0.35404968,-12.420582,2.2870884],"to":[10.645949,2.5794144,15.287088],"faces":{"east":{"uv":[6.09375,3.71875,6.5,4.1875],"tintindex":0,"rotation":0,"texture":"#0"},"south":{"uv":[2.84375,6.59375,3.1875,7.0625],"tintindex":0,"rotation":0,"texture":"#0"},"north":{"uv":[5.59375,6.5625,5.9375,7.03125],"tintindex":0,"rotation":0,"texture":"#0"},"west":{"uv":[6.09375,5.75,6.5,6.21875],"tintindex":0,"rotation":0,"texture":"#0"},"up":{"uv":[5.8125,7.4375,5.46875,7.03125],"tintindex":0,"rotation":0,"texture":"#0"},"down":{"uv":[3.0,7.0625,2.65625,7.46875],"tintindex":0,"rotation":0,"texture":"#0"}}},{"from":[2.4384344,-13.471239,2.2970884],"to":[10.196604,-5.713072,15.277088],"faces":{"east":{"uv":[7.59375,7.1875,8.0,7.4375],"tintindex":0,"rotation":0,"texture":"#0"},"south":{"uv":[3.65625,8.375,3.90625,8.625],"tintindex":0,"rotation":0,"texture":"#0"},"north":{"uv":[2.96875,8.375,3.21875,8.625],"tintindex":0,"rotation":0,"texture":"#0"},"west":{"uv":[7.65625,3.03125,8.0625,3.28125],"tintindex":0,"rotation":0,"texture":"#0"},"up":{"uv":[4.78125,8.0,4.53125,7.59375],"tintindex":0,"rotation":0,"texture":"#0"},"down":{"uv":[6.34375,7.59375,6.09375,8.0],"tintindex":0,"rotation":0,"texture":"#0"}},"rotation":{"origin":[2.3175182,-9.592155,8.787088],"angle":-45.0,"axis":"z"}}],"display":{"gui":{"rotation":[30,225,0]}}}