{"textures":{"0":"minecraft:item/tc_cyclops"},"elements":[{"from":[4.469166,-0.47578025,4.9535794],"to":[10.489166,8.54422,10.973579],"faces":{"east":{"uv":[8.71875,0,8.90625,0.28125],"tintindex":0,"texture":"#0"},"south":{"uv":[1.6875,8.71875,1.875,9],"tintindex":0,"texture":"#0"},"north":{"uv":[8.6875,8.5,8.875,8.78125],"tintindex":0,"texture":"#0"},"west":{"uv":[8.71875,1.71875,8.90625,2],"tintindex":0,"texture":"#0"},"up":{"uv":[9.3125,9.21875,9.125,9.03125],"tintindex":0,"texture":"#0"},"down":{"uv":[9.34375,0.1875,9.15625,0.375],"tintindex":0,"texture":"#0"}}}],"display":{"gui":{"rotation":[30,225,0]}}}