{"textures":{"0":"minecraft:item/tc_cyclops"},"elements":[{"from":[4.99,1.49,4.99],"to":[11.010001,10.51,11.01],"faces":{"east":{"uv":[8.75,4.625,8.9375,4.90625],"tintindex":0,"texture":"#0"},"south":{"uv":[8.75,4.90625,8.9375,5.1875],"tintindex":0,"texture":"#0"},"north":{"uv":[8.75,4.34375,8.9375,4.625],"tintindex":0,"texture":"#0"},"west":{"uv":[8.75,5.1875,8.9375,5.46875],"tintindex":0,"texture":"#0"},"up":{"uv":[5.125,9.375,4.9375,9.1875],"tintindex":0,"texture":"#0"},"down":{"uv":[5.3125,9.1875,5.125,9.375],"tintindex":0,"texture":"#0"}}}],"display":{"gui":{"rotation":[30,225,0]}}}