{"textures":{"0":"minecraft:item/tc_cyclops"},"elements":[{"from":[4.3760834,-2.4989426,5.01],"to":[10.356083,2.4810584,10.99],"faces":{"east":{"uv":[9.40625,1.4375,9.59375,1.59375],"tintindex":0,"rotation":0,"texture":"#0"},"south":{"uv":[9.40625,1.59375,9.59375,1.75],"tintindex":0,"rotation":0,"texture":"#0"},"north":{"uv":[9.40625,1.03125,9.59375,1.1875],"tintindex":0,"rotation":0,"texture":"#0"},"west":{"uv":[9.40625,2.4375,9.59375,2.59375],"tintindex":0,"rotation":0,"texture":"#0"},"up":{"uv":[9.375,3.28125,9.1875,3.09375],"tintindex":0,"rotation":0,"texture":"#0"},"down":{"uv":[4.9375,9.1875,4.75,9.375],"tintindex":0,"rotation":0,"texture":"#0"}},"rotation":{"origin":[7.366083,-0.008942604,8.0],"angle":-22.5,"axis":"z"}},{"from":[10.134941,-1.3515744,5.02],"to":[12.09494,3.6084256,10.98],"faces":{"east":{"uv":[9.40625,2.65625,9.59375,2.8125],"tintindex":0,"rotation":0,"texture":"#0"},"south":{"uv":[10.0625,0.5625,10.125,0.71875],"tintindex":0,"rotation":0,"texture":"#0"},"north":{"uv":[0.5,10.0625,0.5625,10.21875],"tintindex":0,"rotation":0,"texture":"#0"},"west":{"uv":[9.40625,6.09375,9.59375,6.25],"tintindex":0,"rotation":0,"texture":"#0"},"up":{"uv":[9.96875,9.78125,9.90625,9.59375],"tintindex":0,"rotation":0,"texture":"#0"},"down":{"uv":[9.9375,9.90625,9.875,10.09375],"tintindex":0,"rotation":0,"texture":"#0"}},"rotation":{"origin":[8.114941,1.1284256,8.0],"angle":-45.0,"axis":"z"}},{"from":[3.6377373,-1.1705914,5.0],"to":[9.637737,8.829409,11.0],"faces":{"east":{"uv":[4.59375,8.625,4.78125,8.9375],"tintindex":0,"rotation":0,"texture":"#0"},"south":{"uv":[6.71875,8.625,6.90625,8.9375],"tintindex":0,"rotation":0,"texture":"#0"},"north":{"uv":[3.59375,8.625,3.78125,8.9375],"tintindex":0,"rotation":0,"texture":"#0"},"west":{"uv":[6.90625,8.625,7.09375,8.9375],"tintindex":0,"rotation":0,"texture":"#0"},"up":{"uv":[1.875,9.375,1.6875,9.1875],"tintindex":0,"rotation":0,"texture":"#0"},"down":{"uv":[9.375,2.90625,9.1875,3.09375],"tintindex":0,"rotation":0,"texture":"#0"}}}],"display":{"gui":{"rotation":[30,225,0]}}}