{"textures":{"0":"minecraft:item/tc_cyclops"},"elements":[{"from":[4.006052,-0.4217596,5],"to":[10.006052,9.578241,11],"faces":{"east":{"uv":[5.40625,8.59375,5.59375,8.90625],"tintindex":0,"texture":"#0"},"south":{"uv":[5.59375,8.59375,5.78125,8.90625],"tintindex":0,"texture":"#0"},"north":{"uv":[8.59375,3.875,8.78125,4.1875],"tintindex":0,"texture":"#0"},"west":{"uv":[5.78125,8.59375,5.96875,8.90625],"tintindex":0,"texture":"#0"},"up":{"uv":[0.53125,9.34375,0.34375,9.15625],"tintindex":0,"texture":"#0"},"down":{"uv":[9.34375,0.375,9.15625,0.5625],"tintindex":0,"texture":"#0"}}},{"from":[4.744398,-1.7501099,5.01],"to":[10.724398,3.22989,10.99],"faces":{"east":{"uv":[1.6875,9.375,1.875,9.53125],"tintindex":0,"texture":"#0"},"south":{"uv":[9.375,2.875,9.5625,3.03125],"tintindex":0,"texture":"#0"},"north":{"uv":[1.28125,9.375,1.46875,9.53125],"tintindex":0,"texture":"#0"},"west":{"uv":[9.375,3.03125,9.5625,3.1875],"tintindex":0,"texture":"#0"},"up":{"uv":[0.71875,9.34375,0.53125,9.15625],"tintindex":0,"texture":"#0"},"down":{"uv":[3.96875,9.15625,3.78125,9.34375],"tintindex":0,"texture":"#0"}},"rotation":{"origin":[7.734398,0.7398901,8],"angle":-22.5,"axis":"z"}},{"from":[10.503256,-0.6027417,5.02],"to":[12.463255,4.3572583,10.98],"faces":{"east":{"uv":[9.375,3.1875,9.5625,3.34375],"tintindex":0,"texture":"#0"},"south":{"uv":[9.6875,0.28125,9.75,0.4375],"tintindex":0,"texture":"#0"},"north":{"uv":[9.65625,9.15625,9.71875,9.3125],"tintindex":0,"texture":"#0"},"west":{"uv":[4.71875,9.375,4.90625,9.53125],"tintindex":0,"texture":"#0"},"up":{"uv":[9.96875,8.71875,9.90625,8.53125],"tintindex":0,"texture":"#0"},"down":{"uv":[9.96875,8.71875,9.90625,8.90625],"tintindex":0,"texture":"#0"}},"rotation":{"origin":[8.483255,1.8772583,8],"angle":-45,"axis":"z"}}],"display":{"gui":{"rotation":[30,225,0]}}}