{"textures":{"0":"minecraft:item/tc_cyclops"},"elements":[{"from":[4.469166,-0.47578025,4.953579],"to":[10.489166,8.54422,10.973579],"faces":{"east":{"uv":[4.78125,8.71875,4.96875,9.0],"tintindex":0,"rotation":0,"texture":"#0"},"south":{"uv":[4.96875,8.71875,5.15625,9.0],"tintindex":0,"rotation":0,"texture":"#0"},"north":{"uv":[8.71875,2.0,8.90625,2.28125],"tintindex":0,"rotation":0,"texture":"#0"},"west":{"uv":[5.15625,8.71875,5.34375,9.0],"tintindex":0,"rotation":0,"texture":"#0"},"up":{"uv":[4.15625,9.34375,3.96875,9.15625],"tintindex":0,"rotation":0,"texture":"#0"},"down":{"uv":[9.34375,5.40625,9.15625,5.59375],"tintindex":0,"rotation":0,"texture":"#0"}}}],"display":{"gui":{"rotation":[30,225,0]}}}