{"textures":{"0":"minecraft:item/tc_cyclops"},"elements":[{"from":[3.5981264,-9.303272,1.9327855],"to":[12.098127,-5.9032736,10.432785],"faces":{"east":{"uv":[9.4375,2.125,9.71875,2.21875],"tintindex":0,"rotation":0,"texture":"#0"},"south":{"uv":[9.5,2.3125,9.75,2.40625],"tintindex":0,"rotation":0,"texture":"#0"},"north":{"uv":[9.5,2.21875,9.75,2.3125],"tintindex":0,"rotation":0,"texture":"#0"},"west":{"uv":[9.4375,5.40625,9.71875,5.5],"tintindex":0,"rotation":0,"texture":"#0"},"up":{"uv":[2.71875,8.59375,2.46875,8.3125],"tintindex":0,"rotation":0,"texture":"#0"},"down":{"uv":[8.5625,2.90625,8.3125,3.1875],"tintindex":0,"rotation":0,"texture":"#0"}}},{"from":[1.3481264,-2.6037245,-1.7675066],"to":[14.348127,5.3962746,2.2324939],"faces":{"east":{"uv":[5.96875,9.25,6.09375,9.5],"tintindex":0,"rotation":0,"texture":"#0"},"south":{"uv":[4.78125,7.65625,5.1875,7.90625],"tintindex":0,"rotation":0,"texture":"#0"},"north":{"uv":[3.78125,7.65625,4.1875,7.90625],"tintindex":0,"rotation":0,"texture":"#0"},"west":{"uv":[6.46875,9.25,6.59375,9.5],"tintindex":0,"rotation":0,"texture":"#0"},"up":{"uv":[9.15625,5.59375,8.75,5.46875],"tintindex":0,"rotation":0,"texture":"#0"},"down":{"uv":[9.15625,6.90625,8.75,7.03125],"tintindex":0,"rotation":0,"texture":"#0"}},"rotation":{"origin":[7.8481264,0.39627552,0.23249388],"angle":22.5,"axis":"x"}},{"from":[2.7331266,4.8128204,-1.2665157],"to":[12.733127,12.81282,3.7334843],"faces":{"east":{"uv":[1.28125,8.9375,1.4375,9.1875],"tintindex":0,"rotation":0,"texture":"#0"},"south":{"uv":[8.1875,3.75,8.5,4.0],"tintindex":0,"rotation":0,"texture":"#0"},"north":{"uv":[8.15625,2.0625,8.46875,2.3125],"tintindex":0,"rotation":0,"texture":"#0"},"west":{"uv":[1.4375,8.9375,1.59375,9.1875],"tintindex":0,"rotation":0,"texture":"#0"},"up":{"uv":[9.09375,4.03125,8.78125,3.875],"tintindex":0,"rotation":0,"texture":"#0"},"down":{"uv":[9.09375,4.03125,8.78125,4.1875],"tintindex":0,"rotation":0,"texture":"#0"}},"rotation":{"origin":[7.7331266,8.31282,2.7334843],"angle":-22.5,"axis":"x"}},{"from":[0.34812737,-7.1532736,-0.46721458],"to":[15.348127,-0.15327358,12.532785],"faces":{"east":{"uv":[7.78125,6.25,8.1875,6.46875],"tintindex":0,"rotation":0,"texture":"#0"},"south":{"uv":[7.5625,0.21875,8.03125,0.4375],"tintindex":0,"rotation":0,"texture":"#0"},"north":{"uv":[7.5625,0.0,8.03125,0.21875],"tintindex":0,"rotation":0,"texture":"#0"},"west":{"uv":[7.78125,7.71875,8.1875,7.9375],"tintindex":0,"rotation":0,"texture":"#0"},"up":{"uv":[6.5625,1.28125,6.09375,0.875],"tintindex":0,"rotation":0,"texture":"#0"},"down":{"uv":[6.65625,3.0625,6.1875,3.46875],"tintindex":0,"rotation":0,"texture":"#0"}}},{"from":[1.3481264,-6.8456697,-1.9207878],"to":[14.348127,-0.84566975,2.0792127],"faces":{"east":{"uv":[9.46875,8.1875,9.59375,8.375],"tintindex":0,"rotation":0,"texture":"#0"},"south":{"uv":[8.28125,0.84375,8.6875,1.03125],"tintindex":0,"rotation":0,"texture":"#0"},"north":{"uv":[8.1875,7.75,8.59375,7.9375],"tintindex":0,"rotation":0,"texture":"#0"},"west":{"uv":[9.5,1.75,9.625,1.9375],"tintindex":0,"rotation":0,"texture":"#0"},"up":{"uv":[9.0625,1.5,8.65625,1.375],"tintindex":0,"rotation":0,"texture":"#0"},"down":{"uv":[9.0625,2.53125,8.65625,2.65625],"tintindex":0,"rotation":0,"texture":"#0"}},"rotation":{"origin":[6.8481264,-3.3456697,-0.4207878],"angle":-22.5,"axis":"x"}},{"from":[0.84812737,-0.15327358,0.032785416],"to":[14.848127,8.846727,12.032785],"faces":{"east":{"uv":[1.59375,7.5,1.96875,7.78125],"tintindex":0,"rotation":0,"texture":"#0"},"south":{"uv":[3.4375,7.3125,3.875,7.59375],"tintindex":0,"rotation":0,"texture":"#0"},"north":{"uv":[7.3125,3.3125,7.75,3.59375],"tintindex":0,"rotation":0,"texture":"#0"},"west":{"uv":[7.03125,7.5,7.40625,7.78125],"tintindex":0,"rotation":0,"texture":"#0"},"up":{"uv":[6.9375,6.0625,6.5,5.6875],"tintindex":0,"rotation":0,"texture":"#0"},"down":{"uv":[7.0,0.84375,6.5625,1.21875],"tintindex":0,"rotation":0,"texture":"#0"}}}],"display":{"gui":{"rotation":[30,225,0]}}}