{"textures":{"0":"minecraft:item/tc_cyclops"},"elements":[{"from":[4.006052,-0.4217596,5],"to":[10.006052,9.578241,11],"faces":{"east":{"uv":[1.90625,8.59375,2.09375,8.90625],"tintindex":0,"texture":"#0"},"south":{"uv":[2.34375,8.59375,2.53125,8.90625],"tintindex":0,"texture":"#0"},"north":{"uv":[0,8.59375,0.1875,8.90625],"tintindex":0,"texture":"#0"},"west":{"uv":[2.53125,8.59375,2.71875,8.90625],"tintindex":0,"texture":"#0"},"up":{"uv":[9.3125,9.03125,9.125,8.84375],"tintindex":0,"texture":"#0"},"down":{"uv":[9.0625,9.125,8.875,9.3125],"tintindex":0,"texture":"#0"}}},{"from":[10.503256,-0.6027417,5.02],"to":[12.463255,4.3572583,10.98],"faces":{"east":{"uv":[9.34375,3.4375,9.53125,3.59375],"tintindex":0,"texture":"#0"},"south":{"uv":[9.65625,7.8125,9.71875,7.96875],"tintindex":0,"texture":"#0"},"north":{"uv":[9.65625,3.1875,9.71875,3.34375],"tintindex":0,"texture":"#0"},"west":{"uv":[9.34375,5.625,9.53125,5.78125],"tintindex":0,"texture":"#0"},"up":{"uv":[7.65625,10.09375,7.59375,9.90625],"tintindex":0,"texture":"#0"},"down":{"uv":[9.96875,8.09375,9.90625,8.28125],"tintindex":0,"texture":"#0"}},"rotation":{"origin":[8.483255,1.8772583,8],"angle":-45,"axis":"z"}},{"from":[4.744398,-1.7501099,5.01],"to":[10.724398,3.22989,10.99],"faces":{"east":{"uv":[9.375,0.71875,9.5625,0.875],"tintindex":0,"texture":"#0"},"south":{"uv":[0.90625,9.375,1.09375,9.53125],"tintindex":0,"texture":"#0"},"north":{"uv":[9.375,0.5625,9.5625,0.71875],"tintindex":0,"texture":"#0"},"west":{"uv":[1.09375,9.375,1.28125,9.53125],"tintindex":0,"texture":"#0"},"up":{"uv":[9.3125,8.375,9.125,8.1875],"tintindex":0,"texture":"#0"},"down":{"uv":[9.3125,8.65625,9.125,8.84375],"tintindex":0,"texture":"#0"}},"rotation":{"origin":[7.734398,0.7398901,8],"angle":-22.5,"axis":"z"}}],"display":{"gui":{"rotation":[30,225,0]}}}