{"textures":{"0":"minecraft:item/tc_cyclops"},"elements":[{"from":[2.446557,-7.490406,-0.28787613],"to":[14.446558,7.509594,12.712124],"faces":{"east":{"uv":[4.78125,6.1875,5.1875,6.65625],"tintindex":0,"rotation":0,"texture":"#0"},"south":{"uv":[3.78125,6.46875,4.15625,6.9375],"tintindex":0,"rotation":0,"texture":"#0"},"north":{"uv":[3.40625,6.46875,3.78125,6.9375],"tintindex":0,"rotation":0,"texture":"#0"},"west":{"uv":[5.1875,6.1875,5.59375,6.65625],"tintindex":0,"rotation":0,"texture":"#0"},"up":{"uv":[5.46875,7.0625,5.09375,6.65625],"tintindex":0,"rotation":0,"texture":"#0"},"down":{"uv":[1.6875,6.8125,1.3125,7.21875],"tintindex":0,"rotation":0,"texture":"#0"}}},{"from":[-1.7949562,-2.369543,-2.1578474],"to":[14.205045,7.630459,14.842154],"faces":{"east":{"uv":[6.5,2.4375,7.03125,2.75],"tintindex":0,"rotation":0,"texture":"#0"},"south":{"uv":[3.1875,6.9375,3.65625,7.25],"tintindex":0,"rotation":0,"texture":"#0"},"north":{"uv":[6.9375,2.03125,7.40625,2.34375],"tintindex":0,"rotation":0,"texture":"#0"},"west":{"uv":[6.5,2.75,7.03125,3.0625],"tintindex":0,"rotation":0,"texture":"#0"},"down":{"uv":[5.3125,2.03125,4.84375,2.5625],"tintindex":0,"rotation":0,"texture":"#0"}},"rotation":{"origin":[6.446557,0.009593964,6.212124],"angle":-22.5,"axis":"z"}}],"display":{"gui":{"rotation":[30,225,0]}}}