{"textures":{"0":"minecraft:item/tc_cyclops"},"elements":[{"from":[1.6785753,5.275927,2.3309667],"to":[13.658575,10.255926,7.3109665],"faces":{"east":{"uv":[9.4375,6.71875,9.59375,6.875],"tintindex":0,"rotation":0,"texture":"#0"},"south":{"uv":[8.59375,0.3125,8.96875,0.46875],"tintindex":0,"rotation":0,"texture":"#0"},"north":{"uv":[8.5625,8.34375,8.9375,8.5],"tintindex":0,"rotation":0,"texture":"#0"},"west":{"uv":[9.46875,3.78125,9.625,3.9375],"tintindex":0,"rotation":0,"texture":"#0"},"up":{"uv":[8.96875,1.71875,8.59375,1.5625],"tintindex":0,"rotation":0,"texture":"#0"},"down":{"uv":[8.96875,7.75,8.59375,7.90625],"tintindex":0,"rotation":0,"texture":"#0"}},"rotation":{"origin":[7.6685753,9.140926,3.6959667],"angle":45.0,"axis":"x"}},{"from":[2.1780624,4.668244,-2.5088558],"to":[5.1780624,10.668243,2.4911432],"faces":{"east":{"uv":[9.4375,4.25,9.59375,4.4375],"tintindex":0,"rotation":0,"texture":"#0"},"south":{"uv":[9.65625,4.46875,9.75,4.65625],"tintindex":0,"rotation":0,"texture":"#0"},"north":{"uv":[4.03125,9.65625,4.125,9.84375],"tintindex":0,"rotation":0,"texture":"#0"},"west":{"uv":[9.4375,4.4375,9.59375,4.625],"tintindex":0,"rotation":0,"texture":"#0"},"up":{"uv":[9.9375,6.25,9.84375,6.09375],"tintindex":0,"rotation":0,"texture":"#0"},"down":{"uv":[9.9375,6.75,9.84375,6.90625],"tintindex":0,"rotation":0,"texture":"#0"}}},{"from":[2.1880624,4.852668,-4.443592],"to":[5.168062,10.832668,-1.4635923],"faces":{"east":{"uv":[9.65625,5.15625,9.75,5.34375],"tintindex":0,"rotation":0,"texture":"#0"},"south":{"uv":[5.28125,9.65625,5.375,9.84375],"tintindex":0,"rotation":0,"texture":"#0"},"north":{"uv":[9.65625,4.65625,9.75,4.84375],"tintindex":0,"rotation":0,"texture":"#0"},"west":{"uv":[9.65625,5.5,9.75,5.6875],"tintindex":0,"rotation":0,"texture":"#0"},"up":{"uv":[0.1875,10.1875,0.09375,10.09375],"tintindex":0,"rotation":0,"texture":"#0"},"down":{"uv":[0.75,10.09375,0.65625,10.1875],"tintindex":0,"rotation":0,"texture":"#0"}},"rotation":{"origin":[4.223465,5.86703,-3.9196634],"angle":22.5,"axis":"x"}},{"from":[6.1880627,4.852668,-4.943592],"to":[9.168062,10.832668,-1.9635923],"faces":{"east":{"uv":[3.1875,9.65625,3.28125,9.84375],"tintindex":0,"rotation":0,"texture":"#0"},"south":{"uv":[3.28125,9.65625,3.375,9.84375],"tintindex":0,"rotation":0,"texture":"#0"},"north":{"uv":[3.09375,9.65625,3.1875,9.84375],"tintindex":0,"rotation":0,"texture":"#0"},"west":{"uv":[3.375,9.65625,3.46875,9.84375],"tintindex":0,"rotation":0,"texture":"#0"},"up":{"uv":[8.3125,10.15625,8.21875,10.0625],"tintindex":0,"rotation":0,"texture":"#0"},"down":{"uv":[9.09375,10.0625,9.0,10.15625],"tintindex":0,"rotation":0,"texture":"#0"}},"rotation":{"origin":[8.223465,5.86703,-4.4196634],"angle":22.5,"axis":"x"}},{"from":[1.6685753,3.9086938,3.5191898],"to":[13.668575,10.908693,15.51919],"faces":{"east":{"uv":[5.15625,7.9375,5.53125,8.15625],"tintindex":0,"rotation":0,"texture":"#0"},"south":{"uv":[7.9375,5.4375,8.3125,5.65625],"tintindex":0,"rotation":0,"texture":"#0"},"north":{"uv":[7.9375,2.53125,8.3125,2.75],"tintindex":0,"rotation":0,"texture":"#0"},"west":{"uv":[7.9375,6.46875,8.3125,6.6875],"tintindex":0,"rotation":0,"texture":"#0"},"up":{"uv":[7.375,4.125,7.0,3.75],"tintindex":0,"rotation":0,"texture":"#0"},"down":{"uv":[7.375,6.375,7.0,6.75],"tintindex":0,"rotation":0,"texture":"#0"}}},{"from":[1.9185753,3.814609,15.515394],"to":[13.418575,10.31461,18.265394],"faces":{"east":{"uv":[9.59375,4.25,9.6875,4.46875],"tintindex":0,"rotation":0,"texture":"#0"},"south":{"uv":[7.96875,0.4375,8.34375,0.65625],"tintindex":0,"rotation":0,"texture":"#0"},"north":{"uv":[7.78125,7.9375,8.15625,8.15625],"tintindex":0,"rotation":0,"texture":"#0"},"west":{"uv":[5.875,9.59375,5.96875,9.8125],"tintindex":0,"rotation":0,"texture":"#0"},"up":{"uv":[9.34375,7.84375,8.96875,7.75],"tintindex":0,"rotation":0,"texture":"#0"},"down":{"uv":[9.375,3.28125,9.0,3.375],"tintindex":0,"rotation":0,"texture":"#0"}},"rotation":{"origin":[7.612938,3.7086005,15.39896],"angle":-22.5,"axis":"x"}},{"from":[6.1780624,4.668244,-3.0088558],"to":[9.178062,10.668243,1.9911442],"faces":{"east":{"uv":[9.40625,9.125,9.5625,9.3125],"tintindex":0,"rotation":0,"texture":"#0"},"south":{"uv":[9.65625,3.0,9.75,3.1875],"tintindex":0,"rotation":0,"texture":"#0"},"north":{"uv":[3.0,9.65625,3.09375,9.84375],"tintindex":0,"rotation":0,"texture":"#0"},"west":{"uv":[9.40625,9.3125,9.5625,9.5],"tintindex":0,"rotation":0,"texture":"#0"},"up":{"uv":[5.375,10.0,5.28125,9.84375],"tintindex":0,"rotation":0,"texture":"#0"},"down":{"uv":[9.9375,5.625,9.84375,5.78125],"tintindex":0,"rotation":0,"texture":"#0"}}},{"from":[10.178062,4.668244,-2.5088558],"to":[13.178062,10.668243,2.4911432],"faces":{"east":{"uv":[9.4375,1.9375,9.59375,2.125],"tintindex":0,"rotation":0,"texture":"#0"},"south":{"uv":[3.5625,9.65625,3.65625,9.84375],"tintindex":0,"rotation":0,"texture":"#0"},"north":{"uv":[3.46875,9.65625,3.5625,9.84375],"tintindex":0,"rotation":0,"texture":"#0"},"west":{"uv":[9.4375,3.59375,9.59375,3.78125],"tintindex":0,"rotation":0,"texture":"#0"},"up":{"uv":[9.9375,5.9375,9.84375,5.78125],"tintindex":0,"rotation":0,"texture":"#0"},"down":{"uv":[9.9375,5.9375,9.84375,6.09375],"tintindex":0,"rotation":0,"texture":"#0"}}},{"from":[10.188063,4.852668,-4.443592],"to":[13.168062,10.832668,-1.4635923],"faces":{"east":{"uv":[3.75,9.65625,3.84375,9.84375],"tintindex":0,"rotation":0,"texture":"#0"},"south":{"uv":[3.84375,9.65625,3.9375,9.84375],"tintindex":0,"rotation":0,"texture":"#0"},"north":{"uv":[3.65625,9.65625,3.75,9.84375],"tintindex":0,"rotation":0,"texture":"#0"},"west":{"uv":[3.9375,9.65625,4.03125,9.84375],"tintindex":0,"rotation":0,"texture":"#0"},"up":{"uv":[9.1875,10.15625,9.09375,10.0625],"tintindex":0,"rotation":0,"texture":"#0"},"down":{"uv":[0.09375,10.09375,0.0,10.1875],"tintindex":0,"rotation":0,"texture":"#0"}},"rotation":{"origin":[12.223465,5.86703,-3.9196634],"angle":22.5,"axis":"x"}}],"display":{"gui":{"rotation":[30,225,0]}}}