{"textures":{"0":"minecraft:item/tc_cyclops"},"elements":[{"from":[5.127081,-2.6739905,5.01],"to":[11.10708,2.3060095,10.99],"faces":{"east":{"uv":[5.09375,9.375,5.28125,9.53125],"tintindex":0,"texture":"#0"},"south":{"uv":[9.375,7.53125,9.5625,7.6875],"tintindex":0,"texture":"#0"},"north":{"uv":[4.90625,9.375,5.09375,9.53125],"tintindex":0,"texture":"#0"},"west":{"uv":[9.375,7.6875,9.5625,7.84375],"tintindex":0,"texture":"#0"},"up":{"uv":[9.375,0.75,9.1875,0.5625],"tintindex":0,"texture":"#0"},"down":{"uv":[9.375,0.75,9.1875,0.9375],"tintindex":0,"texture":"#0"}},"rotation":{"origin":[8.117081,-0.18399048,8],"angle":-22.5,"axis":"z"}},{"from":[10.885939,-1.5266223,5.02],"to":[12.845938,3.4333777,10.98],"faces":{"east":{"uv":[0.6875,9.40625,0.875,9.5625],"tintindex":0,"texture":"#0"},"south":{"uv":[9.8125,10.03125,9.875,10.1875],"tintindex":0,"texture":"#0"},"north":{"uv":[9.6875,4.3125,9.75,4.46875],"tintindex":0,"texture":"#0"},"west":{"uv":[9.40625,0.875,9.59375,1.03125],"tintindex":0,"texture":"#0"},"up":{"uv":[9.96875,9.40625,9.90625,9.21875],"tintindex":0,"texture":"#0"},"down":{"uv":[9.96875,9.40625,9.90625,9.59375],"tintindex":0,"texture":"#0"}},"rotation":{"origin":[8.865938,0.9533777,8],"angle":-45,"axis":"z"}},{"from":[4.388735,-1.3456402,5],"to":[10.388736,8.65436,11],"faces":{"east":{"uv":[6.34375,8.59375,6.53125,8.90625],"tintindex":0,"texture":"#0"},"south":{"uv":[2.71875,8.625,2.90625,8.9375],"tintindex":0,"texture":"#0"},"north":{"uv":[6.15625,8.59375,6.34375,8.90625],"tintindex":0,"texture":"#0"},"west":{"uv":[2.90625,8.625,3.09375,8.9375],"tintindex":0,"texture":"#0"},"up":{"uv":[9.34375,5.78125,9.15625,5.59375],"tintindex":0,"texture":"#0"},"down":{"uv":[8.875,9.15625,8.6875,9.34375],"tintindex":0,"texture":"#0"}}}],"display":{"gui":{"rotation":[30,225,0]}}}