{"textures":{"0":"minecraft:item/tc_cyclops"},"elements":[{"from":[4.989999,1.49,4.99],"to":[11.01,10.51,11.01],"faces":{"east":{"uv":[3.78125,8.6875,3.96875,8.96875],"tintindex":0,"texture":"#0"},"south":{"uv":[3.96875,8.6875,4.15625,8.96875],"tintindex":0,"texture":"#0"},"north":{"uv":[8.6875,3.0625,8.875,3.34375],"tintindex":0,"texture":"#0"},"west":{"uv":[8.6875,7.375,8.875,7.65625],"tintindex":0,"texture":"#0"},"up":{"uv":[9.21875,1.75,9.03125,1.5625],"tintindex":0,"texture":"#0"},"down":{"uv":[9.21875,1.75,9.03125,1.9375],"tintindex":0,"texture":"#0"}}}],"display":{"gui":{"rotation":[30,225,0]}}}