{"textures":{"0":"minecraft:item/tc_cyclops"},"elements":[{"from":[4.8929195,-2.6739905,5.01],"to":[10.872919,2.3060095,10.99],"faces":{"east":{"uv":[9.28125,3.78125,9.46875,3.9375],"tintindex":0,"rotation":0,"texture":"#0"},"south":{"uv":[9.28125,3.9375,9.46875,4.09375],"tintindex":0,"rotation":0,"texture":"#0"},"north":{"uv":[9.25,6.71875,9.4375,6.875],"tintindex":0,"rotation":0,"texture":"#0"},"west":{"uv":[9.28125,4.09375,9.46875,4.25],"tintindex":0,"rotation":0,"texture":"#0"},"up":{"uv":[5.3125,9.1875,5.125,9.0],"tintindex":0,"rotation":0,"texture":"#0"},"down":{"uv":[9.1875,5.78125,9.0,5.96875],"tintindex":0,"rotation":0,"texture":"#0"}},"rotation":{"origin":[7.8829193,-0.18399048,8.0],"angle":22.5,"axis":"z"}},{"from":[3.1540618,-1.5266223,5.02],"to":[5.114062,3.4333777,10.98],"faces":{"east":{"uv":[9.25,1.28125,9.4375,1.4375],"tintindex":0,"rotation":0,"texture":"#0"},"south":{"uv":[9.125,7.21875,9.1875,7.375],"tintindex":0,"rotation":0,"texture":"#0"},"north":{"uv":[9.0625,7.03125,9.125,7.1875],"tintindex":0,"rotation":0,"texture":"#0"},"west":{"uv":[9.25,3.625,9.4375,3.78125],"tintindex":0,"rotation":0,"texture":"#0"},"up":{"uv":[9.90625,8.71875,9.84375,8.53125],"tintindex":0,"rotation":0,"texture":"#0"},"down":{"uv":[9.90625,8.71875,9.84375,8.90625],"tintindex":0,"rotation":0,"texture":"#0"}},"rotation":{"origin":[7.134062,0.9533777,8.0],"angle":45.0,"axis":"z"}},{"from":[5.611264,-1.3456402,5.0],"to":[11.611265,8.65436,11.0],"faces":{"east":{"uv":[8.3125,8.5,8.5,8.8125],"tintindex":0,"rotation":0,"texture":"#0"},"south":{"uv":[8.5,8.5,8.6875,8.8125],"tintindex":0,"rotation":0,"texture":"#0"},"north":{"uv":[8.5,7.4375,8.6875,7.75],"tintindex":0,"rotation":0,"texture":"#0"},"west":{"uv":[8.53125,0.0,8.71875,0.3125],"tintindex":0,"rotation":0,"texture":"#0"},"up":{"uv":[9.1875,6.15625,9.0,5.96875],"tintindex":0,"rotation":0,"texture":"#0"},"down":{"uv":[9.1875,7.375,9.0,7.5625],"tintindex":0,"rotation":0,"texture":"#0"}}}],"display":{"gui":{"rotation":[30,225,0]}}}