{"textures":{"0":"minecraft:item/tc_cyclops"},"elements":[{"from":[6.3622627,-1.1705914,5.0],"to":[12.362263,8.829409,11.0],"faces":{"east":{"uv":[6.53125,8.5625,6.71875,8.875],"tintindex":0,"rotation":0,"texture":"#0"},"south":{"uv":[8.5625,6.90625,8.75,7.21875],"tintindex":0,"rotation":0,"texture":"#0"},"north":{"uv":[5.96875,8.5625,6.15625,8.875],"tintindex":0,"rotation":0,"texture":"#0"},"west":{"uv":[7.1875,8.5625,7.375,8.875],"tintindex":0,"rotation":0,"texture":"#0"},"up":{"uv":[9.21875,2.5,9.03125,2.3125],"tintindex":0,"rotation":0,"texture":"#0"},"down":{"uv":[9.21875,2.71875,9.03125,2.90625],"tintindex":0,"rotation":0,"texture":"#0"}}},{"from":[3.9050593,-1.3515744,5.02],"to":[5.8650594,3.6084256,10.98],"faces":{"east":{"uv":[6.28125,9.28125,6.46875,9.4375],"tintindex":0,"rotation":0,"texture":"#0"},"south":{"uv":[9.625,1.78125,9.6875,1.9375],"tintindex":0,"rotation":0,"texture":"#0"},"north":{"uv":[9.59375,6.09375,9.65625,6.25],"tintindex":0,"rotation":0,"texture":"#0"},"west":{"uv":[9.28125,6.3125,9.46875,6.46875],"tintindex":0,"rotation":0,"texture":"#0"},"up":{"uv":[9.9375,0.375,9.875,0.1875],"tintindex":0,"rotation":0,"texture":"#0"},"down":{"uv":[9.9375,0.375,9.875,0.5625],"tintindex":0,"rotation":0,"texture":"#0"}},"rotation":{"origin":[7.8850594,1.1284256,8.0],"angle":45.0,"axis":"z"}},{"from":[5.643917,-2.4989426,5.01],"to":[11.623917,2.4810584,10.99],"faces":{"east":{"uv":[9.28125,7.375,9.46875,7.53125],"tintindex":0,"rotation":0,"texture":"#0"},"south":{"uv":[4.15625,9.3125,4.34375,9.46875],"tintindex":0,"rotation":0,"texture":"#0"},"north":{"uv":[9.28125,7.21875,9.46875,7.375],"tintindex":0,"rotation":0,"texture":"#0"},"west":{"uv":[4.53125,9.3125,4.71875,9.46875],"tintindex":0,"rotation":0,"texture":"#0"},"up":{"uv":[9.21875,2.125,9.03125,1.9375],"tintindex":0,"rotation":0,"texture":"#0"},"down":{"uv":[9.21875,2.125,9.03125,2.3125],"tintindex":0,"rotation":0,"texture":"#0"}},"rotation":{"origin":[8.633917,-0.008942604,8.0],"angle":22.5,"axis":"z"}}],"display":{"gui":{"rotation":[30,225,0]}}}