{"textures":{"0":"minecraft:item/tc_cyclops"},"elements":[{"from":[16.046476,-9.811855,2.6629057],"to":[19.046476,2.1881409,14.662906],"faces":{"east":{"uv":[6.9375,3.375,7.3125,3.75],"tintindex":0,"rotation":0,"texture":"#0"},"south":{"uv":[4.84375,2.5625,4.9375,2.9375],"tintindex":0,"rotation":0,"texture":"#0"},"north":{"uv":[2.3125,0.59375,2.40625,0.96875],"tintindex":0,"rotation":0,"texture":"#0"},"west":{"uv":[3.65625,6.9375,4.03125,7.3125],"tintindex":0,"rotation":0,"texture":"#0"},"up":{"uv":[1.3125,7.21875,1.21875,6.84375],"tintindex":0,"rotation":0,"texture":"#0"},"down":{"uv":[4.65625,8.9375,4.5625,9.3125],"tintindex":0,"rotation":0,"texture":"#0"}},"rotation":{"origin":[17.546476,-3.8118553,8.662906],"angle":45.0,"axis":"x"}},{"from":[4.119974,-4.8000793,-0.28338814],"to":[19.119974,10.199921,17.716612],"faces":{"east":{"uv":[4.28125,2.46875,4.84375,2.9375],"tintindex":0,"rotation":0,"texture":"#0"},"south":{"uv":[2.59375,5.09375,3.0625,5.5625],"tintindex":0,"rotation":0,"texture":"#0"},"north":{"uv":[0.4375,5.0625,0.90625,5.53125],"tintindex":0,"rotation":0,"texture":"#0"},"west":{"uv":[4.375,2.9375,4.9375,3.40625],"tintindex":0,"rotation":0,"texture":"#0"},"up":{"uv":[0.46875,4.9375,0.0,4.375],"tintindex":0,"rotation":0,"texture":"#0"},"down":{"uv":[0.9375,4.5,0.46875,5.0625],"tintindex":0,"rotation":0,"texture":"#0"}},"rotation":{"origin":[11.619974,2.6999207,8.716612],"angle":22.5,"axis":"z"}},{"from":[6.6633954,-5.9818444,-0.18338814],"to":[20.463394,-0.18184051,17.616611],"faces":{"east":{"uv":[7.3125,5.65625,7.875,5.84375],"tintindex":0,"rotation":0,"texture":"#0"},"south":{"uv":[7.875,1.375,8.3125,1.5625],"tintindex":0,"rotation":0,"texture":"#0"},"north":{"uv":[5.625,7.84375,6.0625,8.03125],"tintindex":0,"rotation":0,"texture":"#0"},"west":{"uv":[7.375,2.5625,7.9375,2.75],"tintindex":0,"rotation":0,"texture":"#0"},"up":{"uv":[4.0,5.40625,3.5625,4.84375],"tintindex":0,"rotation":0,"texture":"#0"},"down":{"uv":[0.4375,4.9375,0.0,5.5],"tintindex":0,"rotation":0,"texture":"#0"}},"rotation":{"origin":[15.36109,-2.516693,8.516612],"angle":45.0,"axis":"z"}},{"from":[5.3540506,-12.420582,2.2870884],"to":[16.35405,2.5794144,15.287088],"faces":{"east":{"uv":[0.5,1.3125,0.90625,1.78125],"tintindex":0,"rotation":0,"texture":"#0"},"south":{"uv":[1.84375,6.5,2.1875,6.96875],"tintindex":0,"rotation":0,"texture":"#0"},"north":{"uv":[2.0625,2.90625,2.40625,3.375],"tintindex":0,"rotation":0,"texture":"#0"},"west":{"uv":[1.5,2.09375,1.90625,2.5625],"tintindex":0,"rotation":0,"texture":"#0"},"up":{"uv":[0.625,7.4375,0.28125,7.03125],"tintindex":0,"rotation":0,"texture":"#0"},"down":{"uv":[7.375,2.34375,7.03125,2.75],"tintindex":0,"rotation":0,"texture":"#0"}}},{"from":[5.803396,-13.471239,2.2970884],"to":[13.561565,-5.713072,15.277088],"faces":{"east":{"uv":[6.375,7.5625,6.78125,7.8125],"tintindex":0,"rotation":0,"texture":"#0"},"south":{"uv":[8.3125,4.34375,8.5625,4.59375],"tintindex":0,"rotation":0,"texture":"#0"},"north":{"uv":[0.0,7.1875,0.25,7.4375],"tintindex":0,"rotation":0,"texture":"#0"},"west":{"uv":[3.125,7.59375,3.53125,7.84375],"tintindex":0,"rotation":0,"texture":"#0"},"up":{"uv":[3.78125,8.0,3.53125,7.59375],"tintindex":0,"rotation":0,"texture":"#0"},"down":{"uv":[4.53125,7.59375,4.28125,8.0],"tintindex":0,"rotation":0,"texture":"#0"}},"rotation":{"origin":[13.682482,-9.592155,8.787088],"angle":45.0,"axis":"z"}}],"display":{"gui":{"rotation":[30,225,0]}}}