{"textures":{"0":"minecraft:item/tc_cyclops"},"elements":[{"from":[4.989999,-0.51,4.99],"to":[11.01,8.51,11.01],"faces":{"east":{"uv":[3.21875,8.65625,3.40625,8.9375],"tintindex":0,"texture":"#0"},"south":{"uv":[3.40625,8.65625,3.59375,8.9375],"tintindex":0,"texture":"#0"},"north":{"uv":[1.5,8.65625,1.6875,8.9375],"tintindex":0,"texture":"#0"},"west":{"uv":[8.65625,6.4375,8.84375,6.71875],"tintindex":0,"texture":"#0"},"up":{"uv":[4.9375,9.1875,4.75,9],"tintindex":0,"texture":"#0"},"down":{"uv":[5.125,9,4.9375,9.1875],"tintindex":0,"texture":"#0"}}}],"display":{"gui":{"rotation":[30,225,0]}}}