{"textures":{"0":"minecraft:item/tc_cyclops"},"elements":[{"from":[5.5108337,-0.47578025,4.9535794],"to":[11.530834,8.54422,10.973579],"faces":{"east":{"uv":[0.9375,8.65625,1.125,8.9375],"tintindex":0,"texture":"#0"},"south":{"uv":[1.125,8.65625,1.3125,8.9375],"tintindex":0,"texture":"#0"},"north":{"uv":[0.1875,8.65625,0.375,8.9375],"tintindex":0,"texture":"#0"},"west":{"uv":[1.3125,8.65625,1.5,8.9375],"tintindex":0,"texture":"#0"},"up":{"uv":[7.6875,9.125,7.5,8.9375],"tintindex":0,"texture":"#0"},"down":{"uv":[9.125,8.1875,8.9375,8.375],"tintindex":0,"texture":"#0"}}}],"display":{"gui":{"rotation":[30,225,0]}}}