{"textures":{"0":"minecraft:item/tc_cyclops"},"elements":[{"from":[5.5108337,-0.47578025,4.953579],"to":[11.530834,8.54422,10.973579],"faces":{"east":{"uv":[0.375,8.6875,0.5625,8.96875],"tintindex":0,"rotation":0,"texture":"#0"},"south":{"uv":[0.5625,8.6875,0.75,8.96875],"tintindex":0,"rotation":0,"texture":"#0"},"north":{"uv":[8.65625,7.90625,8.84375,8.1875],"tintindex":0,"rotation":0,"texture":"#0"},"west":{"uv":[8.6875,0.8125,8.875,1.09375],"tintindex":0,"rotation":0,"texture":"#0"},"up":{"uv":[8.4375,9.1875,8.25,9.0],"tintindex":0,"rotation":0,"texture":"#0"},"down":{"uv":[0.90625,9.03125,0.71875,9.21875],"tintindex":0,"rotation":0,"texture":"#0"}}}],"display":{"gui":{"rotation":[30,225,0]}}}