{"textures":{"0":"minecraft:item/tc_cyclops"},"elements":[{"from":[1.7949553,-2.369543,-2.1578474],"to":[17.794956,7.630459,14.842154],"faces":{"east":{"uv":[6.5,1.28125,7.03125,1.59375],"tintindex":0,"rotation":0,"texture":"#0"},"south":{"uv":[6.875,6.0625,7.34375,6.375],"tintindex":0,"rotation":0,"texture":"#0"},"north":{"uv":[2.1875,6.84375,2.65625,7.15625],"tintindex":0,"rotation":0,"texture":"#0"},"west":{"uv":[1.3125,6.5,1.84375,6.8125],"tintindex":0,"rotation":0,"texture":"#0"},"down":{"uv":[1.40625,4.8125,0.9375,5.34375],"tintindex":0,"rotation":0,"texture":"#0"}},"rotation":{"origin":[9.553443,0.009593964,6.212124],"angle":22.5,"axis":"z"}},{"from":[1.5534425,-7.490406,-0.28787613],"to":[13.553443,7.509594,12.712124],"faces":{"east":{"uv":[6.0625,4.59375,6.46875,5.0625],"tintindex":0,"rotation":0,"texture":"#0"},"south":{"uv":[2.46875,6.375,2.84375,6.84375],"tintindex":0,"rotation":0,"texture":"#0"},"north":{"uv":[0.9375,6.375,1.3125,6.84375],"tintindex":0,"rotation":0,"texture":"#0"},"west":{"uv":[6.09375,2.59375,6.5,3.0625],"tintindex":0,"rotation":0,"texture":"#0"},"up":{"uv":[4.21875,0.40625,3.84375,0.0],"tintindex":0,"rotation":0,"texture":"#0"},"down":{"uv":[0.65625,6.625,0.28125,7.03125],"tintindex":0,"rotation":0,"texture":"#0"}}}],"display":{"gui":{"rotation":[30,225,0]}}}