{"textures":{"0":"minecraft:item/tc_cyclops"},"elements":[{"from":[3.5367446,-0.6027417,5.02],"to":[5.4967446,4.3572583,10.98],"faces":{"east":{"uv":[4.78125,5.21875,4.96875,5.375],"tintindex":0,"rotation":0,"texture":"#0"},"south":{"uv":[8.9375,2.90625,9.0,3.0625],"tintindex":0,"rotation":0,"texture":"#0"},"north":{"uv":[1.90625,8.15625,1.96875,8.3125],"tintindex":0,"rotation":0,"texture":"#0"},"west":{"uv":[4.59375,6.5,4.78125,6.65625],"tintindex":0,"rotation":0,"texture":"#0"},"up":{"uv":[5.53125,8.34375,5.46875,8.15625],"tintindex":0,"rotation":0,"texture":"#0"},"down":{"uv":[8.25,6.25,8.1875,6.4375],"tintindex":0,"rotation":0,"texture":"#0"}},"rotation":{"origin":[7.5167446,1.8772583,8.0],"angle":45.0,"axis":"z"}},{"from":[5.993948,-0.4217596,5.0],"to":[11.993948,9.578241,11.0],"faces":{"east":{"uv":[5.28125,7.0625,5.46875,7.375],"tintindex":0,"rotation":0,"texture":"#0"},"south":{"uv":[1.71875,8.40625,1.90625,8.71875],"tintindex":0,"rotation":0,"texture":"#0"},"north":{"uv":[3.1875,6.59375,3.375,6.90625],"tintindex":0,"rotation":0,"texture":"#0"},"west":{"uv":[0.75,8.4375,0.9375,8.75],"tintindex":0,"rotation":0,"texture":"#0"},"up":{"uv":[9.125,7.375,8.9375,7.1875],"tintindex":0,"rotation":0,"texture":"#0"},"down":{"uv":[7.5,8.9375,7.3125,9.125],"tintindex":0,"rotation":0,"texture":"#0"}}},{"from":[5.2756023,-1.7501099,5.01],"to":[11.255602,3.22989,10.99],"faces":{"east":{"uv":[9.21875,2.71875,9.40625,2.875],"tintindex":0,"rotation":0,"texture":"#0"},"south":{"uv":[9.21875,6.15625,9.40625,6.3125],"tintindex":0,"rotation":0,"texture":"#0"},"north":{"uv":[9.1875,7.59375,9.375,7.75],"tintindex":0,"rotation":0,"texture":"#0"},"west":{"uv":[9.21875,8.46875,9.40625,8.625],"tintindex":0,"rotation":0,"texture":"#0"},"up":{"uv":[6.84375,9.125,6.65625,8.9375],"tintindex":0,"rotation":0,"texture":"#0"},"down":{"uv":[7.03125,8.9375,6.84375,9.125],"tintindex":0,"rotation":0,"texture":"#0"}},"rotation":{"origin":[8.265602,0.7398901,8.0],"angle":22.5,"axis":"z"}}],"display":{"gui":{"rotation":[30,225,0]}}}