{"textures":{"0":"minecraft:item/tc_cyclops"},"elements":[{"from":[3.5367446,-0.6027417,5.02],"to":[5.4967446,4.3572583,10.98],"faces":{"east":{"uv":[5.3125,9.28125,5.5,9.4375],"tintindex":0,"texture":"#0"},"south":{"uv":[9.59375,4.46875,9.65625,4.625],"tintindex":0,"texture":"#0"},"north":{"uv":[9.53125,3.4375,9.59375,3.59375],"tintindex":0,"texture":"#0"},"west":{"uv":[5.5,9.28125,5.6875,9.4375],"tintindex":0,"texture":"#0"},"up":{"uv":[9.875,10.03125,9.8125,9.84375],"tintindex":0,"texture":"#0"},"down":{"uv":[9.9375,0,9.875,0.1875],"tintindex":0,"texture":"#0"}},"rotation":{"origin":[7.5167446,1.8772583,8],"angle":45,"axis":"z"}},{"from":[5.993948,-0.4217596,5],"to":[11.993948,9.578241,11],"faces":{"east":{"uv":[8.5625,4.34375,8.75,4.65625],"tintindex":0,"texture":"#0"},"south":{"uv":[8.5625,4.96875,8.75,5.28125],"tintindex":0,"texture":"#0"},"north":{"uv":[2.15625,8.5625,2.34375,8.875],"tintindex":0,"texture":"#0"},"west":{"uv":[8.5625,5.28125,8.75,5.59375],"tintindex":0,"texture":"#0"},"up":{"uv":[8.0625,9.1875,7.875,9],"tintindex":0,"texture":"#0"},"down":{"uv":[8.25,9,8.0625,9.1875],"tintindex":0,"texture":"#0"}}},{"from":[5.2756023,-1.7501099,5.01],"to":[11.255602,3.22989,10.99],"faces":{"east":{"uv":[9.28125,5.78125,9.46875,5.9375],"tintindex":0,"texture":"#0"},"south":{"uv":[9.28125,5.9375,9.46875,6.09375],"tintindex":0,"texture":"#0"},"north":{"uv":[5.6875,9.28125,5.875,9.4375],"tintindex":0,"texture":"#0"},"west":{"uv":[6.09375,9.28125,6.28125,9.4375],"tintindex":0,"texture":"#0"},"up":{"uv":[9.1875,7.75,9,7.5625],"tintindex":0,"texture":"#0"},"down":{"uv":[7.875,9,7.6875,9.1875],"tintindex":0,"texture":"#0"}},"rotation":{"origin":[8.265602,0.7398901,8],"angle":22.5,"axis":"z"}}],"display":{"gui":{"rotation":[30,225,0]}}}