{"textures":{"0":"minecraft:item/tc_cyclops"},"elements":[{"from":[5.8801312,6.886438,9.342731],"to":[8.680131,10.186438,12.142731],"faces":{"east":{"uv":[9.9375,0.0,10.03125,0.125],"tintindex":0,"rotation":0,"texture":"#0"},"south":{"uv":[9.9375,0.125,10.03125,0.25],"tintindex":0,"rotation":0,"texture":"#0"},"north":{"uv":[9.90625,8.28125,10.0,8.40625],"tintindex":0,"rotation":0,"texture":"#0"},"west":{"uv":[9.9375,0.25,10.03125,0.375],"tintindex":0,"rotation":0,"texture":"#0"},"up":{"uv":[7.34375,10.15625,7.25,10.0625],"tintindex":0,"rotation":0,"texture":"#0"},"down":{"uv":[7.4375,10.0625,7.34375,10.15625],"tintindex":0,"rotation":0,"texture":"#0"}}},{"from":[6.4144516,13.722891,9.878077],"to":[7.6144514,16.922892,11.078076],"faces":{"east":{"uv":[3.15625,3.375,3.1875,3.46875],"tintindex":0,"rotation":0,"texture":"#0"},"south":{"uv":[3.15625,3.46875,3.1875,3.5625],"tintindex":0,"rotation":0,"texture":"#0"},"north":{"uv":[1.46875,3.375,1.5,3.46875],"tintindex":0,"rotation":0,"texture":"#0"},"west":{"uv":[2.03125,3.5625,2.0625,3.65625],"tintindex":0,"rotation":0,"texture":"#0"},"up":{"uv":[0.5,2.9375,0.46875,2.90625],"tintindex":0,"rotation":0,"texture":"#0"},"down":{"uv":[1.5,3.46875,1.46875,3.5],"tintindex":0,"rotation":0,"texture":"#0"}},"rotation":{"origin":[7.597407,12.416069,7.3635902],"angle":22.5,"axis":"x"}},{"from":[6.1644516,9.663879,9.486767],"to":[8.164452,12.663879,11.486766],"faces":{"east":{"uv":[3.90625,8.375,3.96875,8.46875],"tintindex":0,"rotation":0,"texture":"#0"},"south":{"uv":[4.90625,8.375,4.96875,8.46875],"tintindex":0,"rotation":0,"texture":"#0"},"north":{"uv":[8.28125,0.3125,8.34375,0.40625],"tintindex":0,"rotation":0,"texture":"#0"},"west":{"uv":[5.40625,8.46875,5.46875,8.5625],"tintindex":0,"rotation":0,"texture":"#0"},"up":{"uv":[7.75,9.0,7.6875,8.9375],"tintindex":0,"rotation":0,"texture":"#0"},"down":{"uv":[9.03125,2.46875,8.96875,2.53125],"tintindex":0,"rotation":0,"texture":"#0"}}}],"display":{"gui":{"rotation":[30,225,0]}}}