{"textures":{"0":"minecraft:item/tc_cyclops"},"elements":[{"from":[7.3198686,6.886438,9.342731],"to":[10.119868,10.186438,12.142731],"faces":{"east":{"uv":[8.5,3.875,8.59375,4],"tintindex":0,"texture":"#0"},"south":{"uv":[9.03125,5,9.125,5.125],"tintindex":0,"texture":"#0"},"north":{"uv":[3.21875,8.375,3.3125,8.5],"tintindex":0,"texture":"#0"},"west":{"uv":[9.0625,0.4375,9.15625,0.5625],"tintindex":0,"texture":"#0"},"up":{"uv":[3.125,7.84375,3.03125,7.75],"tintindex":0,"texture":"#0"},"down":{"uv":[5.625,7.9375,5.53125,8.03125],"tintindex":0,"texture":"#0"}}},{"from":[8.385548,13.722891,9.878077],"to":[9.585548,16.922892,11.078076],"faces":{"east":{"uv":[1.875,2.75,1.90625,2.84375],"tintindex":0,"texture":"#0"},"south":{"uv":[0.46875,2.8125,0.5,2.90625],"tintindex":0,"texture":"#0"},"north":{"uv":[0.875,1.96875,0.90625,2.0625],"tintindex":0,"texture":"#0"},"west":{"uv":[3.15625,2.21875,3.1875,2.3125],"tintindex":0,"texture":"#0"},"up":{"uv":[0.90625,2.09375,0.875,2.0625],"tintindex":0,"texture":"#0"},"down":{"uv":[1.90625,2.84375,1.875,2.875],"tintindex":0,"texture":"#0"}},"rotation":{"origin":[8.402594,12.416069,7.3635902],"angle":22.5,"axis":"x"}},{"from":[7.8355484,9.663879,9.486767],"to":[9.835548,12.663879,11.486766],"faces":{"east":{"uv":[6.9375,3.75,7,3.84375],"tintindex":0,"texture":"#0"},"south":{"uv":[5.625,7.71875,5.6875,7.8125],"tintindex":0,"texture":"#0"},"north":{"uv":[5.84375,2.4375,5.90625,2.53125],"tintindex":0,"texture":"#0"},"west":{"uv":[8.1875,7.65625,8.25,7.75],"tintindex":0,"texture":"#0"},"up":{"uv":[1.5,3.5625,1.4375,3.5],"tintindex":0,"texture":"#0"},"down":{"uv":[5.84375,5.3125,5.78125,5.375],"tintindex":0,"texture":"#0"}}}],"display":{"gui":{"rotation":[30,225,0]}}}