{
	"credit": "Made with Blockbench",
	"texture_size": [128, 128],
	"textures": {
		"0": "custom/elitecreatures/skeletons2/skeletonchest_v2",
		"particle": "custom/elitecreatures/skeletons2/skeletonchest_v2"
	},
	"elements": [
		{
			"from": [5.73862, 9.69712, 3.39323],
			"to": [10.39362, 14.31712, 8.22323],
			"rotation": {"angle": -22.5, "axis": "x", "origin": [8.06612, 10.87308, 5.5027]},
			"faces": {
				"north": {"uv": [11.65625, 5.28125, 11.25, 4.875], "rotation": 90, "texture": "#0"},
				"east": {"uv": [4.90625, 11, 4.5, 11.4375], "rotation": 90, "texture": "#0"},
				"south": {"uv": [11.65625, 5.375, 11.25, 5.78125], "rotation": 90, "texture": "#0"},
				"west": {"uv": [4.5, 11, 4.90625, 11.4375], "rotation": 270, "texture": "#0"},
				"up": {"uv": [10.625, 11, 11.03125, 11.4375], "texture": "#0"},
				"down": {"uv": [5, 11, 5.40625, 11.4375], "rotation": 180, "texture": "#0"}
			}
		},
		{
			"from": [6.08862, 8.79183, 5.5235],
			"to": [10.04362, 11.52183, 7.3435],
			"rotation": {"angle": 45, "axis": "x", "origin": [8.06612, 10.87308, 5.5027]},
			"faces": {
				"north": {"uv": [9.75, 1.71875, 9.5, 1.375], "rotation": 90, "texture": "#0"},
				"east": {"uv": [4.25, 3.5, 4, 3.65625], "rotation": 90, "texture": "#0"},
				"south": {"uv": [4.125, 10.125, 3.875, 10.46875], "rotation": 90, "texture": "#0"},
				"west": {"uv": [4, 3.5, 4.25, 3.65625], "rotation": 270, "texture": "#0"},
				"up": {"uv": [9.125, 0.625, 9.46875, 0.78125], "texture": "#0"},
				"down": {"uv": [8.625, 2.875, 8.96875, 3.03125], "rotation": 180, "texture": "#0"}
			}
		},
		{
			"from": [5.73862, 9.69712, 7.77677],
			"to": [10.39362, 14.31712, 12.60677],
			"rotation": {"angle": 22.5, "axis": "x", "origin": [8.06612, 10.87308, 10.4973]},
			"faces": {
				"north": {"uv": [11.65625, 5.78125, 11.25, 5.375], "rotation": 90, "texture": "#0"},
				"east": {"uv": [4.90625, 11.4375, 4.5, 11], "rotation": 90, "texture": "#0"},
				"south": {"uv": [11.65625, 4.875, 11.25, 5.28125], "rotation": 90, "texture": "#0"},
				"west": {"uv": [4.5, 11.4375, 4.90625, 11], "rotation": 270, "texture": "#0"},
				"up": {"uv": [10.625, 11.4375, 11.03125, 11], "texture": "#0"},
				"down": {"uv": [5, 11.4375, 5.40625, 11], "rotation": 180, "texture": "#0"}
			}
		},
		{
			"from": [6.08862, 8.79183, 8.6565],
			"to": [10.04362, 11.52183, 10.4765],
			"rotation": {"angle": -45, "axis": "x", "origin": [8.06612, 10.87308, 10.4973]},
			"faces": {
				"north": {"uv": [4.125, 10.46875, 3.875, 10.125], "rotation": 90, "texture": "#0"},
				"east": {"uv": [4.25, 3.65625, 4, 3.5], "rotation": 90, "texture": "#0"},
				"south": {"uv": [9.75, 1.375, 9.5, 1.71875], "rotation": 90, "texture": "#0"},
				"west": {"uv": [4, 3.65625, 4.25, 3.5], "rotation": 270, "texture": "#0"},
				"up": {"uv": [9.125, 0.78125, 9.46875, 0.625], "texture": "#0"},
				"down": {"uv": [8.625, 3.03125, 8.96875, 2.875], "rotation": 180, "texture": "#0"}
			}
		},
		{
			"from": [18.24846, 7.95344, 5.73026],
			"to": [23.14846, 12.85344, 9.79026],
			"rotation": {"angle": 45, "axis": "z", "origin": [8.32336, -2.32166, 16.4]},
			"faces": {
				"north": {"uv": [0.875, 11, 1.3125, 11.4375], "texture": "#0"},
				"east": {"uv": [7.75, 3.75, 8.1125, 4.1875], "texture": "#0"},
				"south": {"uv": [1.3125, 11, 0.875, 11.4375], "texture": "#0"},
				"west": {"uv": [8.1125, 4.1875, 7.75, 3.75], "texture": "#0"},
				"up": {"uv": [8.12031, 3.75, 7.75781, 4.1875], "rotation": 90, "texture": "#0"},
				"down": {"uv": [7.75781, 4.1875, 8.12031, 3.75], "rotation": 90, "texture": "#0"}
			}
		},
		{
			"from": [7.71967, 11.03869, 7.69026],
			"to": [14.71967, 22.23869, 7.69026],
			"rotation": {"angle": 22.5, "axis": "z", "origin": [8.32336, -2.32166, 16.4]},
			"faces": {
				"north": {"uv": [9, 12.90625, 9.625, 13.90625], "rotation": 180, "texture": "#0"},
				"east": {"uv": [0, 0, 0, 0.75], "rotation": 180, "texture": "#missing"},
				"south": {"uv": [9.625, 12.90625, 9, 13.90625], "rotation": 180, "texture": "#0"},
				"west": {"uv": [0, 0, 0, 0.75], "rotation": 180, "texture": "#missing"},
				"up": {"uv": [0, 0, 0.625, 0], "rotation": 180, "texture": "#missing"},
				"down": {"uv": [0, 0, 0.625, 0], "rotation": 180, "texture": "#missing"}
			}
		},
		{
			"from": [1.22705, 11.03869, 7.69026],
			"to": [8.22705, 22.23869, 7.69026],
			"rotation": {"angle": -22.5, "axis": "z", "origin": [8.32336, -2.32166, 16.4]},
			"faces": {
				"north": {"uv": [9.625, 12.90625, 9, 13.90625], "rotation": 180, "texture": "#0"},
				"east": {"uv": [0, 0, 0, 0.75], "rotation": 180, "texture": "#missing"},
				"south": {"uv": [9, 12.90625, 9.625, 13.90625], "rotation": 180, "texture": "#0"},
				"west": {"uv": [0, 0, 0, 0.75], "rotation": 180, "texture": "#missing"},
				"up": {"uv": [0.625, 0, 0, 0], "rotation": 180, "texture": "#missing"},
				"down": {"uv": [0.625, 0, 0, 0], "rotation": 180, "texture": "#missing"}
			}
		},
		{
			"from": [7.27336, -0.57166, 6.95],
			"to": [9.37336, 10.62834, 9.05],
			"rotation": {"angle": 0, "axis": "y", "origin": [-2.87664, -13.52166, 5.2]},
			"faces": {
				"north": {"uv": [0.0625, 11.53125, 0.25, 12.53125], "texture": "#0"},
				"east": {"uv": [0.0625, 11.53125, 0.25, 12.53125], "texture": "#0"},
				"south": {"uv": [0.0625, 11.53125, 0.25, 12.53125], "texture": "#0"},
				"west": {"uv": [0.0625, 11.53125, 0.25, 12.53125], "texture": "#0"},
				"up": {"uv": [0.0625, 11.53125, 0.25, 12.53125], "texture": "#0"},
				"down": {"uv": [0.25, 11.78125, 0.4375, 11.96875], "texture": "#0"}
			}
		},
		{
			"from": [1.67336, -8.97166, 8.35],
			"to": [9.37336, 7.82834, 8.35],
			"rotation": {"angle": 0, "axis": "y", "origin": [-2.87664, -13.52166, 5.2]},
			"faces": {
				"north": {"uv": [0.0625, 12.5625, 0.75, 14.0625], "texture": "#0"},
				"east": {"uv": [0.0625, 11.53125, 0.25, 12.53125], "texture": "#0"},
				"south": {"uv": [0.75, 12.5625, 0.0625, 14.0625], "texture": "#0"},
				"west": {"uv": [0.0625, 11.53125, 0.25, 12.53125], "texture": "#0"},
				"up": {"uv": [0.0625, 11.53125, 0.25, 12.53125], "texture": "#0"},
				"down": {"uv": [0.25, 11.78125, 0.4375, 11.96875], "texture": "#0"}
			}
		}
	],
	"gui_light": "front",
	"display": {
		"thirdperson_righthand": {
			"rotation": [73.25, 0, 0],
			"translation": [0, 0.75, 0],
			"scale": [0.37305, 0.37305, 0.37305]
		},
		"thirdperson_lefthand": {
			"rotation": [73.25, 0, 0],
			"translation": [0, 0.75, 0],
			"scale": [0.37305, 0.37305, 0.37305]
		},
		"firstperson_righthand": {
			"rotation": [177.38, 49.7, -54.76],
			"translation": [7, 0.25, -10.75],
			"scale": [0.79297, 0.79297, 0.79297]
		},
		"firstperson_lefthand": {
			"rotation": [177.38, 49.7, -54.76],
			"translation": [7, 0.25, -10.75],
			"scale": [0.79297, 0.79297, 0.79297]
		},
		"ground": {
			"rotation": [62, 0, 0],
			"translation": [0, 4.75, 0],
			"scale": [0.62109, 0.62109, 0.62109]
		},
		"gui": {
			"rotation": [-5, -167, -27],
			"translation": [0.5, -0.5, 0],
			"scale": [0.54297, 0.54297, 0.54297]
		},
		"head": {
			"translation": [0, 5, -0.5],
			"scale": [1.37695, 1.39258, 1.37695]
		},
		"fixed": {
			"translation": [0, 5.25, -6.75],
			"scale": [1.39844, 1.39844, 1.39844]
		}
	},
	"groups": [
		{
			"name": "top",
			"origin": [0.03129, 5.46002, 7.90917],
			"color": 0,
			"boneType": "",
			"children": [0, 1, 2, 3, 4, 5, 6]
		},
		{
			"name": "bottom",
			"origin": [9.5, 4, 8],
			"color": 0,
			"boneType": "",
			"children": []
		},
		7,
		8
	]
}