{"textures":{"0":"modelengine:entity/thorn"},"elements":[{"from":[1.8533335,-7.7385035,6.510721],"to":[1.8533335,10.741497,22.350721],"faces":{"east":{"uv":[3.25,4.25,6.25,7.75],"tintindex":0,"rotation":0,"texture":"#0"},"west":{"uv":[6.25,4.25,3.25,7.75],"tintindex":0,"rotation":0,"texture":"#0"}},"rotation":{"origin":[0.8533335,1.5014963,14.43072],"angle":-22.5,"axis":"x"}},{"from":[14.693333,-3.1299763,2.2910528],"to":[14.693333,12.710024,18.131054],"faces":{"east":{"uv":[6.5,3.25,9.5,6.25],"tintindex":0,"rotation":0,"texture":"#0"},"west":{"uv":[9.5,3.25,6.5,6.25],"tintindex":0,"rotation":0,"texture":"#0"}},"rotation":{"origin":[16.693333,4.790024,10.211053],"angle":-22.5,"axis":"x"}},{"from":[7.4533334,-7.8515215,-2.5617743],"to":[7.4533334,13.268479,13.278226],"faces":{"east":{"uv":[3.25,0.0,6.25,4.0],"tintindex":0,"rotation":0,"texture":"#0"},"west":{"uv":[6.25,0.0,3.25,4.0],"tintindex":0,"rotation":0,"texture":"#0"}},"rotation":{"origin":[7.4533334,2.7084794,5.358226],"angle":-22.5,"axis":"x"}}],"display":{"gui":{"rotation":[30,225,0]}}}