{"textures":{"0":"modelengine:entity/toro_wither"},"elements":[{"from":[3.7294402,9.649481,8.901525],"to":[12.408319,17.36404,14.205284],"faces":{"east":{"uv":[4.34375,7.375,4.59375,7.71875],"tintindex":0,"rotation":0,"texture":"#0"},"south":{"uv":[5.78125,5.875,6.1875,6.21875],"tintindex":0,"rotation":0,"texture":"#0"},"north":{"uv":[4.75,5.8125,5.15625,6.15625],"tintindex":0,"rotation":0,"texture":"#0"},"west":{"uv":[4.59375,7.375,4.84375,7.71875],"tintindex":0,"rotation":0,"texture":"#0"},"up":{"uv":[2.40625,6.9375,2.0,6.6875],"tintindex":0,"rotation":0,"texture":"#0"},"down":{"uv":[7.125,1.28125,6.71875,1.53125],"tintindex":0,"rotation":0,"texture":"#0"}}},{"from":[13.372641,4.951028,1.3536506],"to":[16.74776,9.772628,8.10389],"faces":{"east":{"uv":[0.59375,7.71875,0.90625,7.9375],"tintindex":0,"rotation":0,"texture":"#0"},"south":{"uv":[1.125,8.59375,1.28125,8.8125],"tintindex":0,"rotation":0,"texture":"#0"},"north":{"uv":[8.59375,0.96875,8.75,1.1875],"tintindex":0,"rotation":0,"texture":"#0"},"west":{"uv":[3.71875,7.71875,4.03125,7.9375],"tintindex":0,"rotation":0,"texture":"#0"},"up":{"uv":[4.3125,8.375,4.15625,8.0625],"tintindex":0,"rotation":0,"texture":"#0"},"down":{"uv":[4.46875,8.0625,4.3125,8.375],"tintindex":0,"rotation":0,"texture":"#0"}},"rotation":{"origin":[8.06888,6.3975077,-0.092829704],"angle":-22.5,"axis":"x"}},{"from":[4.69376,10.254787,-0.092829704],"to":[11.444,14.112068,10.03253],"faces":{"east":{"uv":[7.34375,5.53125,7.8125,5.71875],"tintindex":0,"rotation":0,"texture":"#0"},"south":{"uv":[7.40625,7.84375,7.71875,8.03125],"tintindex":0,"rotation":0,"texture":"#0"},"north":{"uv":[6.84375,7.84375,7.15625,8.03125],"tintindex":0,"rotation":0,"texture":"#0"},"west":{"uv":[7.34375,5.71875,7.8125,5.90625],"tintindex":0,"rotation":0,"texture":"#0"},"up":{"uv":[0.3125,6.28125,0.0,5.8125],"tintindex":0,"rotation":0,"texture":"#0"},"down":{"uv":[0.625,5.8125,0.3125,6.28125],"tintindex":0,"rotation":0,"texture":"#0"}},"rotation":{"origin":[8.06888,6.3975077,-0.092829704],"angle":-22.5,"axis":"x"}},{"from":[7.10456,1.2749968,0.27119207],"to":[9.0332,5.1322765,2.199832],"faces":{"east":{"uv":[4.21875,8.78125,4.3125,8.96875],"tintindex":0,"rotation":0,"texture":"#0"},"south":{"uv":[8.78125,5.9375,8.875,6.125],"tintindex":0,"rotation":0,"texture":"#0"},"north":{"uv":[3.125,8.75,3.21875,8.9375],"tintindex":0,"rotation":0,"texture":"#0"},"west":{"uv":[8.78125,6.875,8.875,7.0625],"tintindex":0,"rotation":0,"texture":"#0"},"up":{"uv":[7.34375,5.625,7.25,5.53125],"tintindex":0,"rotation":0,"texture":"#0"},"down":{"uv":[7.375,2.5,7.28125,2.59375],"tintindex":0,"rotation":0,"texture":"#0"}},"rotation":{"origin":[8.06888,4.5598736,1.816328],"angle":-22.5,"axis":"x"}},{"from":[-2.0564795,8.326148,1.8358102],"to":[0.83648014,15.558548,10.03253],"faces":{"east":{"uv":[0.0,6.28125,0.375,6.625],"tintindex":0,"rotation":0,"texture":"#0"},"south":{"uv":[7.25,8.34375,7.375,8.6875],"tintindex":0,"rotation":0,"texture":"#0"},"north":{"uv":[8.34375,7.21875,8.46875,7.5625],"tintindex":0,"rotation":0,"texture":"#0"},"west":{"uv":[5.125,6.28125,5.5,6.625],"tintindex":0,"rotation":0,"texture":"#0"},"up":{"uv":[5.75,8.65625,5.625,8.28125],"tintindex":0,"rotation":0,"texture":"#0"},"down":{"uv":[5.875,8.28125,5.75,8.65625],"tintindex":0,"rotation":0,"texture":"#0"}},"rotation":{"origin":[8.06888,6.3975077,-0.092829704],"angle":-22.5,"axis":"x"}},{"from":[-0.12784004,9.290468,7.6217303],"to":[16.2656,16.040707,14.371971],"faces":{"east":{"uv":[4.75,7.0625,5.0625,7.375],"tintindex":0,"rotation":0,"texture":"#0"},"south":{"uv":[4.5625,1.9375,5.3125,2.25],"tintindex":0,"rotation":0,"texture":"#0"},"north":{"uv":[0.0,4.53125,0.75,4.84375],"tintindex":0,"rotation":0,"texture":"#0"},"west":{"uv":[0.375,7.09375,0.6875,7.40625],"tintindex":0,"rotation":0,"texture":"#0"},"up":{"uv":[5.3125,2.5625,4.5625,2.25],"tintindex":0,"rotation":0,"texture":"#0"},"down":{"uv":[5.375,0.375,4.625,0.6875],"tintindex":0,"rotation":0,"texture":"#0"}},"rotation":{"origin":[9.0332,6.3975077,-0.092829704],"angle":-22.5,"axis":"x"}},{"from":[6.6224003,4.1065006,-0.094717026],"to":[9.51536,7.963781,3.7625632],"faces":{"east":{"uv":[1.9375,8.5625,2.125,8.75],"tintindex":0,"rotation":0,"texture":"#0"},"south":{"uv":[8.75,1.4375,8.875,1.625],"tintindex":0,"rotation":0,"texture":"#0"},"north":{"uv":[0.28125,8.71875,0.40625,8.90625],"tintindex":0,"rotation":0,"texture":"#0"},"west":{"uv":[8.5625,2.09375,8.75,2.28125],"tintindex":0,"rotation":0,"texture":"#0"},"up":{"uv":[1.59375,8.9375,1.46875,8.75],"tintindex":0,"rotation":0,"texture":"#0"},"down":{"uv":[1.71875,8.75,1.59375,8.9375],"tintindex":0,"rotation":0,"texture":"#0"}},"rotation":{"origin":[8.06888,4.5598736,1.816328],"angle":0.0,"axis":"x"}},{"from":[2.76512,6.3975077,0.3893304],"to":[13.372641,10.254787,10.03253],"faces":{"east":{"uv":[3.84375,7.53125,4.28125,7.71875],"tintindex":0,"rotation":0,"texture":"#0"},"south":{"uv":[5.5,7.34375,5.96875,7.53125],"tintindex":0,"rotation":0,"texture":"#0"},"north":{"uv":[3.875,7.34375,4.34375,7.53125],"tintindex":0,"rotation":0,"texture":"#0"},"west":{"uv":[5.5,7.53125,5.9375,7.71875],"tintindex":0,"rotation":0,"texture":"#0"},"up":{"uv":[3.84375,5.5625,3.375,5.125],"tintindex":0,"rotation":0,"texture":"#0"},"down":{"uv":[4.3125,5.125,3.84375,5.5625],"tintindex":0,"rotation":0,"texture":"#0"}},"rotation":{"origin":[8.06888,6.3975077,-0.092829704],"angle":-22.5,"axis":"x"}},{"from":[15.30128,8.326148,1.8358102],"to":[18.19424,15.558548,10.03253],"faces":{"east":{"uv":[0.84375,6.3125,1.21875,6.65625],"tintindex":0,"rotation":0,"texture":"#0"},"south":{"uv":[7.5,8.34375,7.625,8.6875],"tintindex":0,"rotation":0,"texture":"#0"},"north":{"uv":[7.375,8.34375,7.5,8.6875],"tintindex":0,"rotation":0,"texture":"#0"},"west":{"uv":[2.125,6.34375,2.5,6.6875],"tintindex":0,"rotation":0,"texture":"#0"},"up":{"uv":[8.40625,8.59375,8.28125,8.21875],"tintindex":0,"rotation":0,"texture":"#0"},"down":{"uv":[8.4375,0.65625,8.3125,1.03125],"tintindex":0,"rotation":0,"texture":"#0"}},"rotation":{"origin":[8.06888,6.3975077,-0.092829704],"angle":-22.5,"axis":"x"}},{"from":[0.83648014,14.112068,1.8358102],"to":[15.30128,17.487186,10.03253],"faces":{"east":{"uv":[7.71875,7.875,8.09375,8.03125],"tintindex":0,"rotation":0,"texture":"#0"},"south":{"uv":[6.71875,1.125,7.375,1.28125],"tintindex":0,"rotation":0,"texture":"#0"},"north":{"uv":[6.71875,0.96875,7.375,1.125],"tintindex":0,"rotation":0,"texture":"#0"},"west":{"uv":[7.90625,0.0,8.28125,0.15625],"tintindex":0,"rotation":0,"texture":"#0"},"up":{"uv":[4.5,4.34375,3.84375,3.96875],"tintindex":0,"rotation":0,"texture":"#0"},"down":{"uv":[4.65625,0.0,4.0,0.375],"tintindex":0,"rotation":0,"texture":"#0"}},"rotation":{"origin":[8.06888,6.3975077,-0.092829704],"angle":-22.5,"axis":"x"}},{"from":[-0.60999966,4.951028,1.3536506],"to":[2.76512,9.772628,8.10389],"faces":{"east":{"uv":[3.40625,7.6875,3.71875,7.90625],"tintindex":0,"rotation":0,"texture":"#0"},"south":{"uv":[0.96875,8.59375,1.125,8.8125],"tintindex":0,"rotation":0,"texture":"#0"},"north":{"uv":[8.59375,0.15625,8.75,0.375],"tintindex":0,"rotation":0,"texture":"#0"},"west":{"uv":[5.9375,7.6875,6.25,7.90625],"tintindex":0,"rotation":0,"texture":"#0"},"up":{"uv":[8.09375,8.34375,7.9375,8.03125],"tintindex":0,"rotation":0,"texture":"#0"},"down":{"uv":[4.15625,8.0625,4.0,8.375],"tintindex":0,"rotation":0,"texture":"#0"}},"rotation":{"origin":[8.06888,6.3975077,-0.092829704],"angle":-22.5,"axis":"x"}},{"from":[3.2472801,2.4049854,1.1271105],"to":[5.17592,6.5033455,3.0557508],"faces":{"east":{"uv":[8.09375,8.65625,8.1875,8.84375],"tintindex":0,"rotation":0,"texture":"#0"},"south":{"uv":[4.84375,8.6875,4.9375,8.875],"tintindex":0,"rotation":0,"texture":"#0"},"north":{"uv":[8.1875,5.59375,8.28125,5.78125],"tintindex":0,"rotation":0,"texture":"#0"},"west":{"uv":[2.03125,8.75,2.125,8.9375],"tintindex":0,"rotation":0,"texture":"#0"},"up":{"uv":[7.34375,4.03125,7.25,3.9375],"tintindex":0,"rotation":0,"texture":"#0"},