{"textures":{"0":"modelengine:entity/wolfmob39phase2"},"elements":[{"from":[2.0,7.2975044,4.40205],"to":[14.0,18.297504,10.40205],"faces":{"east":{"uv":[3.9375,0.3125,4.3125,1.0],"tintindex":0,"rotation":0,"texture":"#0"},"south":{"uv":[3.1875,0.6875,3.9375,1.375],"tintindex":0,"rotation":0,"texture":"#0"},"north":{"uv":[3.1875,0.0,3.9375,0.6875],"tintindex":0,"rotation":0,"texture":"#0"},"west":{"uv":[1.75,3.9375,2.125,4.625],"tintindex":0,"rotation":0,"texture":"#0"},"up":{"uv":[1.25,3.8125,0.5,3.4375],"tintindex":0,"rotation":0,"texture":"#0"},"down":{"uv":[2.5,3.5625,1.75,3.9375],"tintindex":0,"rotation":0,"texture":"#0"}}},{"from":[2.0,9.297504,3.1020503],"to":[8.0,13.297504,6.1020503],"faces":{"east":{"uv":[7.9375,7.125,8.125,7.375],"tintindex":0,"rotation":0,"texture":"#0"},"south":{"uv":[7.1875,5.5,7.5625,5.75],"tintindex":0,"rotation":0,"texture":"#0"},"north":{"uv":[7.1875,5.25,7.5625,5.5],"tintindex":0,"rotation":0,"texture":"#0"},"west":{"uv":[7.9375,7.375,8.125,7.625],"tintindex":0,"rotation":0,"texture":"#0"},"up":{"uv":[7.9375,5.875,7.5625,5.6875],"tintindex":0,"rotation":0,"texture":"#0"},"down":{"uv":[8.0,2.5625,7.625,2.75],"tintindex":0,"rotation":0,"texture":"#0"}},"rotation":{"origin":[6.5,14.297504,2.9020505],"angle":-22.5,"axis":"z"}},{"from":[10.0,11.297504,2.4020505],"to":[17.0,16.297504,7.4020505],"faces":{"east":{"uv":[4.875,7.125,5.1875,7.4375],"tintindex":0,"rotation":0,"texture":"#0"},"south":{"uv":[6.1875,4.0,6.625,4.3125],"tintindex":0,"rotation":0,"texture":"#0"},"north":{"uv":[6.1875,2.1875,6.625,2.5],"tintindex":0,"rotation":0,"texture":"#0"},"west":{"uv":[5.4375,7.125,5.75,7.4375],"tintindex":0,"rotation":0,"texture":"#0"},"up":{"uv":[6.625,4.625,6.1875,4.3125],"tintindex":0,"rotation":0,"texture":"#0"},"down":{"uv":[6.625,5.125,6.1875,5.4375],"tintindex":0,"rotation":0,"texture":"#0"}},"rotation":{"origin":[9.5,14.297504,2.9020505],"angle":22.5,"axis":"z"}},{"from":[-4.0,9.297504,7.4020505],"to":[2.0,16.297504,11.40205],"faces":{"east":{"uv":[2.3125,6.9375,2.5625,7.375],"tintindex":0,"rotation":0,"texture":"#0"},"south":{"uv":[3.125,5.6875,3.5,6.125],"tintindex":0,"rotation":0,"texture":"#0"},"north":{"uv":[1.0625,5.6875,1.4375,6.125],"tintindex":0,"rotation":0,"texture":"#0"},"west":{"uv":[2.875,6.9375,3.125,7.375],"tintindex":0,"rotation":0,"texture":"#0"},"up":{"uv":[6.125,7.4375,5.75,7.1875],"tintindex":0,"rotation":0,"texture":"#0"},"down":{"uv":[7.5625,5.75,7.1875,6.0],"tintindex":0,"rotation":0,"texture":"#0"}},"rotation":{"origin":[0.0,15.297504,6.9020505],"angle":45.0,"axis":"z"}},{"from":[6.0,21.297504,9.40205],"to":[10.0,23.297504,10.40205],"faces":{"east":{"uv":[4.1875,2.25,4.25,2.375],"tintindex":0,"rotation":0,"texture":"#0"},"south":{"uv":[6.5625,3.1875,6.8125,3.3125],"tintindex":0,"rotation":0,"texture":"#0"},"north":{"uv":[5.125,2.5625,5.375,2.6875],"tintindex":0,"rotation":0,"texture":"#0"},"west":{"uv":[3.0625,6.0,3.125,6.125],"tintindex":0,"rotation":0,"texture":"#0"},"up":{"uv":[0.25,4.875,0.0,4.8125],"tintindex":0,"rotation":0,"texture":"#0"},"down":{"uv":[5.5625,1.0625,5.3125,1.125],"tintindex":0,"rotation":0,"texture":"#0"}}},{"from":[10.0,21.297504,4.40205],"to":[11.0,23.297504,10.40205],"faces":{"east":{"uv":[2.75,4.3125,3.125,4.4375],"tintindex":0,"rotation":0,"texture":"#0"},"south":{"uv":[3.0625,7.375,3.125,7.5],"tintindex":0,"rotation":0,"texture":"#0"},"north":{"uv":[0.1875,7.375,0.25,7.5],"tintindex":0,"rotation":0,"texture":"#0"},"west":{"uv":[4.75,2.5625,5.125,2.6875],"tintindex":0,"rotation":0,"texture":"#0"},"up":{"uv":[2.5,4.3125,2.4375,3.9375],"tintindex":0,"rotation":0,"texture":"#0"},"down":{"uv":[5.9375,4.0,5.875,4.375],"tintindex":0,"rotation":0,"texture":"#0"}}},{"from":[-5.0,14.197506,6.4020505],"to":[2.0,20.197506,12.40205],"faces":{"east":{"uv":[6.0,1.625,6.375,2.0],"tintindex":0,"rotation":0,"texture":"#0"},"south":{"uv":[5.5625,1.625,6.0,2.0],"tintindex":0,"rotation":0,"texture":"#0"},"north":{"uv":[5.5625,0.75,6.0,1.125],"tintindex":0,"rotation":0,"texture":"#0"},"west":{"uv":[4.625,6.0,5.0,6.375],"tintindex":0,"rotation":0,"texture":"#0"},"up":{"uv":[3.125,6.0,2.6875,5.625],"tintindex":0,"rotation":0,"texture":"#0"},"down":{"uv":[5.1875,5.625,4.75,6.0],"tintindex":0,"rotation":0,"texture":"#0"}},"rotation":{"origin":[-4.0,16.197506,8.90205],"angle":-22.5,"axis":"z"}},{"from":[-2.0,15.297504,1.4020505],"to":[4.0,17.297504,4.40205],"faces":{"east":{"uv":[7.5625,5.875,7.75,6.0],"tintindex":0,"rotation":0,"texture":"#0"},"south":{"uv":[7.9375,7.625,8.3125,7.75],"tintindex":0,"rotation":0,"texture":"#0"},"north":{"uv":[7.9375,5.6875,8.3125,5.8125],"tintindex":0,"rotation":0,"texture":"#0"},"west":{"uv":[7.75,7.125,7.9375,7.25],"tintindex":0,"rotation":0,"texture":"#0"},"up":{"uv":[8.0,6.4375,7.625,6.25],"tintindex":0,"rotation":0,"texture":"#0"},"down":{"uv":[8.0,6.4375,7.625,6.625],"tintindex":0,"rotation":0,"texture":"#0"}},"rotation":{"origin":[6.5,14.297504,2.9020505],"angle":-22.5,"axis":"z"}},{"from":[14.0,9.297504,7.4020505],"to":[20.0,16.297504,11.40205],"faces":{"east":{"uv":[4.625,6.875,4.875,7.3125],"tintindex":0,"rotation":0,"texture":"#0"},"south":{"uv":[5.25,5.375,5.625,5.8125],"tintindex":0,"rotation":0,"texture":"#0"},"north":{"uv":[5.375,2.9375,5.75,3.375],"tintindex":0,"rotation":0,"texture":"#0"},"west":{"uv":[0.0,6.9375,0.25,7.375],"tintindex":0,"rotation":0,"texture":"#0"},"up":{"uv":[7.5625,1.3125,7.1875,1.0625],"tintindex":0,"rotation":0,"texture":"#0"},"down":{"uv":[1.625,7.1875,1.25,7.4375],"tintindex":0,"rotation":0,"texture":"#0"}},"rotation":{"origin":[16.0,15.297504,6.9020505],"angle":-45.0,"axis":"z"}},{"from":[12.0,15.297504,1.4020505],"to":[18.0,17.297504,4.40205],"faces":{"east":{"uv":[6.875,1.0625,7.0625,1.1875],"tintindex":0,"rotation":0,"texture":"#0"},"south":{"uv":[7.8125,5.1875,8.1875,5.3125],"tintindex":0,"rotation":0,"texture":"#0"},"north":{"uv":[7.75,6.125,8.125,6.25],"tintindex":0,"rotation":0,"texture":"#0"},"west":{"uv":[7.4375,6.25,7.625,6.375],"tintindex":0,"rotation":0,"texture":"#0"},"up":{"uv":[8.0,2.9375,7.625,2.75],"tintindex":0,"rotation":0,"texture":"#0"},"down":{"uv":[8.0,3.375,7.625,3.5625],"tintindex":0,"rotation":0,"texture":"#0"}},"rotation":{"origin":[9.5,14.297504,2.9020505],"angle":22.5,"axis":"z"}},{"from":[-1.0,11.297504,2.4020505],"to":[6.0,16.297504,7.4020505],"faces":{"east":{"uv":[6.5625,7.125,6.875,7.4375],"tintindex":0,"rotation":0,"texture":"#0"},"south":{"uv":[6.1875,5.75,6.625,6.0625],"tintindex":0,"rotation":0,"texture":"#0"},"north":{"uv":[6.1875,5.4375,6.625,5.75],"tintindex":0,"rotation":0,"texture":"#0"},"west":{"uv":[0.25,7.1875,0.5625,7.5],"tintindex":0,"rotation":0,"texture":"#0"},"up":{"uv":[6.625,6.375,6.1875,6.0625],"tintindex":0,"rotation":0,"texture":"#0"},"down":{"uv":[6.6875,4.625,6.25,4.9375],"tintindex":0,"rotation":0,"texture":"#0"}},"rotation":{"origin":[6.5,14.297504,2.9020505],"angle":-22.5,"axis":"z"}},{"from":[14.0,14.197506,6.4020505],"to":[21.0,20.197506,12.40205],"faces":{"east":{"uv":[5.75,2.9375,6.125,3.3125],"tintindex":0,"rotation":0,"texture":"#0"},"south":{"uv":[5.5,4.375,5.9375,4.75],"tintindex":0,"rotation":0,"texture":"#0"},"north":{"uv":[5.4375,4.0,5.875,4.375],"tintindex":0,"rotation":0,"texture":"#0"},"west":{"uv":[6.0,0.5,6.375,0.875],"tintindex":0,"rotation":0,"texture":"#0"},"up":{"uv":[5.9375,5.125,5.5,4.75],"tintindex":0,"rotation":0,"texture":"#0"},"down":{"uv":[6.0,0.375,5.5625,0.75],"tintindex":0,"rotation":0,"texture":"#0"}},"rotation":{"origin":[20.0,16.197506,8.90205],"angle":22.5,"axis":"z"}},{"from":[0.0,13.697506,8.20205],"to":[16.0,19.697506,13.202051],"faces":{"east":{"uv":[6.625,4.9375,6.9375,5.3125],"tintindex":0,"rotation":0,"texture":"#0"},"south":{"uv":[3.1875,2.0,4.1875,2.375],"tintindex":0,"rotation":0,"texture":"#0"},"north":{"uv":[3.1875,1.625,4.1875,2.0],"tintindex":0,"rotation":0,"texture":"#0"},"west":{"uv":[6.625,5.3125,6.9375,5.6875],"tintindex":0,"rotation":0,"texture":"#0"},"up":{"uv":[2.75,3.5625,1.75,3.25],"tintindex":0,