{"textures":{"0":"modelengine:entity/wolfmob39phase2"},"elements":[{"from":[4.3199997,13.588463,7.5634418],"to":[11.68,20.488464,7.5634418],"faces":{"south":{"uv":[4.75,4.4375,5.1875,4.875],"tintindex":0,"rotation":0,"texture":"#0"},"north":{"uv":[4.75,4.0,5.1875,4.4375],"tintindex":0,"rotation":0,"texture":"#0"}}},{"from":[2.02,8.068466,10.3234415],"to":[13.98,13.588463,10.3234415],"faces":{"south":{"uv":[3.75,3.3125,4.5,3.6875],"tintindex":0,"rotation":0,"texture":"#0"},"north":{"uv":[3.75,2.9375,4.5,3.3125],"tintindex":0,"rotation":0,"texture":"#0"}},"rotation":{"origin":[8.0,10.828468,11.243442],"angle":-22.5,"axis":"x"}},{"from":[5.1400003,8.068466,6.183442],"to":[10.86,13.588463,9.403441],"faces":{"east":{"uv":[7.6875,2.9375,7.875,3.3125],"tintindex":0,"rotation":0,"texture":"#0"},"south":{"uv":[2.3125,6.0625,2.6875,6.4375],"tintindex":0,"rotation":0,"texture":"#0"},"north":{"uv":[5.8125,6.0,6.1875,6.375],"tintindex":0,"rotation":0,"texture":"#0"},"west":{"uv":[5.5625,7.6875,5.75,8.0625],"tintindex":0,"rotation":0,"texture":"#0"},"up":{"uv":[6.125,7.875,5.75,7.6875],"tintindex":0,"rotation":0,"texture":"#0"},"down":{"uv":[6.5,7.6875,6.125,7.875],"tintindex":0,"rotation":0,"texture":"#0"}}},{"from":[2.02,-5.4133377,11.449644],"to":[13.98,7.9266663,11.449644],"faces":{"south":{"uv":[0.75,2.625,1.5,3.4375],"tintindex":0,"rotation":0,"texture":"#0"},"north":{"uv":[0.0,2.625,0.75,3.4375],"tintindex":0,"rotation":0,"texture":"#0"}}}],"display":{"gui":{"rotation":[30,225,0]}}}