{"textures":{"0":"modelengine:entity/wolfmob39phase2"},"elements":[{"from":[10.76,10.776665,3.726667],"to":[15.360001,10.776665,9.706667],"faces":{"up":{"uv":[7.0625,1.9375,6.75,1.5625],"tintindex":0,"rotation":0,"texture":"#0"},"down":{"uv":[5.1875,6.75,4.875,7.125],"tintindex":0,"rotation":0,"texture":"#0"}}},{"from":[0.63999987,10.776665,3.726667],"to":[5.24,10.776665,9.706667],"faces":{"up":{"uv":[5.8125,7.125,5.5,6.75],"tintindex":0,"rotation":0,"texture":"#0"},"down":{"uv":[6.875,6.75,6.5625,7.125],"tintindex":0,"rotation":0,"texture":"#0"}}},{"from":[5.24,8.01667,6.0266666],"to":[10.76,13.076668,9.706667],"faces":{"east":{"uv":[6.5,7.4375,6.75,7.75],"tintindex":0,"rotation":0,"texture":"#0"},"south":{"uv":[6.6875,4.625,7.0625,4.9375],"tintindex":0,"rotation":0,"texture":"#0"},"north":{"uv":[6.625,6.0625,7.0,6.375],"tintindex":0,"rotation":0,"texture":"#0"},"west":{"uv":[7.5,0.0,7.75,0.3125],"tintindex":0,"rotation":0,"texture":"#0"},"up":{"uv":[7.625,3.0625,7.25,2.8125],"tintindex":0,"rotation":0,"texture":"#0"},"down":{"uv":[7.625,3.4375,7.25,3.6875],"tintindex":0,"rotation":0,"texture":"#0"}}}],"display":{"gui":{"rotation":[30,225,0]}}}