{"textures":{"0":"modelengine:entity/wolfmob39phase2"},"elements":[{"from":[10.76,11.076668,3.726667],"to":[15.360001,11.076668,9.706667],"faces":{"up":{"uv":[1.0625,7.1875,0.75,6.8125],"tintindex":0,"rotation":0,"texture":"#0"},"down":{"uv":[1.375,6.8125,1.0625,7.1875],"tintindex":0,"rotation":0,"texture":"#0"}}},{"from":[0.63999987,11.076668,3.726667],"to":[5.24,11.076668,9.706667],"faces":{"up":{"uv":[1.6875,7.1875,1.375,6.8125],"tintindex":0,"rotation":0,"texture":"#0"},"down":{"uv":[2.0,6.8125,1.6875,7.1875],"tintindex":0,"rotation":0,"texture":"#0"}}},{"from":[5.24,8.236664,6.0266666],"to":[10.76,13.296661,9.706667],"faces":{"east":{"uv":[3.3125,7.5,3.5625,7.8125],"tintindex":0,"rotation":0,"texture":"#0"},"south":{"uv":[6.875,2.8125,7.25,3.125],"tintindex":0,"rotation":0,"texture":"#0"},"north":{"uv":[6.875,0.75,7.25,1.0625],"tintindex":0,"rotation":0,"texture":"#0"},"west":{"uv":[3.5625,7.5,3.8125,7.8125],"tintindex":0,"rotation":0,"texture":"#0"},"up":{"uv":[7.75,2.0625,7.375,1.8125],"tintindex":0,"rotation":0,"texture":"#0"},"down":{"uv":[7.75,2.0625,7.375,2.3125],"tintindex":0,"rotation":0,"texture":"#0"}}}],"display":{"gui":{"rotation":[30,225,0]}}}