{"textures":{"0":"modelengine:entity/wolfmob39phase2"},"elements":[{"from":[0.63999987,11.076668,3.6266665],"to":[5.24,11.076668,9.606667],"faces":{"up":{"uv":[7.25,2.3125,6.9375,1.9375],"tintindex":0,"rotation":0,"texture":"#0"},"down":{"uv":[7.25,2.3125,6.9375,2.6875],"tintindex":0,"rotation":0,"texture":"#0"}}},{"from":[5.24,8.276665,5.9266667],"to":[10.76,13.33667,9.606667],"faces":{"east":{"uv":[0.1875,7.5,0.4375,7.8125],"tintindex":0,"rotation":0,"texture":"#0"},"south":{"uv":[0.25,6.875,0.625,7.1875],"tintindex":0,"rotation":0,"texture":"#0"},"north":{"uv":[4.25,6.8125,4.625,7.125],"tintindex":0,"rotation":0,"texture":"#0"},"west":{"uv":[3.0625,7.5,3.3125,7.8125],"tintindex":0,"rotation":0,"texture":"#0"},"up":{"uv":[7.625,6.625,7.25,6.375],"tintindex":0,"rotation":0,"texture":"#0"},"down":{"uv":[7.6875,0.375,7.3125,0.625],"tintindex":0,"rotation":0,"texture":"#0"}}},{"from":[10.76,11.076668,3.6266665],"to":[15.360001,11.076668,9.606667],"faces":{"up":{"uv":[7.1875,7.0625,6.875,6.6875],"tintindex":0,"rotation":0,"texture":"#0"},"down":{"uv":[7.25,0.0,6.9375,0.375],"tintindex":0,"rotation":0,"texture":"#0"}}}],"display":{"gui":{"rotation":[30,225,0]}}}