{"textures":{"0":"modelengine:entity/wolfmob39phase2"},"elements":[{"from":[5.935107,17.420914,12.89653],"to":[7.935107,21.420914,13.89653],"faces":{"east":{"uv":[8.1875,6.375,8.25,6.625],"tintindex":0,"rotation":0,"texture":"#0"},"south":{"uv":[6.0,2.6875,6.125,2.9375],"tintindex":0,"rotation":0,"texture":"#0"},"north":{"uv":[3.875,5.6875,4.0,5.9375],"tintindex":0,"rotation":0,"texture":"#0"},"west":{"uv":[6.5,8.1875,6.5625,8.4375],"tintindex":0,"rotation":0,"texture":"#0"},"up":{"uv":[4.25,6.4375,4.125,6.375],"tintindex":0,"rotation":0,"texture":"#0"},"down":{"uv":[5.625,6.6875,5.5,6.75],"tintindex":0,"rotation":0,"texture":"#0"}},"rotation":{"origin":[3.4351072,9.920914,7.79653],"angle":22.5,"axis":"x"}},{"from":[5.935107,-2.5790863,4.8965297],"to":[8.935107,2.4209137,5.8965297],"faces":{"east":{"uv":[2.25,8.1875,2.3125,8.5],"tintindex":0,"rotation":0,"texture":"#0"},"south":{"uv":[7.4375,7.8125,7.625,8.125],"tintindex":0,"rotation":0,"texture":"#0"},"north":{"uv":[6.875,7.8125,7.0625,8.125],"tintindex":0,"rotation":0,"texture":"#0"},"west":{"uv":[8.1875,3.0625,8.25,3.375],"tintindex":0,"rotation":0,"texture":"#0"},"up":{"uv":[7.625,3.4375,7.4375,3.375],"tintindex":0,"rotation":0,"texture":"#0"},"down":{"uv":[7.6875,0.3125,7.5,0.375],"tintindex":0,"rotation":0,"texture":"#0"}}},{"from":[2.9351072,3.4209137,4.8965297],"to":[7.935107,10.420914,10.696529],"faces":{"east":{"uv":[5.6875,3.375,6.0625,3.8125],"tintindex":0,"rotation":0,"texture":"#0"},"south":{"uv":[6.375,0.4375,6.6875,0.875],"tintindex":0,"rotation":0,"texture":"#0"},"north":{"uv":[6.3125,0.0,6.625,0.4375],"tintindex":0,"rotation":0,"texture":"#0"},"west":{"uv":[3.5,5.6875,3.875,6.125],"tintindex":0,"rotation":0,"texture":"#0"},"up":{"uv":[6.9375,6.0625,6.625,5.6875],"tintindex":0,"rotation":0,"texture":"#0"},"down":{"uv":[7.0,0.375,6.6875,0.75],"tintindex":0,"rotation":0,"texture":"#0"}},"rotation":{"origin":[3.4351072,9.920914,7.79653],"angle":22.5,"axis":"z"}},{"from":[5.935107,14.420914,11.89653],"to":[7.935107,19.420914,12.89653],"faces":{"east":{"uv":[2.125,8.1875,2.1875,8.5],"tintindex":0,"rotation":0,"texture":"#0"},"south":{"uv":[8.0,3.5,8.125,3.8125],"tintindex":0,"rotation":0,"texture":"#0"},"north":{"uv":[8.0,3.1875,8.125,3.5],"tintindex":0,"rotation":0,"texture":"#0"},"west":{"uv":[2.1875,8.1875,2.25,8.5],"tintindex":0,"rotation":0,"texture":"#0"},"up":{"uv":[7.1875,6.375,7.0625,6.3125],"tintindex":0,"rotation":0,"texture":"#0"},"down":{"uv":[7.375,6.625,7.25,6.6875],"tintindex":0,"rotation":0,"texture":"#0"}},"rotation":{"origin":[3.4351072,9.920914,7.79653],"angle":22.5,"axis":"x"}},{"from":[4.935107,8.420914,5.8965297],"to":[9.935107,12.420914,11.696529],"faces":{"east":{"uv":[7.25,0.6875,7.625,0.9375],"tintindex":0,"rotation":0,"texture":"#0"},"south":{"uv":[5.4375,7.4375,5.75,7.6875],"tintindex":0,"rotation":0,"texture":"#0"},"north":{"uv":[4.875,7.4375,5.1875,7.6875],"tintindex":0,"rotation":0,"texture":"#0"},"west":{"uv":[7.25,2.5625,7.625,2.8125],"tintindex":0,"rotation":0,"texture":"#0"},"up":{"uv":[5.5,7.0625,5.1875,6.6875],"tintindex":0,"rotation":0,"texture":"#0"},"down":{"uv":[7.0625,1.1875,6.75,1.5625],"tintindex":0,"rotation":0,"texture":"#0"}},"rotation":{"origin":[3.4351072,9.920914,7.79653],"angle":22.5,"axis":"z"}},{"from":[5.935107,-3.5790863,5.8965297],"to":[9.935107,7.4209137,9.89653],"faces":{"east":{"uv":[5.25,4.6875,5.5,5.375],"tintindex":0,"rotation":0,"texture":"#0"},"south":{"uv":[5.3125,0.375,5.5625,1.0625],"tintindex":0,"rotation":0,"texture":"#0"},"north":{"uv":[4.0,5.25,4.25,5.9375],"tintindex":0,"rotation":0,"texture":"#0"},"west":{"uv":[2.0,5.3125,2.25,6.0],"tintindex":0,"rotation":0,"texture":"#0"},"up":{"uv":[8.0,6.875,7.75,6.625],"tintindex":0,"rotation":0,"texture":"#0"},"down":{"uv":[8.0,6.875,7.75,7.125],"tintindex":0,"rotation":0,"texture":"#0"}}},{"from":[9.935107,-0.5790863,5.8965297],"to":[11.235107,7.4209137,10.89653],"faces":{"east":{"uv":[5.9375,4.625,6.25,5.125],"tintindex":0,"rotation":0,"texture":"#0"},"south":{"uv":[7.375,8.0,7.4375,8.5],"tintindex":0,"rotation":0,"texture":"#0"},"north":{"uv":[1.9375,5.4375,2.0,5.9375],"tintindex":0,"rotation":0,"texture":"#0"},"west":{"uv":[6.0,0.0,6.3125,0.5],"tintindex":0,"rotation":0,"texture":"#0"},"up":{"uv":[0.5625,8.5,0.5,8.1875],"tintindex":0,"rotation":0,"texture":"#0"},"down":{"uv":[0.625,8.1875,0.5625,8.5],"tintindex":0,"rotation":0,"texture":"#0"}}},{"from":[5.935107,8.420914,12.89653],"to":[8.935107,17.420914,14.89653],"faces":{"east":{"uv":[5.0,7.6875,5.125,8.25],"tintindex":0,"rotation":0,"texture":"#0"},"south":{"uv":[3.6875,6.9375,3.875,7.5],"tintindex":0,"rotation":0,"texture":"#0"},"north":{"uv":[3.5,6.9375,3.6875,7.5],"tintindex":0,"rotation":0,"texture":"#0"},"west":{"uv":[5.4375,7.6875,5.5625,8.25],"tintindex":0,"rotation":0,"texture":"#0"},"up":{"uv":[8.3125,6.25,8.125,6.125],"tintindex":0,"rotation":0,"texture":"#0"},"down":{"uv":[7.0625,8.125,6.875,8.25],"tintindex":0,"rotation":0,"texture":"#0"}},"rotation":{"origin":[3.4351072,9.920914,7.79653],"angle":22.5,"axis":"x"}}],"display":{"gui":{"rotation":[30,225,0]}}}