{"textures":{"0":"modelengine:entity/wolfmob39phase2"},"elements":[{"from":[6.1369,-7.666935,5.383582],"to":[10.1369,5.333065,8.383582],"faces":{"east":{"uv":[2.125,6.0,2.3125,6.8125],"tintindex":0,"rotation":0,"texture":"#0"},"south":{"uv":[1.75,4.625,2.0,5.4375],"tintindex":0,"rotation":0,"texture":"#0"},"north":{"uv":[4.625,0.3125,4.875,1.125],"tintindex":0,"rotation":0,"texture":"#0"},"west":{"uv":[2.6875,6.0,2.875,6.8125],"tintindex":0,"rotation":0,"texture":"#0"},"up":{"uv":[8.1875,7.9375,7.9375,7.75],"tintindex":0,"rotation":0,"texture":"#0"},"down":{"uv":[8.1875,7.9375,7.9375,8.125],"tintindex":0,"rotation":0,"texture":"#0"}}},{"from":[3.1369,-4.666935,5.9835825],"to":[6.1369,3.333065,8.9835825],"faces":{"east":{"uv":[6.3125,7.1875,6.5,7.6875],"tintindex":0,"rotation":0,"texture":"#0"},"south":{"uv":[7.1875,6.6875,7.375,7.1875],"tintindex":0,"rotation":0,"texture":"#0"},"north":{"uv":[6.125,7.1875,6.3125,7.6875],"tintindex":0,"rotation":0,"texture":"#0"},"west":{"uv":[7.1875,7.1875,7.375,7.6875],"tintindex":0,"rotation":0,"texture":"#0"},"up":{"uv":[6.875,8.1875,6.6875,8.0],"tintindex":0,"rotation":0,"texture":"#0"},"down":{"uv":[8.1875,6.8125,8.0,7.0],"tintindex":0,"rotation":0,"texture":"#0"}},"rotation":{"origin":[3.6369,3.333065,5.883582],"angle":22.5,"axis":"z"}},{"from":[5.1369,0.33306503,5.383582],"to":[9.1369,10.333065,11.383582],"faces":{"east":{"uv":[0.3125,4.25,0.6875,4.875],"tintindex":0,"rotation":0,"texture":"#0"},"south":{"uv":[5.9375,4.0,6.1875,4.625],"tintindex":0,"rotation":0,"texture":"#0"},"north":{"uv":[3.875,5.9375,4.125,6.5625],"tintindex":0,"rotation":0,"texture":"#0"},"west":{"uv":[0.6875,4.25,1.0625,4.875],"tintindex":0,"rotation":0,"texture":"#0"},"up":{"uv":[7.4375,6.375,7.1875,6.0],"tintindex":0,"rotation":0,"texture":"#0"},"down":{"uv":[7.5,0.0,7.25,0.375],"tintindex":0,"rotation":0,"texture":"#0"}},"rotation":{"origin":[5.6369,5.333065,5.883582],"angle":22.5,"axis":"x"}},{"from":[7.1369,-7.666935,8.383582],"to":[11.1369,4.333065,10.383582],"faces":{"east":{"uv":[7.25,1.8125,7.375,2.5625],"tintindex":0,"rotation":0,"texture":"#0"},"south":{"uv":[3.25,4.9375,3.5,5.6875],"tintindex":0,"rotation":0,"texture":"#0"},"north":{"uv":[4.75,4.875,5.0,5.625],"tintindex":0,"rotation":0,"texture":"#0"},"west":{"uv":[4.5625,7.3125,4.6875,8.0625],"tintindex":0,"rotation":0,"texture":"#0"},"up":{"uv":[8.25,6.125,8.0,6.0],"tintindex":0,"rotation":0,"texture":"#0"},"down":{"uv":[8.25,7.0,8.0,7.125],"tintindex":0,"rotation":0,"texture":"#0"}}},{"from":[4.1369,-0.66693497,5.5835824],"to":[8.1369,7.333065,9.583582],"faces":{"east":{"uv":[0.0,6.4375,0.25,6.9375],"tintindex":0,"rotation":0,"texture":"#0"},"south":{"uv":[2.3125,6.4375,2.5625,6.9375],"tintindex":0,"rotation":0,"texture":"#0"},"north":{"uv":[6.3125,6.375,6.5625,6.875],"tintindex":0,"rotation":0,"texture":"#0"},"west":{"uv":[3.0625,6.4375,3.3125,6.9375],"tintindex":0,"rotation":0,"texture":"#0"},"up":{"uv":[8.0,6.125,7.75,5.875],"tintindex":0,"rotation":0,"texture":"#0"},"down":{"uv":[6.75,7.75,6.5,8.0],"tintindex":0,"rotation":0,"texture":"#0"}},"rotation":{"origin":[3.6369,3.333065,5.883582],"angle":45.0,"axis":"z"}}],"display":{"gui":{"rotation":[30,225,0]}}}