{"textures":{"0":"modelengine:entity/wolfmob39phase2"},"elements":[{"from":[5.24,7.796669,5.9266667],"to":[10.76,12.856667,9.606667],"faces":{"east":{"uv":[7.5625,0.9375,7.8125,1.25],"tintindex":0,"rotation":0,"texture":"#0"},"south":{"uv":[5.8125,6.875,6.1875,7.1875],"tintindex":0,"rotation":0,"texture":"#0"},"north":{"uv":[6.875,3.5625,7.25,3.875],"tintindex":0,"rotation":0,"texture":"#0"},"west":{"uv":[7.5625,1.25,7.8125,1.5625],"tintindex":0,"rotation":0,"texture":"#0"},"up":{"uv":[7.75,2.5625,7.375,2.3125],"tintindex":0,"rotation":0,"texture":"#0"},"down":{"uv":[7.75,3.6875,7.375,3.9375],"tintindex":0,"rotation":0,"texture":"#0"}}},{"from":[10.76,10.676666,3.6266665],"to":[15.360001,10.676666,9.606667],"faces":{"up":{"uv":[2.3125,7.1875,2.0,6.8125],"tintindex":0,"rotation":0,"texture":"#0"},"down":{"uv":[2.875,6.8125,2.5625,7.1875],"tintindex":0,"rotation":0,"texture":"#0"}}},{"from":[0.63999987,10.676666,3.6266665],"to":[5.24,10.676666,9.606667],"faces":{"up":{"uv":[7.125,3.5625,6.8125,3.1875],"tintindex":0,"rotation":0,"texture":"#0"},"down":{"uv":[4.25,6.8125,3.9375,7.1875],"tintindex":0,"rotation":0,"texture":"#0"}}}],"display":{"gui":{"rotation":[30,225,0]}}}