{"textures":{"0":"modelengine:entity/wolfmob39phase2"},"elements":[{"from":[6.064893,2.4209137,9.89653],"to":[11.064893,14.420914,13.89653],"faces":{"east":{"uv":[4.3125,4.8125,4.5625,5.5625],"tintindex":0,"rotation":0,"texture":"#0"},"south":{"uv":[0.0,4.0625,0.3125,4.8125],"tintindex":0,"rotation":0,"texture":"#0"},"north":{"uv":[2.125,3.9375,2.4375,4.6875],"tintindex":0,"rotation":0,"texture":"#0"},"west":{"uv":[4.875,0.375,5.125,1.125],"tintindex":0,"rotation":0,"texture":"#0"},"up":{"uv":[4.5625,7.6875,4.25,7.4375],"tintindex":0,"rotation":0,"texture":"#0"},"down":{"uv":[7.75,4.4375,7.4375,4.6875],"tintindex":0,"rotation":0,"texture":"#0"}},"rotation":{"origin":[12.564893,9.920914,7.79653],"angle":22.5,"axis":"x"}},{"from":[8.064893,17.420914,12.89653],"to":[10.064893,21.420914,13.89653],"faces":{"east":{"uv":[3.1875,2.375,3.25,2.625],"tintindex":0,"rotation":0,"texture":"#0"},"south":{"uv":[4.4375,5.5625,4.5625,5.8125],"tintindex":0,"rotation":0,"texture":"#0"},"north":{"uv":[5.5,5.125,5.625,5.375],"tintindex":0,"rotation":0,"texture":"#0"},"west":{"uv":[5.0625,1.125,5.125,1.375],"tintindex":0,"rotation":0,"texture":"#0"},"up":{"uv":[2.125,4.6875,2.0,4.625],"tintindex":0,"rotation":0,"texture":"#0"},"down":{"uv":[5.0625,1.3125,4.9375,1.375],"tintindex":0,"rotation":0,"texture":"#0"}},"rotation":{"origin":[12.564893,9.920914,7.79653],"angle":22.5,"axis":"x"}},{"from":[7.064893,-2.5790863,4.8965297],"to":[10.064893,2.4209137,5.8965297],"faces":{"east":{"uv":[5.4375,4.375,5.5,4.6875],"tintindex":0,"rotation":0,"texture":"#0"},"south":{"uv":[3.4375,7.8125,3.625,8.125],"tintindex":0,"rotation":0,"texture":"#0"},"north":{"uv":[3.25,7.8125,3.4375,8.125],"tintindex":0,"rotation":0,"texture":"#0"},"west":{"uv":[0.25,6.4375,0.3125,6.75],"tintindex":0,"rotation":0,"texture":"#0"},"up":{"uv":[5.75,2.0625,5.5625,2.0],"tintindex":0,"rotation":0,"texture":"#0"},"down":{"uv":[7.0625,3.125,6.875,3.1875],"tintindex":0,"rotation":0,"texture":"#0"}}},{"from":[8.064893,3.4209137,4.8965297],"to":[13.064893,10.420914,10.696529],"faces":{"east":{"uv":[5.625,5.125,6.0,5.5625],"tintindex":0,"rotation":0,"texture":"#0"},"south":{"uv":[6.1875,0.875,6.5,1.3125],"tintindex":0,"rotation":0,"texture":"#0"},"north":{"uv":[3.5,6.125,3.8125,6.5625],"tintindex":0,"rotation":0,"texture":"#0"},"west":{"uv":[5.625,5.5625,6.0,6.0],"tintindex":0,"rotation":0,"texture":"#0"},"up":{"uv":[6.875,4.0,6.5625,3.625],"tintindex":0,"rotation":0,"texture":"#0"},"down":{"uv":[6.875,6.375,6.5625,6.75],"tintindex":0,"rotation":0,"texture":"#0"}},"rotation":{"origin":[12.564893,9.920914,7.79653],"angle":-22.5,"axis":"z"}},{"from":[6.064893,-3.5790863,5.8965297],"to":[10.064893,7.4209137,9.89653],"faces":{"east":{"uv":[5.1875,4.0,5.4375,4.6875],"tintindex":0,"rotation":0,"texture":"#0"},"south":{"uv":[0.0,5.25,0.25,5.9375],"tintindex":0,"rotation":0,"texture":"#0"},"north":{"uv":[5.125,2.9375,5.375,3.625],"tintindex":0,"rotation":0,"texture":"#0"},"west":{"uv":[0.25,5.25,0.5,5.9375],"tintindex":0,"rotation":0,"texture":"#0"},"up":{"uv":[8.0,2.5,7.75,2.25],"tintindex":0,"rotation":0,"texture":"#0"},"down":{"uv":[8.0,3.5625,7.75,3.8125],"tintindex":0,"rotation":0,"texture":"#0"}}},{"from":[4.7648926,-0.5790863,5.8965297],"to":[6.064893,7.4209137,10.89653],"faces":{"east":{"uv":[0.5,5.875,0.8125,6.375],"tintindex":0,"rotation":0,"texture":"#0"},"south":{"uv":[2.25,5.3125,2.3125,5.8125],"tintindex":0,"rotation":0,"texture":"#0"},"north":{"uv":[2.6875,5.0625,2.75,5.5625],"tintindex":0,"rotation":0,"texture":"#0"},"west":{"uv":[0.0,5.9375,0.3125,6.4375],"tintindex":0,"rotation":0,"texture":"#0"},"up":{"uv":[4.875,0.3125,4.8125,0.0],"tintindex":0,"rotation":0,"texture":"#0"},"down":{"uv":[4.3125,5.25,4.25,5.5625],"tintindex":0,"rotation":0,"texture":"#0"}}},{"from":[7.064893,8.420914,12.89653],"to":[10.064893,17.420914,14.89653],"faces":{"east":{"uv":[7.0625,7.375,7.1875,7.9375],"tintindex":0,"rotation":0,"texture":"#0"},"south":{"uv":[3.3125,6.9375,3.5,7.5],"tintindex":0,"rotation":0,"texture":"#0"},"north":{"uv":[3.125,6.9375,3.3125,7.5],"tintindex":0,"rotation":0,"texture":"#0"},"west":{"uv":[6.75,7.4375,6.875,8.0],"tintindex":0,"rotation":0,"texture":"#0"},"up":{"uv":[6.1875,6.0,6.0,5.875],"tintindex":0,"rotation":0,"texture":"#0"},"down":{"uv":[3.5,6.4375,3.3125,6.5625],"tintindex":0,"rotation":0,"texture":"#0"}},"rotation":{"origin":[12.564893,9.920914,7.79653],"angle":22.5,"axis":"x"}},{"from":[8.064893,14.420914,11.89653],"to":[10.064893,19.420914,12.89653],"faces":{"east":{"uv":[7.0,6.0625,7.0625,6.375],"tintindex":0,"rotation":0,"texture":"#0"},"south":{"uv":[8.0,2.875,8.125,3.1875],"tintindex":0,"rotation":0,"texture":"#0"},"north":{"uv":[6.9375,5.75,7.0625,6.0625],"tintindex":0,"rotation":0,"texture":"#0"},"west":{"uv":[0.5625,7.1875,0.625,7.5],"tintindex":0,"rotation":0,"texture":"#0"},"up":{"uv":[5.25,3.6875,5.125,3.625],"tintindex":0,"rotation":0,"texture":"#0"},"down":{"uv":[3.25,5.625,3.125,5.6875],"tintindex":0,"rotation":0,"texture":"#0"}},"rotation":{"origin":[12.564893,9.920914,7.79653],"angle":22.5,"axis":"x"}},{"from":[6.064893,8.420914,5.8965297],"to":[11.064893,12.420914,11.696529],"faces":{"east":{"uv":[7.1875,1.3125,7.5625,1.5625],"tintindex":0,"rotation":0,"texture":"#0"},"south":{"uv":[7.4375,4.1875,7.75,4.4375],"tintindex":0,"rotation":0,"texture":"#0"},"north":{"uv":[5.375,3.375,5.6875,3.625],"tintindex":0,"rotation":0,"texture":"#0"},"west":{"uv":[7.1875,1.5625,7.5625,1.8125],"tintindex":0,"rotation":0,"texture":"#0"},"up":{"uv":[6.9375,0.375,6.625,0.0],"tintindex":0,"rotation":0,"texture":"#0"},"down":{"uv":[6.9375,1.9375,6.625,2.3125],"tintindex":0,"rotation":0,"texture":"#0"}},"rotation":{"origin":[12.564893,9.920914,7.79653],"angle":-22.5,"axis":"z"}}],"display":{"gui":{"rotation":[30,225,0]}}}