{"textures":{"0":"modelengine:entity/wolfmob39phase2"},"elements":[{"from":[4.8630853,-7.666935,8.383582],"to":[8.863085,4.333065,10.383582],"faces":{"east":{"uv":[2.1875,7.1875,2.3125,7.9375],"tintindex":0,"rotation":0,"texture":"#0"},"south":{"uv":[3.0,4.875,3.25,5.625],"tintindex":0,"rotation":0,"texture":"#0"},"north":{"uv":[2.75,4.875,3.0,5.625],"tintindex":0,"rotation":0,"texture":"#0"},"west":{"uv":[2.75,7.1875,2.875,7.9375],"tintindex":0,"rotation":0,"texture":"#0"},"up":{"uv":[7.5,1.0625,7.25,0.9375],"tintindex":0,"rotation":0,"texture":"#0"},"down":{"uv":[8.25,5.0625,8.0,5.1875],"tintindex":0,"rotation":0,"texture":"#0"}}},{"from":[9.863085,-4.666935,5.9835825],"to":[12.863085,3.333065,8.9835825],"faces":{"east":{"uv":[3.875,7.1875,4.0625,7.6875],"tintindex":0,"rotation":0,"texture":"#0"},"south":{"uv":[7.1875,3.875,7.375,4.375],"tintindex":0,"rotation":0,"texture":"#0"},"north":{"uv":[2.5625,7.1875,2.75,7.6875],"tintindex":0,"rotation":0,"texture":"#0"},"west":{"uv":[4.0625,7.1875,4.25,7.6875],"tintindex":0,"rotation":0,"texture":"#0"},"up":{"uv":[6.6875,8.1875,6.5,8.0],"tintindex":0,"rotation":0,"texture":"#0"},"down":{"uv":[8.1875,6.625,8.0,6.8125],"tintindex":0,"rotation":0,"texture":"#0"}},"rotation":{"origin":[12.363085,3.333065,5.883582],"angle":-22.5,"axis":"z"}},{"from":[6.8630853,0.33306503,5.383582],"to":[10.863085,10.333065,11.383582],"faces":{"east":{"uv":[4.125,4.0,4.5,4.625],"tintindex":0,"rotation":0,"texture":"#0"},"south":{"uv":[0.8125,5.875,1.0625,6.5],"tintindex":0,"rotation":0,"texture":"#0"},"north":{"uv":[5.375,5.8125,5.625,6.4375],"tintindex":0,"rotation":0,"texture":"#0"},"west":{"uv":[4.1875,1.625,4.5625,2.25],"tintindex":0,"rotation":0,"texture":"#0"},"up":{"uv":[4.0,5.6875,3.75,5.3125],"tintindex":0,"rotation":0,"texture":"#0"},"down":{"uv":[7.4375,4.375,7.1875,4.75],"tintindex":0,"rotation":0,"texture":"#0"}},"rotation":{"origin":[10.363085,5.333065,5.883582],"angle":22.5,"axis":"x"}},{"from":[5.8630853,-7.666935,5.383582],"to":[9.863085,5.333065,8.383582],"faces":{"east":{"uv":[0.3125,5.9375,0.5,6.75],"tintindex":0,"rotation":0,"texture":"#0"},"south":{"uv":[4.5,4.0,4.75,4.8125],"tintindex":0,"rotation":0,"texture":"#0"},"north":{"uv":[3.75,4.5,4.0,5.3125],"tintindex":0,"rotation":0,"texture":"#0"},"west":{"uv":[1.9375,6.0,2.125,6.8125],"tintindex":0,"rotation":0,"texture":"#0"},"up":{"uv":[6.0,8.0625,5.75,7.875],"tintindex":0,"rotation":0,"texture":"#0"},"down":{"uv":[6.25,7.875,6.0,8.0625],"tintindex":0,"rotation":0,"texture":"#0"}}},{"from":[7.8630853,-0.66693497,5.5835824],"to":[11.863085,7.333065,9.583582],"faces":{"east":{"uv":[4.625,6.375,4.875,6.875],"tintindex":0,"rotation":0,"texture":"#0"},"south":{"uv":[5.8125,6.375,6.0625,6.875],"tintindex":0,"rotation":0,"texture":"#0"},"north":{"uv":[0.5,6.375,0.75,6.875],"tintindex":0,"rotation":0,"texture":"#0"},"west":{"uv":[6.0625,6.375,6.3125,6.875],"tintindex":0,"rotation":0,"texture":"#0"},"up":{"uv":[8.0,4.5625,7.75,4.3125],"tintindex":0,"rotation":0,"texture":"#0"},"down":{"uv":[8.0,5.3125,7.75,5.5625],"tintindex":0,"rotation":0,"texture":"#0"}},"rotation":{"origin":[12.363085,3.333065,5.883582],"angle":-45.0,"axis":"z"}}],"display":{"gui":{"rotation":[30,225,0]}}}