{"textures":{"2":"modelengine:entity/chest_brute","6":"modelengine:entity/em_corruptedbrute"},"elements":[{"from":[9.297453,17.228426,6.56117],"to":[16.497454,20.428427,10.76117],"faces":{"east":{"uv":[0.0,6.9375,0.25,7.125],"tintindex":0,"rotation":0,"texture":"#6"},"south":{"uv":[7.375,6.6875,7.8125,6.875],"tintindex":0,"rotation":0,"texture":"#6"},"north":{"uv":[6.1875,2.0,6.625,2.1875],"tintindex":0,"rotation":0,"texture":"#6"},"west":{"uv":[8.0625,5.9375,8.3125,6.125],"tintindex":0,"rotation":0,"texture":"#6"},"up":{"uv":[7.625,3.5,7.1875,3.25],"tintindex":0,"rotation":0,"texture":"#6"},"down":{"uv":[7.625,3.5625,7.1875,3.8125],"tintindex":0,"rotation":0,"texture":"#6"}},"rotation":{"origin":[17.572453,19.578426,8.66117],"angle":-22.5,"axis":"z"}},{"from":[1.9866667,6.5999985,6.41117],"to":[13.986667,19.599998,10.41117],"faces":{"east":{"uv":[0.0,0.0,4.0,13.0],"tintindex":0,"rotation":0,"texture":"#2"},"south":{"uv":[0.0,0.0,12.0,13.0],"tintindex":0,"rotation":0,"texture":"#2"},"north":{"uv":[0.0,0.0,12.0,13.0],"tintindex":0,"rotation":0,"texture":"#2"},"west":{"uv":[8.0,0.0,12.0,13.0],"tintindex":0,"rotation":0,"texture":"#2"},"up":{"uv":[0.0,0.0,12.0,4.0],"tintindex":0,"rotation":0,"texture":"#2"},"down":{"uv":[0.0,9.0,12.0,13.0],"tintindex":0,"rotation":0,"texture":"#2"}}},{"from":[-2.0133333,9.75,5.16117],"to":[17.986668,19.75,12.16117],"faces":{"east":{"uv":[0.5,4.3125,0.9375,4.9375],"tintindex":0,"rotation":0,"texture":"#6"},"south":{"uv":[1.4375,0.6875,2.6875,1.3125],"tintindex":0,"rotation":0,"texture":"#6"},"north":{"uv":[1.4375,0.0,2.6875,0.625],"tintindex":0,"rotation":0,"texture":"#6"},"west":{"uv":[0.0,4.4375,0.4375,5.0625],"tintindex":0,"rotation":0,"texture":"#6"},"up":{"uv":[2.6875,2.4375,1.4375,2.0],"tintindex":0,"rotation":0,"texture":"#6"},"down":{"uv":[1.25,2.25,0.0,2.6875],"tintindex":0,"rotation":0,"texture":"#6"}}},{"from":[8.993667,12.757,0.16817],"to":[14.979667,20.743,4.15417],"faces":{"east":{"uv":[6.75,4.25,7.0,4.75],"tintindex":0,"rotation":0,"texture":"#6"},"south":{"uv":[2.0625,5.6875,2.4375,6.1875],"tintindex":0,"rotation":0,"texture":"#6"},"north":{"uv":[0.0,5.6875,0.375,6.1875],"tintindex":0,"rotation":0,"texture":"#6"},"west":{"uv":[1.1875,6.8125,1.4375,7.3125],"tintindex":0,"rotation":0,"texture":"#6"},"up":{"uv":[3.125,2.4375,2.75,2.1875],"tintindex":0,"rotation":0,"texture":"#6"},"down":{"uv":[1.5,7.375,1.125,7.625],"tintindex":0,"rotation":0,"texture":"#6"}},"rotation":{"origin":[6.9866667,16.75,2.16117],"angle":-22.5,"axis":"y"}},{"from":[-3.0133333,8.75,4.16117],"to":[18.986668,20.75,13.16117],"faces":{"east":{"uv":[0.0,2.75,0.5625,3.5],"tintindex":0,"rotation":0,"texture":"#6"},"south":{"uv":[0.0,0.8125,1.375,1.5625],"tintindex":0,"rotation":0,"texture":"#6"},"north":{"uv":[0.0,0.0,1.375,0.75],"tintindex":0,"rotation":0,"texture":"#6"},"west":{"uv":[2.75,0.0,3.3125,0.75],"tintindex":0,"rotation":0,"texture":"#6"},"up":{"uv":[2.8125,1.9375,1.4375,1.375],"tintindex":0,"rotation":0,"texture":"#6"},"down":{"uv":[1.375,1.625,0.0,2.1875],"tintindex":0,"rotation":0,"texture":"#6"}}},{"from":[0.49366668,7.757,0.66817003],"to":[6.4796667,12.743,4.65417],"faces":{"east":{"uv":[7.75,0.3125,8.0,0.625],"tintindex":0,"rotation":0,"texture":"#6"},"south":{"uv":[3.0625,7.0625,3.4375,7.375],"tintindex":0,"rotation":0,"texture":"#6"},"north":{"uv":[7.0625,1.875,7.4375,2.1875],"tintindex":0,"rotation":0,"texture":"#6"},"west":{"uv":[1.875,7.75,2.125,8.0625],"tintindex":0,"rotation":0,"texture":"#6"},"up":{"uv":[3.375,7.6875,3.0,7.4375],"tintindex":0,"rotation":0,"texture":"#6"},"down":{"uv":[7.8125,4.1875,7.4375,4.4375],"tintindex":0,"rotation":0,"texture":"#6"}},"rotation":{"origin":[8.986667,6.75,2.16117],"angle":22.5,"axis":"y"}},{"from":[9.493667,7.757,0.66817003],"to":[15.479667,12.743,4.65417],"faces":{"east":{"uv":[7.6875,7.3125,7.9375,7.625],"tintindex":0,"rotation":0,"texture":"#6"},"south":{"uv":[1.5,7.0,1.875,7.3125],"tintindex":0,"rotation":0,"texture":"#6"},"north":{"uv":[7.0,0.0,7.375,0.3125],"tintindex":0,"rotation":0,"texture":"#6"},"west":{"uv":[7.5,7.6875,7.75,8.0],"tintindex":0,"rotation":0,"texture":"#6"},"up":{"uv":[7.8125,0.25,7.4375,0.0],"tintindex":0,"rotation":0,"texture":"#6"},"down":{"uv":[2.25,7.4375,1.875,7.6875],"tintindex":0,"rotation":0,"texture":"#6"}},"rotation":{"origin":[6.9866667,6.75,2.16117],"angle":-22.5,"axis":"y"}},{"from":[-0.52412,17.228426,6.56117],"to":[6.67588,20.428427,10.76117],"faces":{"east":{"uv":[7.0625,8.0625,7.3125,8.25],"tintindex":0,"rotation":0,"texture":"#6"},"south":{"uv":[7.6875,4.5,8.125,4.6875],"tintindex":0,"rotation":0,"texture":"#6"},"north":{"uv":[7.6875,1.3125,8.125,1.5],"tintindex":0,"rotation":0,"texture":"#6"},"west":{"uv":[7.375,8.0625,7.625,8.25],"tintindex":0,"rotation":0,"texture":"#6"},"up":{"uv":[7.625,4.125,7.1875,3.875],"tintindex":0,"rotation":0,"texture":"#6"},"down":{"uv":[7.625,5.125,7.1875,5.375],"tintindex":0,"rotation":0,"texture":"#6"}},"rotation":{"origin":[-1.5991201,19.578426,8.66117],"angle":22.5,"axis":"z"}},{"from":[6.9926667,7.412418,10.894476],"to":[8.980667,11.400418,12.882478],"faces":{"east":{"uv":[7.3125,8.3125,7.4375,8.5625],"tintindex":0,"rotation":0,"texture":"#6"},"south":{"uv":[7.5,8.3125,7.625,8.5625],"tintindex":0,"rotation":0,"texture":"#6"},"north":{"uv":[6.5625,8.3125,6.6875,8.5625],"tintindex":0,"rotation":0,"texture":"#6"},"west":{"uv":[8.3125,7.875,8.4375,8.125],"tintindex":0,"rotation":0,"texture":"#6"},"up":{"uv":[8.6875,7.8125,8.5625,7.6875],"tintindex":0,"rotation":0,"texture":"#6"},"down":{"uv":[8.75,0.0,8.625,0.125],"tintindex":0,"rotation":0,"texture":"#6"}},"rotation":{"origin":[7.9866667,9.406418,12.388476],"angle":22.5,"axis":"x"}},{"from":[1.9866667,9.599998,4.41117],"to":[13.986667,19.599998,6.41117],"faces":{"east":{"uv":[0.0,0.0,4.0,13.0],"tintindex":0,"rotation":0,"texture":"#2"},"south":{"uv":[0.0,0.0,12.0,13.0],"tintindex":0,"rotation":0,"texture":"#2"},"north":{"uv":[0.0,0.0,12.0,10.0],"tintindex":0,"rotation":0,"texture":"#2"},"west":{"uv":[8.0,0.0,12.0,13.0],"tintindex":0,"rotation":0,"texture":"#2"},"up":{"uv":[0.0,0.0,12.0,2.0],"tintindex":0,"rotation":0,"texture":"#2"},"down":{"uv":[0.0,4.0,12.0,6.0],"tintindex":0,"rotation":0,"texture":"#2"}}},{"from":[-2.0043333,8.759,4.17017],"to":[1.9776667,18.741,13.15217],"faces":{"east":{"uv":[3.5625,0.875,4.125,1.5],"tintindex":0,"rotation":0,"texture":"#6"},"south":{"uv":[6.1875,5.625,6.4375,6.25],"tintindex":0,"rotation":0,"texture":"#6"},"north":{"uv":[1.25,6.125,1.5,6.75],"tintindex":0,"rotation":0,"texture":"#6"},"west":{"uv":[2.0,3.5625,2.5625,4.1875],"tintindex":0,"rotation":0,"texture":"#6"},"up":{"uv":[5.75,7.0625,5.5,6.5],"tintindex":0,"rotation":0,"texture":"#6"},"down":{"uv":[6.75,5.625,6.5,6.1875],"tintindex":0,"rotation":0,"texture":"#6"}}},{"from":[0.9936667,12.757,0.16817],"to":[6.9796667,20.743,4.15417],"faces":{"east":{"uv":[6.8125,5.5,7.0625,6.0],"tintindex":0,"rotation":0,"texture":"#6"},"south":{"uv":[5.75,0.5,6.125,1.0],"tintindex":0,"rotation":0,"texture":"#6"},"north":{"uv":[5.6875,5.3125,6.0625,5.8125],"tintindex":0,"rotation":0,"texture":"#6"},"west":{"uv":[6.8125,6.0625,7.0625,6.5625],"tintindex":0,"rotation":0,"texture":"#6"},"up":{"uv":[4.625,7.6875,4.25,7.4375],"tintindex":0,"rotation":0,"texture":"#6"},"down":{"uv":[1.0625,7.5,0.6875,7.75],"tintindex":0,"rotation":0,"texture":"#6"}},"rotation":{"origin":[8.986667,16.75,2.16117],"angle":22.5,"axis":"y"}},{"from":[6.9866667,11.062836,11.615783],"to":[8.986667,20.062836,13.615784],"faces":{"east":{"uv":[4.4375,7.75,4.5625,8.3125],"tintindex":0,"rotation":0,"texture":"#6"},"south":{"uv":[0.9375,7.8125,1.0625,8.375],"tintindex":0,"rotation":0,"texture":"#6"},"north":{"uv":[6.625,7.6875,6.75,8.25],"tintindex":0,"rotation":0,"texture":"#6"},"west":{"uv":[2.75,7.8125,2.875,8.375],"tintindex":0,"rotation":0,"texture":"#6"},"up":{"uv":[5.4375,7.0625,5.3125,6.9375],"tintindex":0,"rotation":0,"texture":"#6"},"down":{"uv":[7.5625,4.5,7.4375,4.625],"tintindex":0,"rotation":0,