{"textures":{"0":"modelengine:entity/eyeshading_corlurker","4":"modelengine:entity/rest_fire","6":"modelengine:entity/em_corruptedbrute"},"elements":[{"from":[6.0,4.3445244,2.2368693],"to":[10.0,13.344524,7.2368693],"faces":{"east":{"uv":[5.8125,1.0625,6.125,1.625],"tintindex":0,"rotation":0,"texture":"#6"},"south":{"uv":[3.1875,6.4375,3.4375,7.0],"tintindex":0,"rotation":0,"texture":"#6"},"north":{"uv":[6.1875,6.3125,6.4375,6.875],"tintindex":0,"rotation":0,"texture":"#6"},"west":{"uv":[3.375,5.8125,3.6875,6.375],"tintindex":0,"rotation":0,"texture":"#6"},"up":{"uv":[4.9375,8.0,4.6875,7.6875],"tintindex":0,"rotation":0,"texture":"#6"},"down":{"uv":[7.9375,4.75,7.6875,5.0625],"tintindex":0,"rotation":0,"texture":"#6"}},"rotation":{"origin":[8.0,13.744526,2.1368694],"angle":-22.5,"axis":"x"}},{"from":[7.0,15.744526,-0.86313057],"to":[5.0,13.744526,-1.8631306],"faces":{"east":{"uv":[4.0625,0.6875,4.125,0.8125],"tintindex":0,"rotation":0,"texture":"#6"},"south":{"uv":[8.5625,0.8125,8.6875,0.9375],"tintindex":0,"rotation":0,"texture":"#6"},"north":{"uv":[8.4375,7.3125,8.5625,7.4375],"tintindex":0,"rotation":0,"texture":"#6"},"west":{"uv":[1.0,4.3125,1.0625,4.4375],"tintindex":0,"rotation":0,"texture":"#6"},"up":{"uv":[7.4375,1.8125,7.3125,1.75],"tintindex":0,"rotation":0,"texture":"#6"},"down":{"uv":[7.8125,4.0625,7.6875,4.125],"tintindex":0,"rotation":0,"texture":"#6"}}},{"from":[4.0,10.744526,-0.86313057],"to":[12.0,18.744526,6.1368694],"faces":{"east":{"uv":[4.8125,1.25,5.25,1.75],"tintindex":0,"rotation":0,"texture":"#6"},"south":{"uv":[1.0,4.5,1.5,5.0],"tintindex":0,"rotation":0,"texture":"#6"},"north":{"uv":[4.4375,3.3125,4.9375,3.8125],"tintindex":0,"rotation":0,"texture":"#6"},"west":{"uv":[1.5625,4.9375,2.0,5.4375],"tintindex":0,"rotation":0,"texture":"#6"},"up":{"uv":[5.5,3.75,5.0,3.3125],"tintindex":0,"rotation":0,"texture":"#6"},"down":{"uv":[4.5625,5.0,4.0625,5.4375],"tintindex":0,"rotation":0,"texture":"#6"}}},{"from":[4.0,11.744526,-1.8631306],"to":[12.0,18.744526,-0.86313057],"faces":{"east":{"uv":[2.75,0.8125,2.8125,1.25],"tintindex":0,"rotation":0,"texture":"#6"},"south":{"uv":[0.5,5.0625,1.0,5.5],"tintindex":0,"rotation":0,"texture":"#6"},"north":{"uv":[4.625,5.0,5.125,5.4375],"tintindex":0,"rotation":0,"texture":"#6"},"west":{"uv":[0.5,3.5625,0.5625,4.0],"tintindex":0,"rotation":0,"texture":"#6"},"up":{"uv":[8.8125,4.8125,8.3125,4.75],"tintindex":0,"rotation":0,"texture":"#6"},"down":{"uv":[8.8125,4.875,8.3125,4.9375],"tintindex":0,"rotation":0,"texture":"#6"}}},{"from":[6.0,9.744526,-1.8631306],"to":[10.0,11.744526,-1.8631306],"faces":{"south":{"uv":[8.3125,5.5625,8.5625,5.6875],"tintindex":0,"rotation":0,"texture":"#6"},"north":{"uv":[4.625,8.3125,4.875,8.4375],"tintindex":0,"rotation":0,"texture":"#6"}}},{"from":[11.0,15.744526,-0.86313057],"to":[9.0,13.744526,-1.8631306],"faces":{"east":{"uv":[2.75,2.0,2.8125,2.125],"tintindex":0,"rotation":0,"texture":"#6"},"south":{"uv":[7.9375,2.1875,8.0625,2.3125],"tintindex":0,"rotation":0,"texture":"#6"},"north":{"uv":[7.6875,1.5625,7.8125,1.6875],"tintindex":0,"rotation":0,"texture":"#6"},"west":{"uv":[3.5625,2.0,3.625,2.125],"tintindex":0,"rotation":0,"texture":"#6"},"up":{"uv":[3.5,5.75,3.375,5.6875],"tintindex":0,"rotation":0,"texture":"#6"},"down":{"uv":[4.4375,6.9375,4.3125,7.0],"tintindex":0,"rotation":0,"texture":"#6"}}},{"from":[12.0,18.744526,6.1368694],"to":[4.0,10.744526,-0.86313057],"faces":{"east":{"uv":[1.0625,5.0625,1.5,5.5625],"tintindex":0,"rotation":0,"texture":"#6"},"south":{"uv":[4.5,4.4375,5.0,4.9375],"tintindex":0,"rotation":0,"texture":"#6"},"north":{"uv":[4.5,3.875,5.0,4.375],"tintindex":0,"rotation":0,"texture":"#6"},"west":{"uv":[5.0625,2.6875,5.5,3.1875],"tintindex":0,"rotation":0,"texture":"#6"},"up":{"uv":[5.5625,4.25,5.0625,3.8125],"tintindex":0,"rotation":0,"texture":"#6"},"down":{"uv":[5.5625,4.3125,5.0625,4.75],"tintindex":0,"rotation":0,"texture":"#6"}}},{"from":[5.0,13.75,-1.2624998],"to":[7.0,15.75,-1.2624998],"faces":{"east":{"uv":[5.0,3.0,7.0,5.0],"tintindex":0,"rotation":0,"texture":"#0"},"south":{"uv":[5.0,3.0,7.0,5.0],"tintindex":0,"rotation":0,"texture":"#0"},"north":{"uv":[5.0,3.0,7.0,5.0],"tintindex":0,"rotation":0,"texture":"#0"},"west":{"uv":[5.0,3.0,7.0,5.0],"tintindex":0,"rotation":0,"texture":"#0"},"up":{"uv":[5.0,3.0,7.0,5.0],"tintindex":0,"rotation":0,"texture":"#0"},"down":{"uv":[5.0,3.0,7.0,5.0],"tintindex":0,"rotation":0,"texture":"#0"}}},{"from":[9.0,13.75,-1.2624998],"to":[11.0,15.75,-1.2624998],"faces":{"east":{"uv":[1.0,3.0,3.0,5.0],"tintindex":0,"rotation":0,"texture":"#0"},"south":{"uv":[1.0,3.0,3.0,5.0],"tintindex":0,"rotation":0,"texture":"#0"},"north":{"uv":[1.0,3.0,3.0,5.0],"tintindex":0,"rotation":0,"texture":"#0"},"west":{"uv":[1.0,3.0,3.0,5.0],"tintindex":0,"rotation":0,"texture":"#0"},"up":{"uv":[1.0,3.0,3.0,5.0],"tintindex":0,"rotation":0,"texture":"#0"},"down":{"uv":[1.0,3.0,3.0,5.0],"tintindex":0,"rotation":0,"texture":"#0"}}},{"from":[4.1,10.844526,-0.76313055],"to":[11.9,18.644526,6.0368695],"faces":{"east":{"uv":[0.0,2.0,7.0,10.0],"tintindex":0,"rotation":0,"texture":"#4"},"south":{"uv":[0.0,2.0,8.0,10.0],"tintindex":0,"rotation":0,"texture":"#4"},"north":{"uv":[0.0,3.0,8.0,11.0],"tintindex":0,"rotation":0,"texture":"#4"},"west":{"uv":[0.0,2.0,7.0,10.0],"tintindex":0,"rotation":0,"texture":"#4"},"up":{"uv":[0.0,2.0,8.0,9.0],"tintindex":0,"rotation":0,"texture":"#4"},"down":{"uv":[0.0,2.0,8.0,9.0],"tintindex":0,"rotation":0,"texture":"#4"}}}],"display":{"gui":{"rotation":[30,225,0]}}}