{"textures":{"6":"modelengine:entity/em_corruptedbrute"},"elements":[{"from":[2.9205317,7.964171,4.9],"to":[7.1205316,14.164171,11.1],"faces":{"east":{"uv":[6.3125,4.6875,6.6875,5.0625],"tintindex":0,"rotation":0,"texture":"#6"},"south":{"uv":[1.5625,7.375,1.8125,7.75],"tintindex":0,"rotation":0,"texture":"#6"},"north":{"uv":[1.6875,3.8125,1.9375,4.1875],"tintindex":0,"rotation":0,"texture":"#6"},"west":{"uv":[6.5,2.625,6.875,3.0],"tintindex":0,"rotation":0,"texture":"#6"},"up":{"uv":[3.75,7.75,3.5,7.375],"tintindex":0,"rotation":0,"texture":"#6"},"down":{"uv":[7.125,7.375,6.875,7.75],"tintindex":0,"rotation":0,"texture":"#6"}},"rotation":{"origin":[6.0205317,9.064171,8.0],"angle":-45.0,"axis":"z"}},{"from":[0.92053163,4.964171,3.9],"to":[8.120532,10.164171,12.1],"faces":{"east":{"uv":[5.75,4.875,6.25,5.1875],"tintindex":0,"rotation":0,"texture":"#6"},"south":{"uv":[4.0,6.5625,4.4375,6.875],"tintindex":0,"rotation":0,"texture":"#6"},"north":{"uv":[3.5,6.5625,3.9375,6.875],"tintindex":0,"rotation":0,"texture":"#6"},"west":{"uv":[6.125,2.25,6.625,2.5625],"tintindex":0,"rotation":0,"texture":"#6"},"up":{"uv":[0.4375,5.625,0.0,5.125],"tintindex":0,"rotation":0,"texture":"#6"},"down":{"uv":[5.5625,0.0,5.125,0.5],"tintindex":0,"rotation":0,"texture":"#6"}}},{"from":[-0.051894188,-4.050293,3.0],"to":[7.948106,5.949707,13.0],"faces":{"east":{"uv":[0.625,2.75,1.25,3.375],"tintindex":0,"rotation":0,"texture":"#6"},"south":{"uv":[3.6875,2.25,4.1875,2.875],"tintindex":0,"rotation":0,"texture":"#6"},"north":{"uv":[3.6875,1.5625,4.1875,2.1875],"tintindex":0,"rotation":0,"texture":"#6"},"west":{"uv":[2.875,0.8125,3.5,1.4375],"tintindex":0,"rotation":0,"texture":"#6"},"up":{"uv":[1.625,4.4375,1.125,3.8125],"tintindex":0,"rotation":0,"texture":"#6"},"down":{"uv":[4.375,3.5625,3.875,4.1875],"tintindex":0,"rotation":0,"texture":"#6"}}}],"display":{"gui":{"rotation":[30,225,0]}}}