{"textures":{"6":"modelengine:entity/em_corruptedbrute"},"elements":[{"from":[5.6,-0.3993782,6.2002115],"to":[9.4,3.400622,11.000212],"faces":{"east":{"uv":[3.0,7.75,3.3125,8.0],"tintindex":0,"rotation":0,"texture":"#6"},"south":{"uv":[8.0,4.75,8.25,5.0],"tintindex":0,"rotation":0,"texture":"#6"},"north":{"uv":[0.0,8.0,0.25,8.25],"tintindex":0,"rotation":0,"texture":"#6"},"west":{"uv":[4.0625,7.75,4.375,8.0],"tintindex":0,"rotation":0,"texture":"#6"},"up":{"uv":[0.5625,8.125,0.3125,7.8125],"tintindex":0,"rotation":0,"texture":"#6"},"down":{"uv":[0.875,7.8125,0.625,8.125],"tintindex":0,"rotation":0,"texture":"#6"}}},{"from":[5.0,3.238121,6.1002116],"to":[10.0,8.238121,12.100212],"faces":{"east":{"uv":[4.3125,7.0625,4.6875,7.375],"tintindex":0,"rotation":0,"texture":"#6"},"south":{"uv":[7.3125,4.6875,7.625,5.0],"tintindex":0,"rotation":0,"texture":"#6"},"north":{"uv":[3.875,7.3125,4.1875,7.625],"tintindex":0,"rotation":0,"texture":"#6"},"west":{"uv":[0.6875,7.125,1.0625,7.4375],"tintindex":0,"rotation":0,"texture":"#6"},"up":{"uv":[5.625,7.5,5.3125,7.125],"tintindex":0,"rotation":0,"texture":"#6"},"down":{"uv":[7.4375,5.5,7.125,5.875],"tintindex":0,"rotation":0,"texture":"#6"}}},{"from":[5.6,-4.1993785,6.2002115],"to":[9.4,-0.39937934,10.000212],"faces":{"east":{"uv":[7.9375,1.5625,8.1875,1.8125],"tintindex":0,"rotation":0,"texture":"#6"},"south":{"uv":[7.9375,1.875,8.1875,2.125],"tintindex":0,"rotation":0,"texture":"#6"},"north":{"uv":[7.875,6.5625,8.125,6.8125],"tintindex":0,"rotation":0,"texture":"#6"},"west":{"uv":[7.9375,3.3125,8.1875,3.5625],"tintindex":0,"rotation":0,"texture":"#6"},"up":{"uv":[8.1875,3.875,7.9375,3.625],"tintindex":0,"rotation":0,"texture":"#6"},"down":{"uv":[8.0625,7.9375,7.8125,8.1875],"tintindex":0,"rotation":0,"texture":"#6"}}}],"display":{"gui":{"rotation":[30,225,0]}}}