{"textures":{"0":"modelengine:entity/skeletonchest"},"elements":[{"from":[12.707425,5.4851646,-0.53125],"to":[17.682425,8.910165,-0.53125],"faces":{"east":{"uv":[3.375,2.0,4.15625,2.4375],"tintindex":0,"rotation":0,"texture":"#0"},"south":{"uv":[1.375,4.0,0.75,4.4375],"tintindex":0,"rotation":0,"texture":"#0"},"north":{"uv":[0.75,4.0,1.375,4.4375],"tintindex":0,"rotation":0,"texture":"#0"},"west":{"uv":[0.875,5.875,1.65625,6.3125],"tintindex":0,"rotation":0,"texture":"#0"},"up":{"uv":[6.125,5.15625,5.5,4.375],"tintindex":0,"rotation":0,"texture":"#0"},"down":{"uv":[6.125,5.25,5.5,6.03125],"tintindex":0,"rotation":0,"texture":"#0"}},"rotation":{"origin":[10.533121,7.421892,6.7901006],"angle":22.5,"axis":"z"}},{"from":[2.9139733,5.287125,-2.4812508],"to":[6.888973,6.9121246,7.61875],"faces":{"east":{"uv":[6.5,1.125,7.75,1.34375],"tintindex":0,"rotation":0,"texture":"#0"},"south":{"uv":[1.625,7.125,2.125,7.34375],"tintindex":0,"rotation":0,"texture":"#0"},"north":{"uv":[2.125,7.125,1.625,7.34375],"tintindex":0,"rotation":0,"texture":"#0"},"west":{"uv":[6.0,6.625,7.25,6.84375],"tintindex":0,"rotation":0,"texture":"#0"},"up":{"uv":[5.125,3.125,5.625,1.875],"tintindex":0,"rotation":0,"texture":"#0"},"down":{"uv":[2.75,5.375,2.25,6.625],"tintindex":0,"rotation":0,"texture":"#0"}},"rotation":{"origin":[10.533121,7.421892,6.7901006],"angle":-22.5,"axis":"z"}},{"from":[12.707425,5.4851646,6.46875],"to":[17.682425,8.910165,6.46875],"faces":{"east":{"uv":[3.375,2.0,4.15625,2.4375],"tintindex":0,"rotation":0,"texture":"#0"},"south":{"uv":[1.375,4.0,0.75,4.4375],"tintindex":0,"rotation":0,"texture":"#0"},"north":{"uv":[0.75,4.0,1.375,4.4375],"tintindex":0,"rotation":0,"texture":"#0"},"west":{"uv":[0.875,5.875,1.65625,6.3125],"tintindex":0,"rotation":0,"texture":"#0"},"up":{"uv":[6.125,5.15625,5.5,4.375],"tintindex":0,"rotation":0,"texture":"#0"},"down":{"uv":[6.125,5.25,5.5,6.03125],"tintindex":0,"rotation":0,"texture":"#0"}},"rotation":{"origin":[10.533121,7.421892,6.7901006],"angle":22.5,"axis":"z"}},{"from":[3.4407663,9.620864,8.300064],"to":[7.9407663,12.345864,8.300064],"faces":{"east":{"uv":[4.9375,3.375,4.375,3.71875],"tintindex":0,"rotation":0,"texture":"#0"},"south":{"uv":[4.375,3.375,4.9375,3.71875],"tintindex":0,"rotation":0,"texture":"#0"},"north":{"uv":[4.375,3.375,4.9375,3.71875],"tintindex":0,"rotation":0,"texture":"#0"},"west":{"uv":[4.9375,3.375,4.375,3.71875],"tintindex":0,"rotation":0,"texture":"#0"},"up":{"uv":[16.0,0.5625,15.4375,0.0],"tintindex":0,"rotation":0,"texture":"#0"},"down":{"uv":[6.6875,5.25,6.125,5.8125],"tintindex":0,"rotation":0,"texture":"#0"}},"rotation":{"origin":[10.533121,7.421892,6.7901006],"angle":-45.0,"axis":"y"}},{"from":[3.511477,11.120864,3.8707743],"to":[6.011477,15.845864,3.8707743],"faces":{"east":{"uv":[15.34375,0.0,16.0,0.59375],"tintindex":0,"rotation":0,"texture":"#0"},"south":{"uv":[2.8125,6.875,2.5,7.46875],"tintindex":0,"rotation":0,"texture":"#0"},"north":{"uv":[2.5,6.875,2.8125,7.46875],"tintindex":0,"rotation":0,"texture":"#0"},"west":{"uv":[2.8125,6.875,2.5,7.46875],"tintindex":0,"rotation":0,"texture":"#0"},"up":{"uv":[16.0,0.5625,15.4375,0.0],"tintindex":0,"rotation":0,"texture":"#0"},"down":{"uv":[5.3125,7.25,5.0,7.5625],"tintindex":0,"rotation":0,"texture":"#0"}},"rotation":{"origin":[10.533121,7.421892,6.7901006],"angle":-45.0,"axis":"y"}},{"from":[7.34583,8.299418,-2.8062496],"to":[10.070829,11.024419,-1.0562496],"faces":{"east":{"uv":[0.5,5.375,0.71875,5.71875],"tintindex":0,"rotation":0,"texture":"#0"},"south":{"uv":[7.0,5.375,7.34375,5.71875],"tintindex":0,"rotation":0,"texture":"#0"},"north":{"uv":[7.0,5.0,7.34375,5.34375],"tintindex":0,"rotation":0,"texture":"#0"},"west":{"uv":[0.71875,5.71875,0.5,5.375],"tintindex":0,"rotation":0,"texture":"#0"},"up":{"uv":[0.71875,5.375,0.5,5.71875],"tintindex":0,"rotation":90,"texture":"#0"},"down":{"uv":[0.5,5.71875,0.71875,5.375],"tintindex":0,"rotation":90,"texture":"#0"}},"rotation":{"origin":[10.533121,7.421892,6.7901006],"angle":45.0,"axis":"z"}},{"from":[3.511477,11.120864,3.8707743],"to":[3.511477,15.845864,6.3707743],"faces":{"east":{"uv":[2.5,6.875,2.8125,7.46875],"tintindex":0,"rotation":0,"texture":"#0"},"south":{"uv":[15.34375,0.0,16.0,0.59375],"tintindex":0,"rotation":0,"texture":"#0"},"north":{"uv":[2.5,6.875,2.8125,7.46875],"tintindex":0,"rotation":0,"texture":"#0"},"west":{"uv":[2.8125,6.875,2.5,7.46875],"tintindex":0,"rotation":0,"texture":"#0"},"up":{"uv":[16.0,0.5625,15.4375,0.0],"tintindex":0,"rotation":0,"texture":"#0"},"down":{"uv":[5.3125,7.25,5.0,7.5625],"tintindex":0,"rotation":0,"texture":"#0"}},"rotation":{"origin":[10.533121,7.421892,6.7901006],"angle":-45.0,"axis":"y"}},{"from":[8.8758955,7.4830256,-2.4812508],"to":[12.850896,9.108026,7.61875],"faces":{"east":{"uv":[6.0,6.375,7.25,6.59375],"tintindex":0,"rotation":0,"texture":"#0"},"south":{"uv":[2.125,7.125,1.625,7.34375],"tintindex":0,"rotation":0,"texture":"#0"},"north":{"uv":[1.625,7.125,2.125,7.34375],"tintindex":0,"rotation":0,"texture":"#0"},"west":{"uv":[6.5,0.875,7.75,1.09375],"tintindex":0,"rotation":0,"texture":"#0"},"up":{"uv":[5.625,3.125,5.125,1.875],"tintindex":0,"rotation":0,"texture":"#0"},"down":{"uv":[5.625,3.125,5.125,4.375],"tintindex":0,"rotation":0,"texture":"#0"}},"rotation":{"origin":[10.533121,7.421892,6.7901006],"angle":22.5,"axis":"z"}},{"from":[2.5407662,6.870864,2.8000636],"to":[9.040767,9.695865,9.300064],"faces":{"east":{"uv":[7.1875,0.5,6.375,0.84375],"tintindex":0,"rotation":0,"texture":"#0"},"south":{"uv":[6.375,0.5,7.1875,0.84375],"tintindex":0,"rotation":0,"texture":"#0"},"north":{"uv":[6.375,0.5,7.1875,0.84375],"tintindex":0,"rotation":0,"texture":"#0"},"west":{"uv":[7.1875,0.5,6.375,0.84375],"tintindex":0,"rotation":0,"texture":"#0"},"up":{"uv":[3.0625,5.3125,2.25,4.5],"tintindex":0,"rotation":0,"texture":"#0"},"down":{"uv":[3.9375,4.5,3.125,5.3125],"tintindex":0,"rotation":0,"texture":"#0"}},"rotation":{"origin":[10.533121,7.421892,6.7901006],"angle":-45.0,"axis":"y"}},{"from":[11.310969,5.440504,-2.5062504],"to":[15.28597,8.165504,7.74375],"faces":{"east":{"uv":[5.125,1.0,6.40625,1.34375],"tintindex":0,"rotation":0,"texture":"#0"},"south":{"uv":[5.75,6.875,5.25,7.21875],"tintindex":0,"rotation":0,"texture":"#0"},"north":{"uv":[5.25,6.875,5.75,7.21875],"tintindex":0,"rotation":0,"texture":"#0"},"west":{"uv":[5.625,1.875,6.90625,2.21875],"tintindex":0,"rotation":0,"texture":"#0"},"up":{"uv":[4.5,5.78125,4.0,4.5],"tintindex":0,"rotation":0,"texture":"#0"},"down":{"uv":[5.0,4.5,4.5,5.78125],"tintindex":0,"rotation":0,"texture":"#0"}},"rotation":{"origin":[10.533121,7.421892,6.7901006],"angle":45.0,"axis":"z"}},{"from":[1.8140388,6.4603305,-2.5562496],"to":[7.7890387,8.38533,7.69375],"faces":{"east":{"uv":[6.0,2.28125,7.28125,2.53125],"tintindex":0,"rotation":0,"texture":"#0"},"south":{"uv":[7.65625,1.875,7.0,2.125],"tintindex":0,"rotation":0,"texture":"#0"},"north":{"uv":[7.0,1.875,7.65625,2.125],"tintindex":0,"rotation":0,"texture":"#0"},"west":{"uv":[6.0,2.28125,7.28125,2.53125],"tintindex":0,"rotation":0,"texture":"#0"},"up":{"uv":[0.0,1.421875,0.653125,2.703125],"tintindex":0,"rotation":0,"texture":"#0"},"down":{"uv":[0.0,1.421875,0.653125,2.703125],"tintindex":0,"rotation":0,"texture":"#0"}}},{"from":[13.656979,14.635568,-0.50699425],"to":[15.156979,16.110569,0.7430062],"faces":{"east":{"uv":[7.375,5.375,7.53125,5.5625],"tintindex":0,"rotation":0,"texture":"#0"},"south":{"uv":[4.4375,7.5625,4.25,7.375],"tintindex":0,"rotation":0,"texture":"#0"},"north":{"uv":[4.25,7.375,4.4375,7.5625],"tintindex":0,"rotation":0,"texture":"#0"},"west":{"uv":[7.375,5.875,7.53125,6.0625],"tintindex":0,"rotation":0,"texture":"#0"},"up":{"uv":[7.5625,7.40625,7.375,7.25],"tintindex":0,"rotation":0,"texture":"#0"},"down":{"uv":[7.6875,1.375,7.5,1.53125],"tintindex":0,"rotation":0,"texture":"#0"}},"rotation":{"origin":[10.533121,7.421892,6.7901006],"angle":45.0,"axis":"z"}},{"from":[-1.9175558,3.2892642,-0.53125],"to":[3.057444,6.714265,-0.53125],