{"textures":{"0":"modelengine:entity/deathangel"},"elements":[{"from":[7.5,6.0,7.5],"to":[8.5,8.0,8.5],"faces":{"east":{"uv":[5.9375,11.0625,6.0,11.1875],"tintindex":0,"rotation":0,"texture":"#0"},"south":{"uv":[6.0,11.0625,6.0625,11.1875],"tintindex":0,"rotation":0,"texture":"#0"},"north":{"uv":[5.875,11.0625,5.9375,11.1875],"tintindex":0,"rotation":0,"texture":"#0"},"west":{"uv":[11.0625,6.0,11.125,6.125],"tintindex":0,"rotation":0,"texture":"#0"},"up":{"uv":[11.1875,5.6875,11.125,5.625],"tintindex":0,"rotation":0,"texture":"#0"},"down":{"uv":[11.1875,5.6875,11.125,5.75],"tintindex":0,"rotation":0,"texture":"#0"}}},{"from":[6.9393396,4.646446,7.75],"to":[7.9393396,6.646446,8.25],"faces":{"east":{"uv":[11.125,6.0,11.15625,6.125],"tintindex":0,"rotation":0,"texture":"#0"},"south":{"uv":[6.125,11.0625,6.1875,11.1875],"tintindex":0,"rotation":0,"texture":"#0"},"north":{"uv":[6.0625,11.0625,6.125,11.1875],"tintindex":0,"rotation":0,"texture":"#0"},"west":{"uv":[6.1875,11.125,6.21875,11.25],"tintindex":0,"rotation":0,"texture":"#0"},"up":{"uv":[9.5625,11.15625,9.5,11.125],"tintindex":0,"rotation":0,"texture":"#0"},"down":{"uv":[11.1875,9.5,11.125,9.53125],"tintindex":0,"rotation":0,"texture":"#0"}},"rotation":{"origin":[7.4393396,5.646446,8.0],"angle":-45.0,"axis":"z"}},{"from":[6.7928934,2.2928925,8.0],"to":[8.792893,8.292892,8.0],"faces":{"south":{"uv":[1.75,10.875,1.875,11.25],"tintindex":0,"rotation":0,"texture":"#0"},"north":{"uv":[1.875,10.875,1.75,11.25],"tintindex":0,"rotation":0,"texture":"#0"}},"rotation":{"origin":[7.7928934,5.2928925,8.0],"angle":-45.0,"axis":"z"}}],"display":{"gui":{"rotation":[30,225,0]}}}