{"textures":{"0":"modelengine:entity/deathangel"},"elements":[{"from":[7.5,7.5,6.5],"to":[8.5,8.5,8.0],"faces":{"east":{"uv":[11.0625,6.125,11.15625,6.1875],"tintindex":0,"rotation":0,"texture":"#0"},"south":{"uv":[11.125,2.75,11.1875,2.8125],"tintindex":0,"rotation":0,"texture":"#0"},"north":{"uv":[11.125,2.6875,11.1875,2.75],"tintindex":0,"rotation":0,"texture":"#0"},"west":{"uv":[6.1875,11.0625,6.28125,11.125],"tintindex":0,"rotation":0,"texture":"#0"},"up":{"uv":[6.375,11.15625,6.3125,11.0625],"tintindex":0,"rotation":0,"texture":"#0"},"down":{"uv":[6.4375,11.0625,6.375,11.15625],"tintindex":0,"rotation":0,"texture":"#0"}}},{"from":[7.8838835,7.75,5.573223],"to":[8.883883,8.25,7.073223],"faces":{"east":{"uv":[11.125,7.625,11.21875,7.65625],"tintindex":0,"rotation":0,"texture":"#0"},"south":{"uv":[11.125,9.3125,11.1875,9.34375],"tintindex":0,"rotation":0,"texture":"#0"},"north":{"uv":[9.3125,11.125,9.375,11.15625],"tintindex":0,"rotation":0,"texture":"#0"},"west":{"uv":[7.6875,11.125,7.78125,11.15625],"tintindex":0,"rotation":0,"texture":"#0"},"up":{"uv":[6.5,11.15625,6.4375,11.0625],"tintindex":0,"rotation":0,"texture":"#0"},"down":{"uv":[6.5625,11.0625,6.5,11.15625],"tintindex":0,"rotation":0,"texture":"#0"}},"rotation":{"origin":[8.383883,8.0,6.323223],"angle":-45.0,"axis":"y"}},{"from":[7.0303297,8.0,3.7196698],"to":[9.030331,8.0,8.21967],"faces":{"up":{"uv":[5.125,11.15625,5.0,10.875],"tintindex":0,"rotation":0,"texture":"#0"},"down":{"uv":[5.125,10.875,5.0,11.15625],"tintindex":0,"rotation":0,"texture":"#0"}},"rotation":{"origin":[8.030331,8.0,5.96967],"angle":-45.0,"axis":"y"}}],"display":{"gui":{"rotation":[30,225,0]}}}