{"textures":{"0":"modelengine:entity/deathangel"},"elements":[{"from":[8.06066,4.646446,7.75],"to":[9.06066,6.646446,8.25],"faces":{"east":{"uv":[11.0625,10.0,11.09375,10.125],"tintindex":0,"rotation":0,"texture":"#0"},"south":{"uv":[11.0625,2.6875,11.125,2.8125],"tintindex":0,"rotation":0,"texture":"#0"},"north":{"uv":[11.0625,2.5625,11.125,2.6875],"tintindex":0,"rotation":0,"texture":"#0"},"west":{"uv":[11.0625,10.25,11.09375,10.375],"tintindex":0,"rotation":0,"texture":"#0"},"up":{"uv":[11.1875,9.03125,11.125,9.0],"tintindex":0,"rotation":0,"texture":"#0"},"down":{"uv":[11.1875,9.0625,11.125,9.09375],"tintindex":0,"rotation":0,"texture":"#0"}},"rotation":{"origin":[8.56066,5.646446,8.0],"angle":45.0,"axis":"z"}},{"from":[7.2071066,2.2928925,8.0],"to":[9.207107,8.292892,8.0],"faces":{"south":{"uv":[10.8125,6.0,10.9375,6.375],"tintindex":0,"rotation":0,"texture":"#0"},"north":{"uv":[8.3125,10.8125,8.1875,11.1875],"tintindex":0,"rotation":0,"texture":"#0"}},"rotation":{"origin":[8.207107,5.2928925,8.0],"angle":45.0,"axis":"z"}},{"from":[7.5,6.0,7.5],"to":[8.5,8.0,8.5],"faces":{"east":{"uv":[8.375,10.1875,8.4375,10.3125],"tintindex":0,"rotation":0,"texture":"#0"},"south":{"uv":[1.4375,11.0625,1.5,11.1875],"tintindex":0,"rotation":0,"texture":"#0"},"north":{"uv":[10.125,2.5,10.1875,2.625],"tintindex":0,"rotation":0,"texture":"#0"},"west":{"uv":[11.0625,2.4375,11.125,2.5625],"tintindex":0,"rotation":0,"texture":"#0"},"up":{"uv":[7.8125,10.1875,7.75,10.125],"tintindex":0,"rotation":0,"texture":"#0"},"down":{"uv":[5.875,10.1875,5.8125,10.25],"tintindex":0,"rotation":0,"texture":"#0"}}}],"display":{"gui":{"rotation":[30,225,0]}}}