{"textures":{"0":"modelengine:entity/deathangel"},"elements":[{"from":[7.2071066,2.2928925,8.0],"to":[9.207107,8.292892,8.0],"faces":{"south":{"uv":[8.1875,10.8125,8.3125,11.1875],"tintindex":0,"rotation":0,"texture":"#0"},"north":{"uv":[8.3125,10.8125,8.1875,11.1875],"tintindex":0,"rotation":0,"texture":"#0"}},"rotation":{"origin":[8.207107,5.2928925,8.0],"angle":45.0,"axis":"z"}},{"from":[7.5,6.0,7.5],"to":[8.5,8.0,8.5],"faces":{"east":{"uv":[11.0625,3.0625,11.125,3.1875],"tintindex":0,"rotation":0,"texture":"#0"},"south":{"uv":[3.125,11.0625,3.1875,11.1875],"tintindex":0,"rotation":0,"texture":"#0"},"north":{"uv":[3.0625,11.0625,3.125,11.1875],"tintindex":0,"rotation":0,"texture":"#0"},"west":{"uv":[3.1875,11.0625,3.25,11.1875],"tintindex":0,"rotation":0,"texture":"#0"},"up":{"uv":[11.125,10.6875,11.0625,10.625],"tintindex":0,"rotation":0,"texture":"#0"},"down":{"uv":[11.125,10.6875,11.0625,10.75],"tintindex":0,"rotation":0,"texture":"#0"}}},{"from":[8.06066,4.646446,7.75],"to":[9.06066,6.646446,8.25],"faces":{"east":{"uv":[11.125,2.4375,11.15625,2.5625],"tintindex":0,"rotation":0,"texture":"#0"},"south":{"uv":[3.25,11.0625,3.3125,11.1875],"tintindex":0,"rotation":0,"texture":"#0"},"north":{"uv":[11.0625,3.1875,11.125,3.3125],"tintindex":0,"rotation":0,"texture":"#0"},"west":{"uv":[11.125,2.5625,11.15625,2.6875],"tintindex":0,"rotation":0,"texture":"#0"},"up":{"uv":[9.3125,11.15625,9.25,11.125],"tintindex":0,"rotation":0,"texture":"#0"},"down":{"uv":[11.1875,9.25,11.125,9.28125],"tintindex":0,"rotation":0,"texture":"#0"}},"rotation":{"origin":[8.56066,5.646446,8.0],"angle":45.0,"axis":"z"}}],"display":{"gui":{"rotation":[30,225,0]}}}