{"textures":{"0":"modelengine:entity/deathangel"},"elements":[{"from":[6.96967,8.0,3.7196698],"to":[8.96967,8.0,8.21967],"faces":{"up":{"uv":[5.375,11.15625,5.25,10.875],"tintindex":0,"rotation":0,"texture":"#0"},"down":{"uv":[5.375,10.875,5.25,11.15625],"tintindex":0,"rotation":0,"texture":"#0"}},"rotation":{"origin":[7.96967,8.0,5.96967],"angle":45.0,"axis":"y"}},{"from":[7.1161165,7.75,5.573223],"to":[8.116117,8.25,7.073223],"faces":{"east":{"uv":[11.125,8.1875,11.21875,8.21875],"tintindex":0,"rotation":0,"texture":"#0"},"south":{"uv":[11.125,9.5625,11.1875,9.59375],"tintindex":0,"rotation":0,"texture":"#0"},"north":{"uv":[9.5625,11.125,9.625,11.15625],"tintindex":0,"rotation":0,"texture":"#0"},"west":{"uv":[11.125,8.25,11.21875,8.28125],"tintindex":0,"rotation":0,"texture":"#0"},"up":{"uv":[11.125,8.28125,11.0625,8.1875],"tintindex":0,"rotation":0,"texture":"#0"},"down":{"uv":[11.125,8.3125,11.0625,8.40625],"tintindex":0,"rotation":0,"texture":"#0"}},"rotation":{"origin":[7.6161165,8.0,6.323223],"angle":45.0,"axis":"y"}},{"from":[7.5,7.5,6.5],"to":[8.5,8.5,8.0],"faces":{"east":{"uv":[11.0625,6.1875,11.15625,6.25],"tintindex":0,"rotation":0,"texture":"#0"},"south":{"uv":[6.25,11.125,6.3125,11.1875],"tintindex":0,"rotation":0,"texture":"#0"},"north":{"uv":[11.125,5.75,11.1875,5.8125],"tintindex":0,"rotation":0,"texture":"#0"},"west":{"uv":[11.0625,7.875,11.15625,7.9375],"tintindex":0,"rotation":0,"texture":"#0"},"up":{"uv":[11.125,8.03125,11.0625,7.9375],"tintindex":0,"rotation":0,"texture":"#0"},"down":{"uv":[11.125,8.0625,11.0625,8.15625],"tintindex":0,"rotation":0,"texture":"#0"}}}],"display":{"gui":{"rotation":[30,225,0]}}}