{"textures":{"0":"modelengine:entity/deathangel"},"elements":[{"from":[6.0428934,-1.5,6.0],"to":[10.042893,4.5,10.0],"faces":{"east":{"uv":[5.375,10.25,5.625,10.625],"tintindex":0,"rotation":0,"texture":"#0"},"south":{"uv":[5.625,10.25,5.875,10.625],"tintindex":0,"rotation":0,"texture":"#0"},"north":{"uv":[5.125,10.25,5.375,10.625],"tintindex":0,"rotation":0,"texture":"#0"},"west":{"uv":[10.3125,7.75,10.5625,8.125],"tintindex":0,"rotation":0,"texture":"#0"},"up":{"uv":[10.8125,8.1875,10.5625,7.9375],"tintindex":0,"rotation":0,"texture":"#0"},"down":{"uv":[8.3125,10.5625,8.0625,10.8125],"tintindex":0,"rotation":0,"texture":"#0"}},"rotation":{"origin":[8.042893,1.5,8.0],"angle":45.0,"axis":"y"}},{"from":[6.646446,-1.5,6.25],"to":[10.146446,4.5,9.75],"faces":{"east":{"uv":[10.375,10.3125,10.59375,10.6875],"tintindex":0,"rotation":0,"texture":"#0"},"south":{"uv":[10.4375,4.0,10.65625,4.375],"tintindex":0,"rotation":0,"texture":"#0"},"north":{"uv":[10.375,8.75,10.59375,9.125],"tintindex":0,"rotation":0,"texture":"#0"},"west":{"uv":[10.4375,9.125,10.65625,9.5],"tintindex":0,"rotation":0,"texture":"#0"},"up":{"uv":[8.59375,10.90625,8.375,10.6875],"tintindex":0,"rotation":0,"texture":"#0"},"down":{"uv":[8.84375,10.6875,8.625,10.90625],"tintindex":0,"rotation":0,"texture":"#0"}},"rotation":{"origin":[8.396446,1.5,8.0],"angle":45.0,"axis":"y"}},{"from":[5.7928934,4.25,5.75],"to":[10.292893,9.75,10.25],"faces":{"east":{"uv":[10.1875,4.9375,10.46875,5.28125],"tintindex":0,"rotation":0,"texture":"#0"},"south":{"uv":[10.1875,5.3125,10.46875,5.65625],"tintindex":0,"rotation":0,"texture":"#0"},"north":{"uv":[6.625,8.625,6.90625,8.96875],"tintindex":0,"rotation":0,"texture":"#0"},"west":{"uv":[7.75,10.1875,8.03125,10.53125],"tintindex":0,"rotation":0,"texture":"#0"},"up":{"uv":[10.65625,7.46875,10.375,7.1875],"tintindex":0,"rotation":0,"texture":"#0"},"down":{"uv":[10.84375,0.75,10.5625,1.03125],"tintindex":0,"rotation":0,"texture":"#0"}},"rotation":{"origin":[8.042893,7.0,8.0],"angle":45.0,"axis":"y"}},{"from":[6.646446,-7.5,6.25],"to":[10.146446,-1.5,9.75],"faces":{"east":{"uv":[10.4375,9.875,10.65625,10.25],"tintindex":0,"rotation":0,"texture":"#0"},"south":{"uv":[1.5,10.5,1.71875,10.875],"tintindex":0,"rotation":0,"texture":"#0"},"north":{"uv":[10.4375,9.5,10.65625,9.875],"tintindex":0,"rotation":0,"texture":"#0"},"west":{"uv":[1.75,10.5,1.96875,10.875],"tintindex":0,"rotation":0,"texture":"#0"},"up":{"uv":[10.90625,9.34375,10.6875,9.125],"tintindex":0,"rotation":0,"texture":"#0"},"down":{"uv":[10.90625,9.375,10.6875,9.59375],"tintindex":0,"rotation":0,"texture":"#0"}},"rotation":{"origin":[8.396446,-4.5,8.0],"angle":45.0,"axis":"y"}},{"from":[6.0428934,4.5,6.0],"to":[10.042893,9.5,10.0],"faces":{"east":{"uv":[5.875,10.5625,6.125,10.875],"tintindex":0,"rotation":0,"texture":"#0"},"south":{"uv":[10.5625,6.0,10.8125,6.3125],"tintindex":0,"rotation":0,"texture":"#0"},"north":{"uv":[10.5625,3.4375,10.8125,3.75],"tintindex":0,"rotation":0,"texture":"#0"},"west":{"uv":[6.125,10.5625,6.375,10.875],"tintindex":0,"rotation":0,"texture":"#0"},"up":{"uv":[10.8125,8.4375,10.5625,8.1875],"tintindex":0,"rotation":0,"texture":"#0"},"down":{"uv":[10.875,1.4375,10.625,1.6875],"tintindex":0,"rotation":0,"texture":"#0"}},"rotation":{"origin":[8.042893,7.0,8.0],"angle":45.0,"axis":"y"}}],"display":{"gui":{"rotation":[30,225,0]}}}