{"textures":{"0":"modelengine:entity/deathangel"},"elements":[{"from":[5.8535533,-1.5,6.25],"to":[9.353554,4.5,9.75],"faces":{"east":{"uv":[2.25,10.5,2.46875,10.875],"tintindex":0,"rotation":0,"texture":"#0"},"south":{"uv":[2.5,10.5,2.71875,10.875],"tintindex":0,"rotation":0,"texture":"#0"},"north":{"uv":[2.0,10.5,2.21875,10.875],"tintindex":0,"rotation":0,"texture":"#0"},"west":{"uv":[10.5,4.9375,10.71875,5.3125],"tintindex":0,"rotation":0,"texture":"#0"},"up":{"uv":[10.84375,10.96875,10.625,10.75],"tintindex":0,"rotation":0,"texture":"#0"},"down":{"uv":[11.03125,0.0,10.8125,0.21875],"tintindex":0,"rotation":0,"texture":"#0"}},"rotation":{"origin":[7.6035533,1.5,8.0],"angle":-45.0,"axis":"y"}},{"from":[5.9571066,4.5,6.0],"to":[9.957107,9.5,10.0],"faces":{"east":{"uv":[6.375,10.5625,6.625,10.875],"tintindex":0,"rotation":0,"texture":"#0"},"south":{"uv":[6.625,10.5625,6.875,10.875],"tintindex":0,"rotation":0,"texture":"#0"},"north":{"uv":[10.5625,6.3125,10.8125,6.625],"tintindex":0,"rotation":0,"texture":"#0"},"west":{"uv":[7.75,10.5625,8.0,10.875],"tintindex":0,"rotation":0,"texture":"#0"},"up":{"uv":[4.4375,10.875,4.1875,10.625],"tintindex":0,"rotation":0,"texture":"#0"},"down":{"uv":[4.6875,10.625,4.4375,10.875],"tintindex":0,"rotation":0,"texture":"#0"}},"rotation":{"origin":[7.9571066,7.0,8.0],"angle":-45.0,"axis":"y"}},{"from":[5.9571066,-1.5,6.0],"to":[9.957107,4.5,10.0],"faces":{"east":{"uv":[8.375,10.3125,8.625,10.6875],"tintindex":0,"rotation":0,"texture":"#0"},"south":{"uv":[8.625,10.3125,8.875,10.6875],"tintindex":0,"rotation":0,"texture":"#0"},"north":{"uv":[10.3125,8.125,10.5625,8.5],"tintindex":0,"rotation":0,"texture":"#0"},"west":{"uv":[9.9375,10.3125,10.1875,10.6875],"tintindex":0,"rotation":0,"texture":"#0"},"up":{"uv":[10.875,1.9375,10.625,1.6875],"tintindex":0,"rotation":0,"texture":"#0"},"down":{"uv":[10.875,1.9375,10.625,2.1875],"tintindex":0,"rotation":0,"texture":"#0"}},"rotation":{"origin":[7.9571066,1.5,8.0],"angle":-45.0,"axis":"y"}},{"from":[5.8535533,-7.5,6.25],"to":[9.353554,-1.5,9.75],"faces":{"east":{"uv":[8.875,10.5,9.09375,10.875],"tintindex":0,"rotation":0,"texture":"#0"},"south":{"uv":[10.5625,0.0,10.78125,0.375],"tintindex":0,"rotation":0,"texture":"#0"},"north":{"uv":[10.5,5.3125,10.71875,5.6875],"tintindex":0,"rotation":0,"texture":"#0"},"west":{"uv":[10.5625,0.375,10.78125,0.75],"tintindex":0,"rotation":0,"texture":"#0"},"up":{"uv":[11.03125,0.46875,10.8125,0.25],"tintindex":0,"rotation":0,"texture":"#0"},"down":{"uv":[11.03125,0.5,10.8125,0.71875],"tintindex":0,"rotation":0,"texture":"#0"}},"rotation":{"origin":[7.6035533,-4.5,8.0],"angle":-45.0,"axis":"y"}},{"from":[5.7071066,4.25,5.75],"to":[10.207107,9.75,10.25],"faces":{"east":{"uv":[4.1875,10.25,4.46875,10.59375],"tintindex":0,"rotation":0,"texture":"#0"},"south":{"uv":[4.5,10.25,4.78125,10.59375],"tintindex":0,"rotation":0,"texture":"#0"},"north":{"uv":[8.0625,10.1875,8.34375,10.53125],"tintindex":0,"rotation":0,"texture":"#0"},"west":{"uv":[4.8125,10.25,5.09375,10.59375],"tintindex":0,"rotation":0,"texture":"#0"},"up":{"uv":[10.84375,3.09375,10.5625,2.8125],"tintindex":0,"rotation":0,"texture":"#0"},"down":{"uv":[10.84375,3.125,10.5625,3.40625],"tintindex":0,"rotation":0,"texture":"#0"}},"rotation":{"origin":[7.9571066,7.0,8.0],"angle":-45.0,"axis":"y"}}],"display":{"gui":{"rotation":[30,225,0]}}}