{"textures":{"0":"modelengine:entity/deathangel"},"elements":[{"from":[6.7928934,2.2928925,8.0],"to":[8.792893,8.292892,8.0],"faces":{"south":{"uv":[1.5,10.875,1.625,11.25],"tintindex":0,"rotation":0,"texture":"#0"},"north":{"uv":[1.875,10.875,1.75,11.25],"tintindex":0,"rotation":0,"texture":"#0"}},"rotation":{"origin":[7.7928934,5.2928925,8.0],"angle":-45.0,"axis":"z"}},{"from":[6.9393396,4.646446,7.75],"to":[7.9393396,6.646446,8.25],"faces":{"east":{"uv":[11.125,5.375,11.15625,5.5],"tintindex":0,"rotation":0,"texture":"#0"},"south":{"uv":[5.8125,11.0625,5.875,11.1875],"tintindex":0,"rotation":0,"texture":"#0"},"north":{"uv":[5.75,11.0625,5.8125,11.1875],"tintindex":0,"rotation":0,"texture":"#0"},"west":{"uv":[11.125,5.5,11.15625,5.625],"tintindex":0,"rotation":0,"texture":"#0"},"up":{"uv":[9.5,11.15625,9.4375,11.125],"tintindex":0,"rotation":0,"texture":"#0"},"down":{"uv":[11.1875,9.4375,11.125,9.46875],"tintindex":0,"rotation":0,"texture":"#0"}},"rotation":{"origin":[7.4393396,5.646446,8.0],"angle":-45.0,"axis":"z"}},{"from":[7.5,6.0,7.5],"to":[8.5,8.0,8.5],"faces":{"east":{"uv":[5.625,11.0625,5.6875,11.1875],"tintindex":0,"rotation":0,"texture":"#0"},"south":{"uv":[5.6875,11.0625,5.75,11.1875],"tintindex":0,"rotation":0,"texture":"#0"},"north":{"uv":[5.5625,11.0625,5.625,11.1875],"tintindex":0,"rotation":0,"texture":"#0"},"west":{"uv":[11.0625,5.6875,11.125,5.8125],"tintindex":0,"rotation":0,"texture":"#0"},"up":{"uv":[11.1875,5.3125,11.125,5.25],"tintindex":0,"rotation":0,"texture":"#0"},"down":{"uv":[11.1875,5.3125,11.125,5.375],"tintindex":0,"rotation":0,"texture":"#0"}}}],"display":{"gui":{"rotation":[30,225,0]}}}