{"textures":{"0":"modelengine:entity/deathangel"},"elements":[{"from":[8.06066,4.646446,7.75],"to":[9.06066,6.646446,8.25],"faces":{"east":{"uv":[11.0625,10.375,11.09375,10.5],"tintindex":0,"rotation":0,"texture":"#0"},"south":{"uv":[3.0,11.0625,3.0625,11.1875],"tintindex":0,"rotation":0,"texture":"#0"},"north":{"uv":[11.0625,2.9375,11.125,3.0625],"tintindex":0,"rotation":0,"texture":"#0"},"west":{"uv":[11.0625,10.5,11.09375,10.625],"tintindex":0,"rotation":0,"texture":"#0"},"up":{"uv":[11.1875,9.15625,11.125,9.125],"tintindex":0,"rotation":0,"texture":"#0"},"down":{"uv":[11.1875,9.1875,11.125,9.21875],"tintindex":0,"rotation":0,"texture":"#0"}},"rotation":{"origin":[8.56066,5.646446,8.0],"angle":45.0,"axis":"z"}},{"from":[7.5,6.0,7.5],"to":[8.5,8.0,8.5],"faces":{"east":{"uv":[11.0625,2.8125,11.125,2.9375],"tintindex":0,"rotation":0,"texture":"#0"},"south":{"uv":[2.875,11.0625,2.9375,11.1875],"tintindex":0,"rotation":0,"texture":"#0"},"north":{"uv":[2.8125,11.0625,2.875,11.1875],"tintindex":0,"rotation":0,"texture":"#0"},"west":{"uv":[2.9375,11.0625,3.0,11.1875],"tintindex":0,"rotation":0,"texture":"#0"},"up":{"uv":[10.4375,9.1875,10.375,9.125],"tintindex":0,"rotation":0,"texture":"#0"},"down":{"uv":[11.125,8.4375,11.0625,8.5],"tintindex":0,"rotation":0,"texture":"#0"}}},{"from":[7.2071066,2.2928925,8.0],"to":[9.207107,8.292892,8.0],"faces":{"south":{"uv":[10.8125,7.9375,10.9375,8.3125],"tintindex":0,"rotation":0,"texture":"#0"},"north":{"uv":[8.3125,10.8125,8.1875,11.1875],"tintindex":0,"rotation":0,"texture":"#0"}},"rotation":{"origin":[8.207107,5.2928925,8.0],"angle":45.0,"axis":"z"}}],"display":{"gui":{"rotation":[30,225,0]}}}