{"textures":{"0":"modelengine:entity/deathangel"},"elements":[{"from":[7.5,6.0,7.5],"to":[8.5,8.0,8.5],"faces":{"east":{"uv":[11.0625,4.9375,11.125,5.0625],"tintindex":0,"rotation":0,"texture":"#0"},"south":{"uv":[11.0625,5.0625,11.125,5.1875],"tintindex":0,"rotation":0,"texture":"#0"},"north":{"uv":[11.0625,4.1875,11.125,4.3125],"tintindex":0,"rotation":0,"texture":"#0"},"west":{"uv":[11.0625,5.1875,11.125,5.3125],"tintindex":0,"rotation":0,"texture":"#0"},"up":{"uv":[11.1875,3.4375,11.125,3.375],"tintindex":0,"rotation":0,"texture":"#0"},"down":{"uv":[11.1875,4.9375,11.125,5.0],"tintindex":0,"rotation":0,"texture":"#0"}}},{"from":[6.7928934,2.2928925,8.0],"to":[8.792893,8.292892,8.0],"faces":{"south":{"uv":[10.1875,10.8125,10.3125,11.1875],"tintindex":0,"rotation":0,"texture":"#0"},"north":{"uv":[1.875,10.875,1.75,11.25],"tintindex":0,"rotation":0,"texture":"#0"}},"rotation":{"origin":[7.7928934,5.2928925,8.0],"angle":-45.0,"axis":"z"}},{"from":[6.9393396,4.646446,7.75],"to":[7.9393396,6.646446,8.25],"faces":{"east":{"uv":[11.125,5.0,11.15625,5.125],"tintindex":0,"rotation":0,"texture":"#0"},"south":{"uv":[5.5,11.0625,5.5625,11.1875],"tintindex":0,"rotation":0,"texture":"#0"},"north":{"uv":[11.0625,5.3125,11.125,5.4375],"tintindex":0,"rotation":0,"texture":"#0"},"west":{"uv":[11.125,5.125,11.15625,5.25],"tintindex":0,"rotation":0,"texture":"#0"},"up":{"uv":[9.4375,11.15625,9.375,11.125],"tintindex":0,"rotation":0,"texture":"#0"},"down":{"uv":[11.1875,9.375,11.125,9.40625],"tintindex":0,"rotation":0,"texture":"#0"}},"rotation":{"origin":[7.4393396,5.646446,8.0],"angle":-45.0,"axis":"z"}}],"display":{"gui":{"rotation":[30,225,0]}}}