{"textures":{"0":"modelengine:entity/deathangel"},"elements":[{"from":[2.1460123,7.5466805,7.75],"to":[3.6460123,9.54668,8.25],"faces":{"east":{"uv":[11.125,3.5625,11.15625,3.6875],"tintindex":0,"rotation":0,"texture":"#0"},"south":{"uv":[9.375,11.0,9.46875,11.125],"tintindex":0,"rotation":0,"texture":"#0"},"north":{"uv":[9.25,11.0,9.34375,11.125],"tintindex":0,"rotation":0,"texture":"#0"},"west":{"uv":[11.125,3.9375,11.15625,4.0625],"tintindex":0,"rotation":0,"texture":"#0"},"up":{"uv":[11.21875,7.96875,11.125,7.9375],"tintindex":0,"rotation":0,"texture":"#0"},"down":{"uv":[11.21875,8.0,11.125,8.03125],"tintindex":0,"rotation":0,"texture":"#0"}},"rotation":{"origin":[2.8960123,8.54668,8.0],"angle":22.5,"axis":"z"}},{"from":[2.823223,6.762562,7.525],"to":[4.823223,8.262562,8.475],"faces":{"east":{"uv":[11.0625,7.0625,11.125,7.15625],"tintindex":0,"rotation":0,"texture":"#0"},"south":{"uv":[11.0,8.875,11.125,8.96875],"tintindex":0,"rotation":0,"texture":"#0"},"north":{"uv":[11.0,8.75,11.125,8.84375],"tintindex":0,"rotation":0,"texture":"#0"},"west":{"uv":[11.0625,7.75,11.125,7.84375],"tintindex":0,"rotation":0,"texture":"#0"},"up":{"uv":[10.6875,4.0,10.5625,3.9375],"tintindex":0,"rotation":0,"texture":"#0"},"down":{"uv":[11.125,6.5,11.0,6.5625],"tintindex":0,"rotation":0,"texture":"#0"}},"rotation":{"origin":[3.823223,7.512562,8.0],"angle":45.0,"axis":"z"}},{"from":[4.0,7.25,7.5],"to":[8.0,8.75,8.5],"faces":{"east":{"uv":[11.0625,6.8125,11.125,6.90625],"tintindex":0,"rotation":0,"texture":"#0"},"south":{"uv":[7.75,10.875,8.0,10.96875],"tintindex":0,"rotation":0,"texture":"#0"},"north":{"uv":[10.875,7.625,11.125,7.71875],"tintindex":0,"rotation":0,"texture":"#0"},"west":{"uv":[11.0625,6.9375,11.125,7.03125],"tintindex":0,"rotation":0,"texture":"#0"},"up":{"uv":[11.125,3.4375,10.875,3.375],"tintindex":0,"rotation":0,"texture":"#0"},"down":{"uv":[11.1875,3.875,10.9375,3.9375],"tintindex":0,"rotation":0,"texture":"#0"}}},{"from":[1.8204193,9.183544,7.775],"to":[3.3204193,11.183544,8.225],"faces":{"east":{"uv":[11.125,4.0625,11.15625,4.1875],"tintindex":0,"rotation":0,"texture":"#0"},"south":{"uv":[9.625,11.0,9.71875,11.125],"tintindex":0,"rotation":0,"texture":"#0"},"north":{"uv":[9.5,11.0,9.59375,11.125],"tintindex":0,"rotation":0,"texture":"#0"},"west":{"uv":[11.125,4.1875,11.15625,4.3125],"tintindex":0,"rotation":0,"texture":"#0"},"up":{"uv":[11.21875,8.09375,11.125,8.0625],"tintindex":0,"rotation":0,"texture":"#0"},"down":{"uv":[11.21875,8.125,11.125,8.15625],"tintindex":0,"rotation":0,"texture":"#0"}}},{"from":[2.5863066,10.53392,8.0],"to":[5.0863066,15.03392,8.0],"faces":{"south":{"uv":[1.875,10.875,2.03125,11.15625],"tintindex":0,"rotation":0,"texture":"#0"},"north":{"uv":[10.875,1.8125,11.03125,2.09375],"tintindex":0,"rotation":0,"texture":"#0"}},"rotation":{"origin":[3.8363066,12.78392,8.0],"angle":-22.5,"axis":"z"}}],"display":{"gui":{"rotation":[30,225,0]}}}