{"textures":{"0":"modelengine:entity/deathangel"},"elements":[{"from":[2.1460123,7.5466805,7.75],"to":[3.6460123,9.54668,8.25],"faces":{"east":{"uv":[11.125,2.8125,11.15625,2.9375],"tintindex":0,"rotation":0,"texture":"#0"},"south":{"uv":[11.0,6.625,11.09375,6.75],"tintindex":0,"rotation":0,"texture":"#0"},"north":{"uv":[11.0,6.375,11.09375,6.5],"tintindex":0,"rotation":0,"texture":"#0"},"west":{"uv":[11.125,2.9375,11.15625,3.0625],"tintindex":0,"rotation":0,"texture":"#0"},"up":{"uv":[11.21875,7.71875,11.125,7.6875],"tintindex":0,"rotation":0,"texture":"#0"},"down":{"uv":[11.21875,7.75,11.125,7.78125],"tintindex":0,"rotation":0,"texture":"#0"}},"rotation":{"origin":[2.8960123,8.54668,8.0],"angle":22.5,"axis":"z"}},{"from":[2.823223,6.762562,7.525],"to":[4.823223,8.262562,8.475],"faces":{"east":{"uv":[6.6875,11.0625,6.75,11.15625],"tintindex":0,"rotation":0,"texture":"#0"},"south":{"uv":[11.0,5.5625,11.125,5.65625],"tintindex":0,"rotation":0,"texture":"#0"},"north":{"uv":[11.0,5.4375,11.125,5.53125],"tintindex":0,"rotation":0,"texture":"#0"},"west":{"uv":[6.75,11.0625,6.8125,11.15625],"tintindex":0,"rotation":0,"texture":"#0"},"up":{"uv":[10.125,1.5,10.0,1.4375],"tintindex":0,"rotation":0,"texture":"#0"},"down":{"uv":[6.0,10.5,5.875,10.5625],"tintindex":0,"rotation":0,"texture":"#0"}},"rotation":{"origin":[3.823223,7.512562,8.0],"angle":45.0,"axis":"z"}},{"from":[4.0,7.25,7.5],"to":[8.0,8.75,8.5],"faces":{"east":{"uv":[6.5625,11.0625,6.625,11.15625],"tintindex":0,"rotation":0,"texture":"#0"},"south":{"uv":[10.875,7.5,11.125,7.59375],"tintindex":0,"rotation":0,"texture":"#0"},"north":{"uv":[7.5,10.875,7.75,10.96875],"tintindex":0,"rotation":0,"texture":"#0"},"west":{"uv":[6.625,11.0625,6.6875,11.15625],"tintindex":0,"rotation":0,"texture":"#0"},"up":{"uv":[10.0,1.5,9.75,1.4375],"tintindex":0,"rotation":0,"texture":"#0"},"down":{"uv":[10.8125,8.4375,10.5625,8.5],"tintindex":0,"rotation":0,"texture":"#0"}}},{"from":[1.8204193,9.183544,7.775],"to":[3.3204193,11.183544,8.225],"faces":{"east":{"uv":[11.125,3.0625,11.15625,3.1875],"tintindex":0,"rotation":0,"texture":"#0"},"south":{"uv":[7.8125,11.0,7.90625,11.125],"tintindex":0,"rotation":0,"texture":"#0"},"north":{"uv":[7.6875,11.0,7.78125,11.125],"tintindex":0,"rotation":0,"texture":"#0"},"west":{"uv":[11.125,3.1875,11.15625,3.3125],"tintindex":0,"rotation":0,"texture":"#0"},"up":{"uv":[7.90625,11.15625,7.8125,11.125],"tintindex":0,"rotation":0,"texture":"#0"},"down":{"uv":[11.21875,7.8125,11.125,7.84375],"tintindex":0,"rotation":0,"texture":"#0"}}},{"from":[2.5863066,10.53392,8.0],"to":[5.0863066,15.03392,8.0],"faces":{"south":{"uv":[10.875,0.75,11.03125,1.03125],"tintindex":0,"rotation":0,"texture":"#0"},"north":{"uv":[10.8125,3.4375,10.96875,3.71875],"tintindex":0,"rotation":0,"texture":"#0"}},"rotation":{"origin":[3.8363066,12.78392,8.0],"angle":-22.5,"axis":"z"}}],"display":{"gui":{"rotation":[30,225,0]}}}