{"textures":{"0":"modelengine:entity/deathangel"},"elements":[{"from":[7.797777,16.93354,3.0],"to":[8.097777,17.30854,11.0],"faces":{"east":{"uv":[11.0,1.6875,11.5,1.71875],"tintindex":0,"rotation":0,"texture":"#0"},"south":{"uv":[11.125,9.8125,11.15625,9.84375],"tintindex":0,"rotation":0,"texture":"#0"},"north":{"uv":[11.125,9.75,11.15625,9.78125],"tintindex":0,"rotation":0,"texture":"#0"},"west":{"uv":[11.0,1.75,11.5,1.78125],"tintindex":0,"rotation":0,"texture":"#0"},"up":{"uv":[11.03125,5.4375,11.0,4.9375],"tintindex":0,"rotation":0,"texture":"#0"},"down":{"uv":[7.53125,11.0,7.5,11.5],"tintindex":0,"rotation":0,"texture":"#0"}},"rotation":{"origin":[7.9477773,17.12104,7.0],"angle":-22.5,"axis":"z"}},{"from":[8.64001,10.580296,3.0],"to":[9.64001,16.580296,11.0],"faces":{"east":{"uv":[9.9375,9.9375,10.4375,10.3125],"tintindex":0,"rotation":0,"texture":"#0"},"south":{"uv":[9.0625,10.875,9.125,11.25],"tintindex":0,"rotation":0,"texture":"#0"},"north":{"uv":[9.0,10.875,9.0625,11.25],"tintindex":0,"rotation":0,"texture":"#0"},"west":{"uv":[6.0,10.0,6.5,10.375],"tintindex":0,"rotation":0,"texture":"#0"},"up":{"uv":[10.375,11.3125,10.3125,10.8125],"tintindex":0,"rotation":0,"texture":"#0"},"down":{"uv":[4.6875,10.875,4.625,11.375],"tintindex":0,"rotation":0,"texture":"#0"}},"rotation":{"origin":[9.14001,13.580296,7.0],"angle":22.5,"axis":"z"}},{"from":[6.25,11.0,3.025],"to":[9.75,15.0,10.975],"faces":{"east":{"uv":[9.9375,0.9375,10.4375,1.1875],"tintindex":0,"rotation":0,"texture":"#0"},"south":{"uv":[10.625,8.75,10.84375,9.0],"tintindex":0,"rotation":0,"texture":"#0"},"north":{"uv":[10.625,7.5,10.84375,7.75],"tintindex":0,"rotation":0,"texture":"#0"},"west":{"uv":[10.125,7.5,10.625,7.75],"tintindex":0,"rotation":0,"texture":"#0"},"up":{"uv":[4.15625,10.6875,3.9375,10.1875],"tintindex":0,"rotation":0,"texture":"#0"},"down":{"uv":[10.40625,4.0,10.1875,4.5],"tintindex":0,"rotation":0,"texture":"#0"}}},{"from":[6.35999,10.580296,3.0],"to":[7.35999,16.580296,11.0],"faces":{"east":{"uv":[9.9375,9.1875,10.4375,9.5625],"tintindex":0,"rotation":0,"texture":"#0"},"south":{"uv":[6.8125,10.875,6.875,11.25],"tintindex":0,"rotation":0,"texture":"#0"},"north":{"uv":[6.9375,8.625,7.0,9.0],"tintindex":0,"rotation":0,"texture":"#0"},"west":{"uv":[9.9375,9.5625,10.4375,9.9375],"tintindex":0,"rotation":0,"texture":"#0"},"up":{"uv":[9.625,3.125,9.5625,2.625],"tintindex":0,"rotation":0,"texture":"#0"},"down":{"uv":[7.25,10.8125,7.1875,11.3125],"tintindex":0,"rotation":0,"texture":"#0"}},"rotation":{"origin":[6.85999,13.580296,7.0],"angle":-22.5,"axis":"z"}},{"from":[7.622741,16.428577,3.0],"to":[8.122742,16.928577,11.0],"faces":{"east":{"uv":[11.0,1.4375,11.5,1.46875],"tintindex":0,"rotation":0,"texture":"#0"},"south":{"uv":[11.125,9.625,11.15625,9.65625],"tintindex":0,"rotation":0,"texture":"#0"},"north":{"uv":[9.625,11.125,9.65625,11.15625],"tintindex":0,"rotation":0,"texture":"#0"},"west":{"uv":[11.0,1.5,11.5,1.53125],"tintindex":0,"rotation":0,"texture":"#0"},"up":{"uv":[10.40625,11.4375,10.375,10.9375],"tintindex":0,"rotation":0,"texture":"#0"},"down":{"uv":[10.46875,10.9375,10.4375,11.4375],"tintindex":0,"rotation":0,"texture":"#0"}},"rotation":{"origin":[7.872741,16.678577,7.0],"angle":-22.5,"axis":"z"}},{"from":[7.9022226,16.93354,3.0],"to":[8.202223,17.30854,11.0],"faces":{"east":{"uv":[11.0,3.4375,11.5,3.46875],"tintindex":0,"rotation":0,"texture":"#0"},"south":{"uv":[9.9375,11.125,9.96875,11.15625],"tintindex":0,"rotation":0,"texture":"#0"},"north":{"uv":[11.125,9.875,11.15625,9.90625],"tintindex":0,"rotation":0,"texture":"#0"},"west":{"uv":[11.0,3.5,11.5,3.53125],"tintindex":0,"rotation":0,"texture":"#0"},"up":{"uv":[7.59375,11.5,7.5625,11.0],"tintindex":0,"rotation":0,"texture":"#0"},"down":{"uv":[7.65625,11.0,7.625,11.5],"tintindex":0,"rotation":0,"texture":"#0"}},"rotation":{"origin":[8.052222,17.12104,7.0],"angle":22.5,"axis":"z"}},{"from":[7.877259,16.428577,3.0],"to":[8.377258,16.928577,11.0],"faces":{"east":{"uv":[11.0,1.5625,11.5,1.59375],"tintindex":0,"rotation":0,"texture":"#0"},"south":{"uv":[11.125,9.6875,11.15625,9.71875],"tintindex":0,"rotation":0,"texture":"#0"},"north":{"uv":[9.6875,11.125,9.71875,11.15625],"tintindex":0,"rotation":0,"texture":"#0"},"west":{"uv":[11.0,1.625,11.5,1.65625],"tintindex":0,"rotation":0,"texture":"#0"},"up":{"uv":[10.53125,11.4375,10.5,10.9375],"tintindex":0,"rotation":0,"texture":"#0"},"down":{"uv":[10.59375,10.9375,10.5625,11.4375],"tintindex":0,"rotation":0,"texture":"#0"}},"rotation":{"origin":[8.127258,16.678577,7.0],"angle":22.5,"axis":"z"}},{"from":[5.25,8.0,3.0],"to":[10.75,11.0,11.0],"faces":{"east":{"uv":[10.1875,5.6875,10.6875,5.875],"tintindex":0,"rotation":0,"texture":"#0"},"south":{"uv":[10.5625,7.75,10.90625,7.9375],"tintindex":0,"rotation":0,"texture":"#0"},"north":{"uv":[10.5625,3.75,10.90625,3.9375],"tintindex":0,"rotation":0,"texture":"#0"},"west":{"uv":[10.3125,8.5,10.8125,8.6875],"tintindex":0,"rotation":0,"texture":"#0"},"up":{"uv":[6.96875,8.625,6.625,8.125],"tintindex":0,"rotation":0,"texture":"#0"},"down":{"uv":[9.21875,10.0,8.875,10.5],"tintindex":0,"rotation":0,"texture":"#0"}}}],"display":{"gui":{"rotation":[30,225,0]}}}