{"textures":{"0":"modelengine:entity/deathangel"},"elements":[{"from":[6.40901,-7.0,4.15901],"to":[6.40901,8.0,8.65901],"faces":{"east":{"uv":[5.3125,8.3125,5.875,10.1875],"tintindex":0,"rotation":0,"texture":"#0"},"south":{"uv":[9.0,4.25,8.4375,6.125],"tintindex":0,"rotation":0,"texture":"#0"},"north":{"uv":[5.3125,8.3125,4.75,10.1875],"tintindex":0,"rotation":0,"texture":"#0"},"west":{"uv":[5.875,8.3125,5.3125,10.1875],"tintindex":0,"rotation":0,"texture":"#0"},"up":{"uv":[9.625,5.4375,10.1875,4.875],"tintindex":0,"rotation":0,"texture":"#0"},"down":{"uv":[9.625,5.4375,10.1875,6.0],"tintindex":0,"rotation":0,"texture":"#0"}},"rotation":{"origin":[6.40901,0.5,6.40901],"angle":-45.0,"axis":"y"}},{"from":[5.5991116,-7.0,5.6875],"to":[10.224112,8.0,10.3125],"faces":{"east":{"uv":[7.8125,6.125,8.40625,8.0],"tintindex":0,"rotation":0,"texture":"#0"},"south":{"uv":[7.8125,8.0,8.40625,9.875],"tintindex":0,"rotation":0,"texture":"#0"},"north":{"uv":[7.8125,4.25,8.40625,6.125],"tintindex":0,"rotation":0,"texture":"#0"},"west":{"uv":[6.0,8.125,6.59375,10.0],"tintindex":0,"rotation":0,"texture":"#0"},"up":{"uv":[9.59375,8.09375,9.0,7.5],"tintindex":0,"rotation":0,"texture":"#0"},"down":{"uv":[9.59375,8.125,9.0,8.71875],"tintindex":0,"rotation":0,"texture":"#0"}},"rotation":{"origin":[7.9116116,0.5,8.0],"angle":-45.0,"axis":"y"}},{"from":[4.15901,-7.0,9.59099],"to":[8.65901,8.0,9.59099],"faces":{"east":{"uv":[5.3125,8.3125,5.875,10.1875],"tintindex":0,"rotation":0,"texture":"#0"},"south":{"uv":[9.0,4.25,8.4375,6.125],"tintindex":0,"rotation":0,"texture":"#0"},"north":{"uv":[8.4375,4.25,9.0,6.125],"tintindex":0,"rotation":0,"texture":"#0"},"west":{"uv":[5.875,8.3125,5.3125,10.1875],"tintindex":0,"rotation":0,"texture":"#0"},"up":{"uv":[9.625,5.4375,10.1875,4.875],"tintindex":0,"rotation":0,"texture":"#0"},"down":{"uv":[9.625,5.4375,10.1875,6.0],"tintindex":0,"rotation":0,"texture":"#0"}},"rotation":{"origin":[6.40901,0.5,9.59099],"angle":-45.0,"axis":"y"}}],"display":{"gui":{"rotation":[30,225,0]}}}