{"textures":{"0":"modelengine:entity/deathangel"},"elements":[{"from":[5.7758884,-7.0,5.6875],"to":[10.400888,8.0,10.3125],"faces":{"east":{"uv":[0.625,8.3125,1.21875,10.1875],"tintindex":0,"rotation":0,"texture":"#0"},"south":{"uv":[1.25,8.3125,1.84375,10.1875],"tintindex":0,"rotation":0,"texture":"#0"},"north":{"uv":[0.0,8.3125,0.59375,10.1875],"tintindex":0,"rotation":0,"texture":"#0"},"west":{"uv":[1.875,8.3125,2.46875,10.1875],"tintindex":0,"rotation":0,"texture":"#0"},"up":{"uv":[9.59375,9.34375,9.0,8.75],"tintindex":0,"rotation":0,"texture":"#0"},"down":{"uv":[9.59375,9.375,9.0,9.96875],"tintindex":0,"rotation":0,"texture":"#0"}},"rotation":{"origin":[8.088388,0.5,8.0],"angle":45.0,"axis":"y"}},{"from":[9.59099,-7.0,4.15901],"to":[9.59099,8.0,8.65901],"faces":{"east":{"uv":[5.3125,8.3125,5.875,10.1875],"tintindex":0,"rotation":0,"texture":"#0"},"south":{"uv":[8.4375,4.25,9.0,6.125],"tintindex":0,"rotation":0,"texture":"#0"},"north":{"uv":[4.75,8.3125,5.3125,10.1875],"tintindex":0,"rotation":0,"texture":"#0"},"west":{"uv":[5.875,8.3125,5.3125,10.1875],"tintindex":0,"rotation":0,"texture":"#0"},"up":{"uv":[10.1875,5.4375,9.625,4.875],"tintindex":0,"rotation":0,"texture":"#0"},"down":{"uv":[10.1875,5.4375,9.625,6.0],"tintindex":0,"rotation":0,"texture":"#0"}},"rotation":{"origin":[9.59099,0.5,6.40901],"angle":45.0,"axis":"y"}},{"from":[7.34099,-7.0,9.59099],"to":[11.84099,8.0,9.59099],"faces":{"east":{"uv":[5.3125,8.3125,5.875,10.1875],"tintindex":0,"rotation":0,"texture":"#0"},"south":{"uv":[8.4375,4.25,9.0,6.125],"tintindex":0,"rotation":0,"texture":"#0"},"north":{"uv":[9.0,4.25,8.4375,6.125],"tintindex":0,"rotation":0,"texture":"#0"},"west":{"uv":[5.875,8.3125,5.3125,10.1875],"tintindex":0,"rotation":0,"texture":"#0"},"up":{"uv":[10.1875,5.4375,9.625,4.875],"tintindex":0,"rotation":0,"texture":"#0"},"down":{"uv":[10.1875,5.4375,9.625,6.0],"tintindex":0,"rotation":0,"texture":"#0"}},"rotation":{"origin":[9.59099,0.5,9.59099],"angle":45.0,"axis":"y"}}],"display":{"gui":{"rotation":[30,225,0]}}}