{"textures":{"0":"modelengine:entity/deathangel"},"elements":[{"from":[7.625,7.625,-4.25],"to":[8.375,8.375,13.25],"faces":{"east":{"uv":[9.75,1.1875,11.9375,1.28125],"tintindex":0,"rotation":0,"texture":"#0"},"south":{"uv":[0.4375,11.0625,0.53125,11.15625],"tintindex":0,"rotation":0,"texture":"#0"},"north":{"uv":[11.0625,0.375,11.15625,0.46875],"tintindex":0,"rotation":0,"texture":"#0"},"west":{"uv":[9.75,1.3125,11.9375,1.40625],"tintindex":0,"rotation":0,"texture":"#0"},"up":{"uv":[5.96875,10.5,5.875,8.3125],"tintindex":0,"rotation":0,"texture":"#0"},"down":{"uv":[9.90625,8.75,9.8125,10.9375],"tintindex":0,"rotation":0,"texture":"#0"}}},{"from":[7.125,9.448598,-10.66007],"to":[8.875,11.198599,-8.91007],"faces":{"east":{"uv":[10.6875,9.875,10.90625,10.09375],"tintindex":0,"rotation":0,"texture":"#0"},"south":{"uv":[9.9375,10.6875,10.15625,10.90625],"tintindex":0,"rotation":0,"texture":"#0"},"north":{"uv":[10.6875,9.625,10.90625,9.84375],"tintindex":0,"rotation":0,"texture":"#0"},"west":{"uv":[10.375,10.6875,10.59375,10.90625],"tintindex":0,"rotation":0,"texture":"#0"},"up":{"uv":[10.96875,5.15625,10.75,4.9375],"tintindex":0,"rotation":0,"texture":"#0"},"down":{"uv":[10.96875,5.1875,10.75,5.40625],"tintindex":0,"rotation":0,"texture":"#0"}},"rotation":{"origin":[8.0,10.323598,-9.78507],"angle":-22.5,"axis":"x"}},{"from":[7.625,8.840176,-10.359102],"to":[8.375,9.590176,-3.8591022],"faces":{"east":{"uv":[10.4375,1.0625,11.25,1.15625],"tintindex":0,"rotation":0,"texture":"#0"},"south":{"uv":[0.5625,11.0625,0.65625,11.15625],"tintindex":0,"rotation":0,"texture":"#0"},"north":{"uv":[11.0625,0.5,11.15625,0.59375],"tintindex":0,"rotation":0,"texture":"#0"},"west":{"uv":[10.4375,4.375,11.25,4.46875],"tintindex":0,"rotation":0,"texture":"#0"},"up":{"uv":[9.21875,11.3125,9.125,10.5],"tintindex":0,"rotation":0,"texture":"#0"},"down":{"uv":[6.96875,10.5625,6.875,11.375],"tintindex":0,"rotation":0,"texture":"#0"}},"rotation":{"origin":[8.0,9.215176,-7.1091022],"angle":22.5,"axis":"x"}},{"from":[7.375,7.375,12.396446],"to":[8.625,8.625,13.646446],"faces":{"east":{"uv":[6.25,10.875,6.40625,11.03125],"tintindex":0,"rotation":0,"texture":"#0"},"south":{"uv":[6.4375,10.875,6.59375,11.03125],"tintindex":0,"rotation":0,"texture":"#0"},"north":{"uv":[6.0625,10.875,6.21875,11.03125],"tintindex":0,"rotation":0,"texture":"#0"},"west":{"uv":[6.625,10.875,6.78125,11.03125],"tintindex":0,"rotation":0,"texture":"#0"},"up":{"uv":[11.03125,6.96875,10.875,6.8125],"tintindex":0,"rotation":0,"texture":"#0"},"down":{"uv":[11.03125,7.0,10.875,7.15625],"tintindex":0,"rotation":0,"texture":"#0"}},"rotation":{"origin":[8.0,8.0,13.021446],"angle":-45.0,"axis":"x"}},{"from":[7.625,7.0257664,-11.347748],"to":[8.375,10.275766,-10.597748],"faces":{"east":{"uv":[4.375,10.875,4.46875,11.28125],"tintindex":0,"rotation":0,"texture":"#0"},"south":{"uv":[4.5,10.875,4.59375,11.28125],"tintindex":0,"rotation":0,"texture":"#0"},"north":{"uv":[2.625,10.875,2.71875,11.28125],"tintindex":0,"rotation":0,"texture":"#0"},"west":{"uv":[4.875,10.875,4.96875,11.28125],"tintindex":0,"rotation":0,"texture":"#0"},"up":{"uv":[11.15625,0.71875,11.0625,0.625],"tintindex":0,"rotation":0,"texture":"#0"},"down":{"uv":[0.78125,11.0625,0.6875,11.15625],"tintindex":0,"rotation":0,"texture":"#0"}},"rotation":{"origin":[8.0,8.650766,-10.972748],"angle":22.5,"axis":"x"}},{"from":[8.0,5.125,13.328427],"to":[8.0,10.875,19.078426],"faces":{"east":{"uv":[9.71875,0.75,9.0,1.46875],"tintindex":0,"rotation":0,"texture":"#0"},"west":{"uv":[9.0,0.75,9.71875,1.46875],"tintindex":0,"rotation":0,"texture":"#0"}},"rotation":{"origin":[8.0,8.0,16.203426],"angle":-45.0,"axis":"x"}},{"from":[7.375,9.198598,-10.91007],"to":[8.625,11.448599,-8.6600685],"faces":{"east":{"uv":[10.5625,2.1875,10.84375,2.46875],"tintindex":0,"rotation":0,"texture":"#0"},"south":{"uv":[10.875,2.125,11.03125,2.40625],"tintindex":0,"rotation":0,"texture":"#0"},"north":{"uv":[2.0625,10.875,2.21875,11.15625],"tintindex":0,"rotation":0,"texture":"#0"},"west":{"uv":[10.5625,2.5,10.84375,2.78125],"tintindex":0,"rotation":0,"texture":"#0"},"up":{"uv":[2.40625,11.15625,2.25,10.875],"tintindex":0,"rotation":0,"texture":"#0"},"down":{"uv":[2.59375,10.875,2.4375,11.15625],"tintindex":0,"rotation":0,"texture":"#0"}},"rotation":{"origin":[8.0,10.323598,-9.78507],"angle":-22.5,"axis":"x"}},{"from":[8.0,-7.5308037,-13.563351],"to":[8.0,11.219196,-7.3133516],"faces":{"east":{"uv":[7.78125,6.625,7.0,8.96875],"tintindex":0,"rotation":0,"texture":"#0"},"west":{"uv":[7.0,6.625,7.78125,8.96875],"tintindex":0,"rotation":0,"texture":"#0"}}},{"from":[8.0,10.108151,-9.991421],"to":[8.0,15.8581505,-6.7414217],"faces":{"east":{"uv":[9.625,6.0,10.03125,6.71875],"tintindex":0,"rotation":0,"texture":"#0"},"west":{"uv":[6.625,9.625,7.03125,10.34375],"tintindex":0,"rotation":0,"texture":"#0"}},"rotation":{"origin":[8.0,12.9831505,-8.366421],"angle":22.5,"axis":"x"}}],"display":{"gui":{"rotation":[30,225,0]}}}