{"textures":{"0":"modelengine:entity/deathangel"},"elements":[{"from":[10.82261,6.552807,7.625],"to":[12.82261,7.302807,8.375],"faces":{"east":{"uv":[1.3125,11.0625,1.40625,11.15625],"tintindex":0,"rotation":0,"texture":"#0"},"south":{"uv":[10.9375,6.25,11.1875,6.34375],"tintindex":0,"rotation":0,"texture":"#0"},"north":{"uv":[10.9375,3.75,11.1875,3.84375],"tintindex":0,"rotation":0,"texture":"#0"},"west":{"uv":[11.0625,1.8125,11.15625,1.90625],"tintindex":0,"rotation":0,"texture":"#0"},"up":{"uv":[11.1875,7.28125,10.9375,7.1875],"tintindex":0,"rotation":0,"texture":"#0"},"down":{"uv":[11.1875,7.3125,10.9375,7.40625],"tintindex":0,"rotation":0,"texture":"#0"}},"rotation":{"origin":[11.82261,6.927807,8.0],"angle":22.5,"axis":"z"}},{"from":[4.8899956,-4.8404465,7.95],"to":[12.889996,10.659554,8.0],"faces":{"east":{"uv":[4.75,10.625,4.78125,12.5625],"tintindex":0,"rotation":0,"texture":"#0"},"south":{"uv":[5.0,6.375,6.0,8.3125],"tintindex":0,"rotation":0,"texture":"#0"},"north":{"uv":[4.0,6.375,5.0,8.3125],"tintindex":0,"rotation":0,"texture":"#0"},"west":{"uv":[4.8125,10.625,4.84375,12.5625],"tintindex":0,"rotation":0,"texture":"#0"},"up":{"uv":[11.6875,10.21875,10.6875,10.1875],"tintindex":0,"rotation":0,"texture":"#0"},"down":{"uv":[11.8125,6.5625,10.8125,6.59375],"tintindex":0,"rotation":0,"texture":"#0"}}},{"from":[12.551224,7.0314217,7.6375],"to":[13.301224,9.031422,8.3625],"faces":{"east":{"uv":[10.9375,8.0,11.03125,8.25],"tintindex":0,"rotation":0,"texture":"#0"},"south":{"uv":[10.9375,8.25,11.03125,8.5],"tintindex":0,"rotation":0,"texture":"#0"},"north":{"uv":[10.9375,7.75,11.03125,8.0],"tintindex":0,"rotation":0,"texture":"#0"},"west":{"uv":[8.375,10.9375,8.46875,11.1875],"tintindex":0,"rotation":0,"texture":"#0"},"up":{"uv":[11.15625,2.03125,11.0625,1.9375],"tintindex":0,"rotation":0,"texture":"#0"},"down":{"uv":[11.15625,2.0625,11.0625,2.15625],"tintindex":0,"rotation":0,"texture":"#0"}},"rotation":{"origin":[12.926224,8.031422,8.0],"angle":-22.5,"axis":"z"}},{"from":[12.551224,8.592167,7.6],"to":[13.301224,10.592167,8.35],"faces":{"east":{"uv":[8.625,10.9375,8.71875,11.1875],"tintindex":0,"rotation":0,"texture":"#0"},"south":{"uv":[8.75,10.9375,8.84375,11.1875],"tintindex":0,"rotation":0,"texture":"#0"},"north":{"uv":[8.5,10.9375,8.59375,11.1875],"tintindex":0,"rotation":0,"texture":"#0"},"west":{"uv":[10.9375,9.125,11.03125,9.375],"tintindex":0,"rotation":0,"texture":"#0"},"up":{"uv":[11.15625,2.28125,11.0625,2.1875],"tintindex":0,"rotation":0,"texture":"#0"},"down":{"uv":[11.15625,2.3125,11.0625,2.40625],"tintindex":0,"rotation":0,"texture":"#0"}},"rotation":{"origin":[12.926224,9.592167,7.975],"angle":22.5,"axis":"z"}},{"from":[4.8899956,-4.8404465,7.975],"to":[12.889996,10.659554,7.975],"faces":{"south":{"uv":[3.0,6.375,4.0,8.3125],"tintindex":0,"rotation":0,"texture":"#0"},"north":{"uv":[2.0,6.375,3.0,8.3125],"tintindex":0,"rotation":0,"texture":"#0"}}},{"from":[7.8667893,6.830303,7.5],"to":[11.366789,7.830303,8.5],"faces":{"east":{"uv":[10.4375,0.9375,10.5625,1.0625],"tintindex":0,"rotation":0,"texture":"#0"},"south":{"uv":[10.625,10.625,11.0625,10.75],"tintindex":0,"rotation":0,"texture":"#0"},"north":{"uv":[10.625,10.5,11.0625,10.625],"tintindex":0,"rotation":0,"texture":"#0"},"west":{"uv":[11.0,3.5625,11.125,3.6875],"tintindex":0,"rotation":0,"texture":"#0"},"up":{"uv":[11.125,4.0625,10.6875,3.9375],"tintindex":0,"rotation":0,"texture":"#0"},"down":{"uv":[11.125,4.0625,10.6875,4.1875],"tintindex":0,"rotation":0,"texture":"#0"}},"rotation":{"origin":[9.616789,7.330303,8.0],"angle":-22.5,"axis":"z"}}],"display":{"gui":{"rotation":[30,225,0]}}}