{"textures":{"0":"modelengine:entity/minotaur"},"elements":[{"from":[12.533334,7.4,-11.666668],"to":[14.400001,8.400001,-5.6000004],"faces":{"east":{"uv":[12.0625,1.5,13.1875,1.6875],"tintindex":0,"rotation":0,"texture":"#0"},"south":{"uv":[13.875,11.1875,14.25,11.375],"tintindex":0,"rotation":0,"texture":"#0"},"north":{"uv":[10.9375,13.875,11.3125,14.0625],"tintindex":0,"rotation":0,"texture":"#0"},"west":{"uv":[12.0625,1.6875,13.1875,1.875],"tintindex":0,"rotation":0,"texture":"#0"},"up":{"uv":[1.3125,9.9375,0.9375,8.8125],"tintindex":0,"rotation":0,"texture":"#0"},"down":{"uv":[1.6875,8.8125,1.3125,9.9375],"tintindex":0,"rotation":0,"texture":"#0"}}},{"from":[9.866667,7.1999993,-10.533333],"to":[10.666667,8.533333,-6.7333336],"faces":{"east":{"uv":[12.5,9.6875,13.1875,9.9375],"tintindex":0,"rotation":0,"texture":"#0"},"south":{"uv":[14.1875,5.5625,14.3125,5.8125],"tintindex":0,"rotation":0,"texture":"#0"},"north":{"uv":[14.1875,5.3125,14.3125,5.5625],"tintindex":0,"rotation":0,"texture":"#0"},"west":{"uv":[12.5625,6.0625,13.25,6.3125],"tintindex":0,"rotation":0,"texture":"#0"},"up":{"uv":[6.75,14.4375,6.625,13.75],"tintindex":0,"rotation":0,"texture":"#0"},"down":{"uv":[6.875,13.75,6.75,14.4375],"tintindex":0,"rotation":0,"texture":"#0"}}},{"from":[13.666667,7.466667,-6.4000006],"to":[15.533333,8.333333,-3.0666676],"faces":{"east":{"uv":[13.3125,2.125,13.9375,2.3125],"tintindex":0,"rotation":0,"texture":"#0"},"south":{"uv":[13.875,11.5625,14.25,11.75],"tintindex":0,"rotation":0,"texture":"#0"},"north":{"uv":[13.875,11.375,14.25,11.5625],"tintindex":0,"rotation":0,"texture":"#0"},"west":{"uv":[13.3125,2.3125,13.9375,2.5],"tintindex":0,"rotation":0,"texture":"#0"},"up":{"uv":[8.4375,12.25,8.0625,11.625],"tintindex":0,"rotation":0,"texture":"#0"},"down":{"uv":[8.8125,11.625,8.4375,12.25],"tintindex":0,"rotation":0,"texture":"#0"}},"rotation":{"origin":[13.066668,7.466667,-9.333334],"angle":-22.5,"axis":"y"}},{"from":[3.1999998,6.933333,-11.0],"to":[5.0666666,8.8,-6.2666664],"faces":{"east":{"uv":[10.0625,6.5,10.9375,6.875],"tintindex":0,"rotation":0,"texture":"#0"},"south":{"uv":[12.9375,2.1875,13.3125,2.5625],"tintindex":0,"rotation":0,"texture":"#0"},"north":{"uv":[0.4375,12.9375,0.8125,13.3125],"tintindex":0,"rotation":0,"texture":"#0"},"west":{"uv":[4.75,10.1875,5.625,10.5625],"tintindex":0,"rotation":0,"texture":"#0"},"up":{"uv":[7.5,11.0625,7.125,10.1875],"tintindex":0,"rotation":0,"texture":"#0"},"down":{"uv":[7.875,10.1875,7.5,11.0625],"tintindex":0,"rotation":0,"texture":"#0"}}},{"from":[7.133333,7.2666664,19.133335],"to":[8.466666,8.599999,20.0],"faces":{"east":{"uv":[14.125,2.25,14.3125,2.5],"tintindex":0,"rotation":0,"texture":"#0"},"south":{"uv":[2.4375,14.0625,2.6875,14.3125],"tintindex":0,"rotation":0,"texture":"#0"},"north":{"uv":[1.75,14.0625,2.0,14.3125],"tintindex":0,"rotation":0,"texture":"#0"},"west":{"uv":[2.6875,14.125,2.875,14.375],"tintindex":0,"rotation":0,"texture":"#0"},"up":{"uv":[3.125,14.3125,2.875,14.125],"tintindex":0,"rotation":0,"texture":"#0"},"down":{"uv":[14.375,2.9375,14.125,3.125],"tintindex":0,"rotation":0,"texture":"#0"}}},{"from":[0.8666668,7.466667,-14.133335],"to":[2.733333,8.333333,-10.800001],"faces":{"east":{"uv":[0.3125,13.3125,0.9375,13.5],"tintindex":0,"rotation":0,"texture":"#0"},"south":{"uv":[10.5625,13.875,10.9375,14.0625],"tintindex":0,"rotation":0,"texture":"#0"},"north":{"uv":[13.875,9.875,14.25,10.0625],"tintindex":0,"rotation":0,"texture":"#0"},"west":{"uv":[0.9375,13.3125,1.5625,13.5],"tintindex":0,"rotation":0,"texture":"#0"},"up":{"uv":[7.6875,12.25,7.3125,11.625],"tintindex":0,"rotation":0,"texture":"#0"},"down":{"uv":[8.0625,11.625,7.6875,12.25],"tintindex":0,"rotation":0,"texture":"#0"}},"rotation":{"origin":[2.6666665,7.466667,-9.333334],"angle":-22.5,"axis":"y"}},{"from":[10.666667,6.933333,-11.0],"to":[12.533334,8.8,-6.2666664],"faces":{"east":{"uv":[7.875,10.1875,8.75,10.5625],"tintindex":0,"rotation":0,"texture":"#0"},"south":{"uv":[5.875,12.9375,6.25,13.3125],"tintindex":0,"rotation":0,"texture":"#0"},"north":{"uv":[5.5,12.9375,5.875,13.3125],"tintindex":0,"rotation":0,"texture":"#0"},"west":{"uv":[10.25,8.5,11.125,8.875],"tintindex":0,"rotation":0,"texture":"#0"},"up":{"uv":[9.125,11.0625,8.75,10.1875],"tintindex":0,"rotation":0,"texture":"#0"},"down":{"uv":[9.5,10.1875,9.125,11.0625],"tintindex":0,"rotation":0,"texture":"#0"}}},{"from":[7.266667,7.4,-5.2666664],"to":[8.333333,8.466667,20.733334],"faces":{"east":{"uv":[3.875,2.75,8.75,2.9375],"tintindex":0,"rotation":0,"texture":"#0"},"south":{"uv":[14.1875,4.875,14.375,5.0625],"tintindex":0,"rotation":0,"texture":"#0"},"north":{"uv":[14.1875,3.3125,14.375,3.5],"tintindex":0,"rotation":0,"texture":"#0"},"west":{"uv":[5.25,2.9375,10.125,3.125],"tintindex":0,"rotation":0,"texture":"#0"},"up":{"uv":[2.4375,9.5,2.25,4.625],"tintindex":0,"rotation":0,"texture":"#0"},"down":{"uv":[3.625,5.4375,3.4375,10.3125],"tintindex":0,"rotation":0,"texture":"#0"}}},{"from":[13.0,7.466667,-14.133335],"to":[14.866667,8.333333,-10.800001],"faces":{"east":{"uv":[13.3125,3.3125,13.9375,3.5],"tintindex":0,"rotation":0,"texture":"#0"},"south":{"uv":[13.875,13.6875,14.25,13.875],"tintindex":0,"rotation":0,"texture":"#0"},"north":{"uv":[11.625,13.875,12.0,14.0625],"tintindex":0,"rotation":0,"texture":"#0"},"west":{"uv":[13.3125,3.5,13.9375,3.6875],"tintindex":0,"rotation":0,"texture":"#0"},"up":{"uv":[9.1875,12.25,8.8125,11.625],"tintindex":0,"rotation":0,"texture":"#0"},"down":{"uv":[12.0,10.625,11.625,11.25],"tintindex":0,"rotation":0,"texture":"#0"}},"rotation":{"origin":[13.066668,7.466667,-9.333334],"angle":22.5,"axis":"y"}},{"from":[5.866667,7.1999993,-11.333334],"to":[9.866667,8.533333,-5.9333334],"faces":{"east":{"uv":[2.75,2.0625,3.75,2.3125],"tintindex":0,"rotation":0,"texture":"#0"},"south":{"uv":[12.25,7.25,13.0,7.5],"tintindex":0,"rotation":0,"texture":"#0"},"north":{"uv":[8.8125,5.8125,9.5625,6.0625],"tintindex":0,"rotation":0,"texture":"#0"},"west":{"uv":[6.625,2.5,7.625,2.75],"tintindex":0,"rotation":0,"texture":"#0"},"up":{"uv":[3.1875,6.5,2.4375,5.5],"tintindex":0,"rotation":0,"texture":"#0"},"down":{"uv":[2.25,6.0625,1.5,7.0625],"tintindex":0,"rotation":0,"texture":"#0"}}},{"from":[5.0666666,7.1999993,-10.533333],"to":[5.866667,8.533333,-6.7333336],"faces":{"east":{"uv":[12.4375,3.9375,13.125,4.1875],"tintindex":0,"rotation":0,"texture":"#0"},"south":{"uv":[5.1875,14.1875,5.3125,14.4375],"tintindex":0,"rotation":0,"texture":"#0"},"north":{"uv":[14.1875,5.0625,14.3125,5.3125],"tintindex":0,"rotation":0,"texture":"#0"},"west":{"uv":[12.5,9.4375,13.1875,9.6875],"tintindex":0,"rotation":0,"texture":"#0"},"up":{"uv":[9.0625,14.375,8.9375,13.6875],"tintindex":0,"rotation":0,"texture":"#0"},"down":{"uv":[13.875,6.3125,13.75,7.0],"tintindex":0,"rotation":0,"texture":"#0"}}},{"from":[7.133333,7.2666664,-4.0666676],"to":[8.466666,8.599999,-3.1999998],"faces":{"east":{"uv":[0.75,14.125,0.9375,14.375],"tintindex":0,"rotation":0,"texture":"#0"},"south":{"uv":[14.0625,1.625,14.3125,1.875],"tintindex":0,"rotation":0,"texture":"#0"},"north":{"uv":[14.0625,1.375,14.3125,1.625],"tintindex":0,"rotation":0,"texture":"#0"},"west":{"uv":[1.25,14.125,1.4375,14.375],"tintindex":0,"rotation":0,"texture":"#0"},"up":{"uv":[14.375,2.0625,14.125,1.875],"tintindex":0,"rotation":0,"texture":"#0"},"down":{"uv":[14.375,2.0625,14.125,2.25],"tintindex":0,"rotation":0,"texture":"#0"}}},{"from":[1.333333,7.4,-11.666668],"to":[3.1999998,8.400001,-5.6000004],"faces":{"east":{"uv":[12.0,10.9375,13.125,11.125],"tintindex":0,"rotation":0,"texture":"#0"},"south":{"uv":[13.875,9.5,14.25,9.6875],"tintindex":0,"rotation":0,"texture":"#0"},"north":{"uv":[13.875,9.3125,14.25,9.5],"tintindex":0,"rotation":0,"texture":"#0"},"west":{"uv":[11.4375,12.0,12.5625,12.1875],"tintindex":0,"rotation":0,"texture":"#0"},"up":{"uv":[3.375,7.625,3.0,6.5],"tintindex":0,"rotation":0,"texture":"#0"},"down":{"uv":[0.9375,8.8125,0.5625,9.9375],"tintindex":0,"rotation":0,