{"textures":{"0":"modelengine:entity/minotaur"},"elements":[{"from":[4.5,5.0,2.75],"to":[12.75,9.5,8.0],"faces":{"east":{"uv":[13.4375,11.8125,13.75,12.125],"tintindex":0,"rotation":0,"texture":"#0"},"south":{"uv":[12.625,5.125,13.125,5.4375],"tintindex":0,"rotation":0,"texture":"#0"},"north":{"uv":[3.625,8.875,4.125,9.1875],"tintindex":0,"rotation":0,"texture":"#0"},"west":{"uv":[13.125,13.4375,13.4375,13.75],"tintindex":0,"rotation":0,"texture":"#0"},"up":{"uv":[13.125,5.75,12.625,5.4375],"tintindex":0,"rotation":0,"texture":"#0"},"down":{"uv":[6.0,12.625,5.5,12.9375],"tintindex":0,"rotation":0,"texture":"#0"}}},{"from":[9.75,2.8826675,4.562522],"to":[12.25,7.3826675,8.562523],"faces":{"east":{"uv":[13.8125,0.3125,14.0625,0.625],"tintindex":0,"rotation":0,"texture":"#0"},"south":{"uv":[14.0625,3.8125,14.25,4.125],"tintindex":0,"rotation":0,"texture":"#0"},"north":{"uv":[11.75,12.9375,11.9375,13.25],"tintindex":0,"rotation":0,"texture":"#0"},"west":{"uv":[0.5,13.8125,0.75,14.125],"tintindex":0,"rotation":0,"texture":"#0"},"up":{"uv":[5.6875,14.3125,5.5,14.0625],"tintindex":0,"rotation":0,"texture":"#0"},"down":{"uv":[8.0625,14.0625,7.875,14.3125],"tintindex":0,"rotation":0,"texture":"#0"}},"rotation":{"origin":[8.0,6.0,5.0],"angle":-22.5,"axis":"x"}},{"from":[6.0,2.5,0.0],"to":[11.25,6.5,4.0],"faces":{"east":{"uv":[14.0,4.375,14.25,4.625],"tintindex":0,"rotation":0,"texture":"#0"},"south":{"uv":[13.75,11.875,14.0625,12.125],"tintindex":0,"rotation":0,"texture":"#0"},"north":{"uv":[11.375,0.6875,11.6875,0.9375],"tintindex":0,"rotation":0,"texture":"#0"},"west":{"uv":[14.0,4.625,14.25,4.875],"tintindex":0,"rotation":0,"texture":"#0"},"up":{"uv":[13.625,14.0,13.3125,13.75],"tintindex":0,"rotation":0,"texture":"#0"},"down":{"uv":[14.0625,13.4375,13.75,13.6875],"tintindex":0,"rotation":0,"texture":"#0"}},"rotation":{"origin":[8.0,12.0,3.0],"angle":-22.5,"axis":"x"}},{"from":[5.0,2.8826675,4.562522],"to":[7.5,7.3826675,8.562523],"faces":{"east":{"uv":[13.625,13.75,13.875,14.0625],"tintindex":0,"rotation":0,"texture":"#0"},"south":{"uv":[7.3125,12.9375,7.5,13.25],"tintindex":0,"rotation":0,"texture":"#0"},"north":{"uv":[0.4375,12.625,0.625,12.9375],"tintindex":0,"rotation":0,"texture":"#0"},"west":{"uv":[0.25,13.8125,0.5,14.125],"tintindex":0,"rotation":0,"texture":"#0"},"up":{"uv":[7.3125,13.625,7.125,13.375],"tintindex":0,"rotation":0,"texture":"#0"},"down":{"uv":[2.0,13.4375,1.8125,13.6875],"tintindex":0,"rotation":0,"texture":"#0"}},"rotation":{"origin":[8.0,6.0,5.0],"angle":-22.5,"axis":"x"}},{"from":[6.25,2.75,-3.75],"to":[11.0,7.25,0.0],"faces":{"east":{"uv":[13.8125,0.625,14.0625,0.9375],"tintindex":0,"rotation":0,"texture":"#0"},"south":{"uv":[0.3125,13.5,0.625,13.8125],"tintindex":0,"rotation":0,"texture":"#0"},"north":{"uv":[13.4375,13.4375,13.75,13.75],"tintindex":0,"rotation":0,"texture":"#0"},"west":{"uv":[0.75,13.8125,1.0,14.125],"tintindex":0,"rotation":0,"texture":"#0"},"up":{"uv":[1.3125,14.0625,1.0,13.8125],"tintindex":0,"rotation":0,"texture":"#0"},"down":{"uv":[14.125,1.875,13.8125,2.125],"tintindex":0,"rotation":0,"texture":"#0"}},"rotation":{"origin":[8.0,12.0,3.0],"angle":-22.5,"axis":"x"}}],"display":{"gui":{"rotation":[30,225,0]}}}