{"textures":{"0":"modelengine:entity/minotaur"},"elements":[{"from":[4.799999,13.099998,3.8000002],"to":[10.8,16.3,7.4],"faces":{"east":{"uv":[10.8125,14.0625,11.0625,14.25],"tintindex":0,"rotation":0,"texture":"#0"},"south":{"uv":[13.8125,0.9375,14.1875,1.125],"tintindex":0,"rotation":0,"texture":"#0"},"north":{"uv":[10.5625,6.3125,10.9375,6.5],"tintindex":0,"rotation":0,"texture":"#0"},"west":{"uv":[11.0625,14.0625,11.3125,14.25],"tintindex":0,"rotation":0,"texture":"#0"},"up":{"uv":[9.4375,13.8125,9.0625,13.5625],"tintindex":0,"rotation":0,"texture":"#0"},"down":{"uv":[10.5625,13.5625,10.1875,13.8125],"tintindex":0,"rotation":0,"texture":"#0"}},"rotation":{"origin":[8.0,9.099998,7.8],"angle":-45.0,"axis":"z"}},{"from":[7.3999996,5.299999,4.0],"to":[13.4,9.099998,7.6],"faces":{"east":{"uv":[9.0625,14.0,9.3125,14.25],"tintindex":0,"rotation":0,"texture":"#0"},"south":{"uv":[13.5625,1.125,13.9375,1.375],"tintindex":0,"rotation":0,"texture":"#0"},"north":{"uv":[10.3125,7.75,10.6875,8.0],"tintindex":0,"rotation":0,"texture":"#0"},"west":{"uv":[10.1875,14.0,10.4375,14.25],"tintindex":0,"rotation":0,"texture":"#0"},"up":{"uv":[5.75,13.8125,5.375,13.5625],"tintindex":0,"rotation":0,"texture":"#0"},"down":{"uv":[6.125,13.5625,5.75,13.8125],"tintindex":0,"rotation":0,"texture":"#0"}},"rotation":{"origin":[8.0,9.099998,7.8],"angle":45.0,"axis":"z"}},{"from":[7.3999996,5.299999,8.8],"to":[13.4,8.900002,12.4],"faces":{"east":{"uv":[12.3125,14.0,12.5625,14.25],"tintindex":0,"rotation":0,"texture":"#0"},"south":{"uv":[6.125,13.5625,6.5,13.8125],"tintindex":0,"rotation":0,"texture":"#0"},"north":{"uv":[13.5625,5.9375,13.9375,6.1875],"tintindex":0,"rotation":0,"texture":"#0"},"west":{"uv":[14.0,12.375,14.25,12.625],"tintindex":0,"rotation":0,"texture":"#0"},"up":{"uv":[8.3125,13.8125,7.9375,13.5625],"tintindex":0,"rotation":0,"texture":"#0"},"down":{"uv":[8.6875,13.5625,8.3125,13.8125],"tintindex":0,"rotation":0,"texture":"#0"}},"rotation":{"origin":[8.0,9.099998,7.8],"angle":45.0,"axis":"z"}},{"from":[4.0,13.099998,9.6],"to":[10.0,16.3,13.2],"faces":{"east":{"uv":[11.625,14.0625,11.875,14.25],"tintindex":0,"rotation":0,"texture":"#0"},"south":{"uv":[9.0625,13.8125,9.4375,14.0],"tintindex":0,"rotation":0,"texture":"#0"},"north":{"uv":[13.8125,8.9375,14.1875,9.125],"tintindex":0,"rotation":0,"texture":"#0"},"west":{"uv":[14.0625,11.75,14.3125,11.9375],"tintindex":0,"rotation":0,"texture":"#0"},"up":{"uv":[13.9375,11.1875,13.5625,10.9375],"tintindex":0,"rotation":0,"texture":"#0"},"down":{"uv":[13.9375,12.125,13.5625,12.375],"tintindex":0,"rotation":0,"texture":"#0"}},"rotation":{"origin":[8.0,9.099998,7.8],"angle":-45.0,"axis":"z"}}],"display":{"gui":{"rotation":[30,225,0]}}}