{"textures":{"0":"modelengine:entity/minotaur"},"elements":[{"from":[7.6000004,-0.099998474,3.8000002],"to":[12.8,2.9000015,10.6],"faces":{"east":{"uv":[7.1875,5.25,7.625,5.4375],"tintindex":0,"rotation":0,"texture":"#0"},"south":{"uv":[2.125,9.5625,2.4375,9.75],"tintindex":0,"rotation":0,"texture":"#0"},"north":{"uv":[8.875,7.5,9.1875,7.6875],"tintindex":0,"rotation":0,"texture":"#0"},"west":{"uv":[13.6875,3.0,14.125,3.1875],"tintindex":0,"rotation":0,"texture":"#0"},"up":{"uv":[2.0,13.4375,1.6875,13.0],"tintindex":0,"rotation":0,"texture":"#0"},"down":{"uv":[2.5625,13.0,2.25,13.4375],"tintindex":0,"rotation":0,"texture":"#0"}},"rotation":{"origin":[10.0,2.0999985,6.8],"angle":45.0,"axis":"z"}},{"from":[6.0,1.7000008,3.4],"to":[12.8,10.349998,11.0],"faces":{"east":{"uv":[7.4375,11.0625,7.9375,11.625],"tintindex":0,"rotation":0,"texture":"#0"},"south":{"uv":[4.25,11.625,4.6875,12.1875],"tintindex":0,"rotation":0,"texture":"#0"},"north":{"uv":[11.625,3.8125,12.0625,4.375],"tintindex":0,"rotation":0,"texture":"#0"},"west":{"uv":[7.9375,11.0625,8.4375,11.625],"tintindex":0,"rotation":0,"texture":"#0"},"up":{"uv":[12.25,7.125,11.8125,6.625],"tintindex":0,"rotation":0,"texture":"#0"},"down":{"uv":[12.25,7.125,11.8125,7.625],"tintindex":0,"rotation":0,"texture":"#0"}},"rotation":{"origin":[10.0,2.0999985,6.8],"angle":22.5,"axis":"z"}}],"display":{"gui":{"rotation":[30,225,0]}}}