{"textures":{"0":"modelengine:entity/minotaur"},"elements":[{"from":[4.799999,7.0999985,5.4],"to":[10.6,10.099998,8.2],"faces":{"east":{"uv":[6.125,9.9375,6.3125,10.125],"tintindex":0,"rotation":0,"texture":"#0"},"south":{"uv":[12.3125,13.8125,12.6875,14.0],"tintindex":0,"rotation":0,"texture":"#0"},"north":{"uv":[10.1875,13.8125,10.5625,14.0],"tintindex":0,"rotation":0,"texture":"#0"},"west":{"uv":[11.4375,11.8125,11.625,12.0],"tintindex":0,"rotation":0,"texture":"#0"},"up":{"uv":[14.25,2.6875,13.875,2.5],"tintindex":0,"rotation":0,"texture":"#0"},"down":{"uv":[3.6875,13.875,3.3125,14.0625],"tintindex":0,"rotation":0,"texture":"#0"}},"rotation":{"origin":[8.0,2.0999985,10.8],"angle":-22.5,"axis":"z"}},{"from":[14.0,0.9000015,6.6],"to":[16.8,4.0999985,12.4],"faces":{"east":{"uv":[3.6875,13.875,4.0625,14.0625],"tintindex":0,"rotation":0,"texture":"#0"},"south":{"uv":[5.3125,13.125,5.5,13.3125],"tintindex":0,"rotation":0,"texture":"#0"},"north":{"uv":[12.5625,6.3125,12.75,6.5],"tintindex":0,"rotation":0,"texture":"#0"},"west":{"uv":[4.375,13.875,4.75,14.0625],"tintindex":0,"rotation":0,"texture":"#0"},"up":{"uv":[11.125,11.8125,10.9375,11.4375],"tintindex":0,"rotation":0,"texture":"#0"},"down":{"uv":[11.625,13.8125,11.4375,14.1875],"tintindex":0,"rotation":0,"texture":"#0"}},"rotation":{"origin":[8.0,2.0999985,10.8],"angle":45.0,"axis":"z"}}],"display":{"gui":{"rotation":[30,225,0]}}}