{"textures":{"0":"modelengine:entity/minotaur"},"elements":[{"from":[0.6000004,-1.7000008,7.8],"to":[6.6000004,1.9000015,11.4],"faces":{"east":{"uv":[14.0,13.0,14.25,13.25],"tintindex":0,"rotation":0,"texture":"#0"},"south":{"uv":[3.6875,13.625,4.0625,13.875],"tintindex":0,"rotation":0,"texture":"#0"},"north":{"uv":[3.3125,13.625,3.6875,13.875],"tintindex":0,"rotation":0,"texture":"#0"},"west":{"uv":[13.3125,14.0,13.5625,14.25],"tintindex":0,"rotation":0,"texture":"#0"},"up":{"uv":[14.0,4.4375,13.625,4.1875],"tintindex":0,"rotation":0,"texture":"#0"},"down":{"uv":[14.0,4.4375,13.625,4.6875],"tintindex":0,"rotation":0,"texture":"#0"}},"rotation":{"origin":[6.0,2.0999985,6.8],"angle":-45.0,"axis":"z"}},{"from":[-2.8000002,0.9000015,2.6],"to":[0.0,4.0999985,8.4],"faces":{"east":{"uv":[13.875,6.5,14.25,6.6875],"tintindex":0,"rotation":0,"texture":"#0"},"south":{"uv":[14.1875,0.8125,14.375,1.0],"tintindex":0,"rotation":0,"texture":"#0"},"north":{"uv":[9.9375,14.125,10.125,14.3125],"tintindex":0,"rotation":0,"texture":"#0"},"west":{"uv":[13.875,6.6875,14.25,6.875],"tintindex":0,"rotation":0,"texture":"#0"},"up":{"uv":[12.875,14.1875,12.6875,13.8125],"tintindex":0,"rotation":0,"texture":"#0"},"down":{"uv":[1.75,13.875,1.5625,14.25],"tintindex":0,"rotation":0,"texture":"#0"}},"rotation":{"origin":[6.0,2.0999985,6.8],"angle":-45.0,"axis":"z"}},{"from":[3.3999996,7.0999985,1.4000001],"to":[9.200001,10.099998,4.2],"faces":{"east":{"uv":[14.1875,1.0,14.375,1.1875],"tintindex":0,"rotation":0,"texture":"#0"},"south":{"uv":[13.875,7.0625,14.25,7.25],"tintindex":0,"rotation":0,"texture":"#0"},"north":{"uv":[13.875,6.875,14.25,7.0625],"tintindex":0,"rotation":0,"texture":"#0"},"west":{"uv":[14.1875,1.1875,14.375,1.375],"tintindex":0,"rotation":0,"texture":"#0"},"up":{"uv":[7.5,14.0625,7.125,13.875],"tintindex":0,"rotation":0,"texture":"#0"},"down":{"uv":[14.25,7.25,13.875,7.4375],"tintindex":0,"rotation":0,"texture":"#0"}},"rotation":{"origin":[6.0,2.0999985,6.8],"angle":22.5,"axis":"z"}},{"from":[3.1999998,6.0999985,2.8000002],"to":[9.200001,9.299999,6.4],"faces":{"east":{"uv":[13.5625,14.0625,13.8125,14.25],"tintindex":0,"rotation":0,"texture":"#0"},"south":{"uv":[13.875,9.125,14.25,9.3125],"tintindex":0,"rotation":0,"texture":"#0"},"north":{"uv":[7.5,13.875,7.875,14.0625],"tintindex":0,"rotation":0,"texture":"#0"},"west":{"uv":[14.0625,13.875,14.3125,14.0625],"tintindex":0,"rotation":0,"texture":"#0"},"up":{"uv":[10.9375,13.875,10.5625,13.625],"tintindex":0,"rotation":0,"texture":"#0"},"down":{"uv":[11.3125,13.625,10.9375,13.875],"tintindex":0,"rotation":0,"texture":"#0"}},"rotation":{"origin":[6.0,2.0999985,6.8],"angle":45.0,"axis":"z"}},{"from":[3.1999998,1.7000008,3.4],"to":[10.0,10.349998,11.0],"faces":{"east":{"uv":[11.1875,0.9375,11.6875,1.5],"tintindex":0,"rotation":0,"texture":"#0"},"south":{"uv":[5.125,11.625,5.5625,12.1875],"tintindex":0,"rotation":0,"texture":"#0"},"north":{"uv":[4.6875,11.625,5.125,12.1875],"tintindex":0,"rotation":0,"texture":"#0"},"west":{"uv":[11.1875,5.5625,11.6875,6.125],"tintindex":0,"rotation":0,"texture":"#0"},"up":{"uv":[12.25,8.125,11.8125,7.625],"tintindex":0,"rotation":0,"texture":"#0"},"down":{"uv":[12.25,8.125,11.8125,8.625],"tintindex":0,"rotation":0,"texture":"#0"}},"rotation":{"origin":[6.0,2.0999985,6.8],"angle":-22.5,"axis":"z"}},{"from":[4.0,6.0999985,8.6],"to":[10.0,9.299999,12.2],"faces":{"east":{"uv":[14.0625,11.9375,14.3125,12.125],"tintindex":0,"rotation":0,"texture":"#0"},"south":{"uv":[13.875,6.3125,14.25,6.5],"tintindex":0,"rotation":0,"texture":"#0"},"north":{"uv":[4.75,13.875,5.125,14.0625],"tintindex":0,"rotation":0,"texture":"#0"},"west":{"uv":[14.0625,13.4375,14.3125,13.625],"tintindex":0,"rotation":0,"texture":"#0"},"up":{"uv":[13.0,13.8125,12.625,13.5625],"tintindex":0,"rotation":0,"texture":"#0"},"down":{"uv":[13.9375,12.75,13.5625,13.0],"tintindex":0,"rotation":0,"texture":"#0"}},"rotation":{"origin":[6.0,2.0999985,6.8],"angle":45.0,"axis":"z"}},{"from":[0.6000004,-1.7000008,3.0],"to":[6.6000004,2.0999985,6.6],"faces":{"east":{"uv":[0.0,14.0625,0.25,14.3125],"tintindex":0,"rotation":0,"texture":"#0"},"south":{"uv":[7.125,13.625,7.5,13.875],"tintindex":0,"rotation":0,"texture":"#0"},"north":{"uv":[13.625,4.6875,14.0,4.9375],"tintindex":0,"rotation":0,"texture":"#0"},"west":{"uv":[14.0625,0.3125,14.3125,0.5625],"tintindex":0,"rotation":0,"texture":"#0"},"up":{"uv":[7.875,13.875,7.5,13.625],"tintindex":0,"rotation":0,"texture":"#0"},"down":{"uv":[10.0625,13.625,9.6875,13.875],"tintindex":0,"rotation":0,"texture":"#0"}},"rotation":{"origin":[6.0,2.0999985,6.8],"angle":-45.0,"axis":"z"}},{"from":[3.1999998,-0.099998474,3.8000002],"to":[8.4,2.9000015,10.6],"faces":{"east":{"uv":[13.6875,7.5625,14.125,7.75],"tintindex":0,"rotation":0,"texture":"#0"},"south":{"uv":[11.0625,10.125,11.375,10.3125],"tintindex":0,"rotation":0,"texture":"#0"},"north":{"uv":[10.75,9.5625,11.0625,9.75],"tintindex":0,"rotation":0,"texture":"#0"},"west":{"uv":[13.6875,7.75,14.125,7.9375],"tintindex":0,"rotation":0,"texture":"#0"},"up":{"uv":[2.875,13.4375,2.5625,13.0],"tintindex":0,"rotation":0,"texture":"#0"},"down":{"uv":[13.3125,3.4375,13.0,3.875],"tintindex":0,"rotation":0,"texture":"#0"}},"rotation":{"origin":[6.0,2.0999985,6.8],"angle":-45.0,"axis":"z"}}],"display":{"gui":{"rotation":[30,225,0]}}}