{"textures":{"0":"modelengine:entity/ouldhana"},"elements":[{"from":[1.6000004,-5.9666653,4.9133334],"to":[8.8,3.0333328,12.113333],"faces":{"east":{"uv":[9.4375,3.5625,10.3125,4.6875],"tintindex":0,"rotation":0,"texture":"#0"},"south":{"uv":[9.4375,2.4375,10.3125,3.5625],"tintindex":0,"rotation":0,"texture":"#0"},"north":{"uv":[10.3125,2.4375,9.4375,3.5625],"tintindex":0,"rotation":0,"texture":"#0"},"west":{"uv":[10.3125,3.5625,9.4375,4.6875],"tintindex":0,"rotation":0,"texture":"#0"},"up":{"uv":[0.0,9.875,0.875,9.0],"tintindex":0,"rotation":0,"texture":"#0"},"down":{"uv":[0.0,9.0,0.875,9.875],"tintindex":0,"rotation":0,"texture":"#0"}}},{"from":[0.80000114,2.5333328,4.113333],"to":[9.6,11.333332,12.913334],"faces":{"east":{"uv":[8.375,6.0,9.5,7.125],"tintindex":0,"rotation":0,"texture":"#0"},"south":{"uv":[8.3125,3.75,9.4375,4.875],"tintindex":0,"rotation":0,"texture":"#0"},"north":{"uv":[9.4375,3.75,8.3125,4.875],"tintindex":0,"rotation":0,"texture":"#0"},"west":{"uv":[9.5,6.0,8.375,7.125],"tintindex":0,"rotation":0,"texture":"#0"},"up":{"uv":[0.0,9.875,1.125,8.75],"tintindex":0,"rotation":0,"texture":"#0"},"down":{"uv":[0.0,8.75,1.125,9.875],"tintindex":0,"rotation":0,"texture":"#0"}}},{"from":[4.5,-5.466667,4.4133334],"to":[9.3,1.5333328,8.413334],"faces":{"east":{"uv":[4.375,12.6875,3.875,13.5625],"tintindex":0,"rotation":0,"texture":"#0"},"south":{"uv":[12.3125,3.0625,12.9375,3.9375],"tintindex":0,"rotation":0,"texture":"#0"},"north":{"uv":[12.9375,3.0625,12.3125,3.9375],"tintindex":0,"rotation":0,"texture":"#0"},"west":{"uv":[3.875,12.6875,4.375,13.5625],"tintindex":0,"rotation":0,"texture":"#0"},"up":{"uv":[0.0,9.875,0.625,9.375],"tintindex":0,"rotation":0,"texture":"#0"},"down":{"uv":[0.0,9.375,0.625,9.875],"tintindex":0,"rotation":0,"texture":"#0"}}},{"from":[-7.1000004,3.0333328,8.513333],"to":[3.3000002,18.233334,8.593333],"faces":{"east":{"uv":[11.6875,13.5625,11.625,15.4375],"tintindex":0,"rotation":0,"texture":"#0"},"south":{"uv":[1.875,5.0,3.1875,6.875],"tintindex":0,"rotation":0,"texture":"#0"},"north":{"uv":[3.1875,5.0,1.875,6.875],"tintindex":0,"rotation":0,"texture":"#0"},"west":{"uv":[3.5625,10.25,3.5,12.125],"tintindex":0,"rotation":0,"texture":"#0"},"up":{"uv":[10.3125,2.0,11.625,1.9375],"tintindex":0,"rotation":0,"texture":"#0"},"down":{"uv":[10.3125,2.0,11.625,2.0625],"tintindex":0,"rotation":0,"texture":"#0"}}}],"display":{"gui":{"rotation":[30,225,0]}}}