{"textures":{"0":"modelengine:entity/ouldhana"},"elements":[{"from":[8.763262,11.942488,4.851693],"to":[15.096596,16.942488,11.51836],"faces":{"east":{"uv":[8.8125,0.0,10.0625,0.9375],"tintindex":0,"rotation":0,"texture":"#0"},"south":{"uv":[5.9375,9.0625,4.75,10.0],"tintindex":0,"rotation":0,"texture":"#0"},"north":{"uv":[4.75,9.0625,5.9375,10.0],"tintindex":0,"rotation":0,"texture":"#0"},"west":{"uv":[10.0625,0.0,8.8125,0.9375],"tintindex":0,"rotation":0,"texture":"#0"},"up":{"uv":[9.375,2.5,8.1875,1.25],"tintindex":0,"rotation":0,"texture":"#0"},"down":{"uv":[9.375,1.25,8.1875,2.5],"tintindex":0,"rotation":0,"texture":"#0"}},"rotation":{"origin":[8.377778,16.017704,11.507154],"angle":22.5,"axis":"z"}},{"from":[1.3442917,14.713786,6.5850263],"to":[5.010958,18.04712,11.41836],"faces":{"east":{"uv":[12.9375,7.625,12.0,8.25],"tintindex":0,"rotation":0,"texture":"#0"},"south":{"uv":[5.125,12.6875,5.8125,13.3125],"tintindex":0,"rotation":0,"texture":"#0"},"north":{"uv":[5.8125,12.6875,5.125,13.3125],"tintindex":0,"rotation":0,"texture":"#0"},"west":{"uv":[12.9375,7.625,12.0,8.25],"tintindex":0,"rotation":0,"texture":"#0"},"up":{"uv":[6.3125,10.8125,7.0,9.875],"tintindex":0,"rotation":0,"texture":"#0"},"down":{"uv":[6.3125,9.875,7.0,10.8125],"tintindex":0,"rotation":0,"texture":"#0"}},"rotation":{"origin":[8.377778,16.017704,11.507154],"angle":22.5,"axis":"z"}},{"from":[10.544445,21.16008,13.388605],"to":[12.211111,25.16008,16.055273],"faces":{"east":{"uv":[0.625,0.0,1.125,0.75],"tintindex":0,"rotation":0,"texture":"#0"},"south":{"uv":[1.8125,0.0,1.5,0.75],"tintindex":0,"rotation":0,"texture":"#0"},"north":{"uv":[1.5,0.0,1.8125,0.75],"tintindex":0,"rotation":0,"texture":"#0"},"west":{"uv":[1.125,0.0,0.625,0.75],"tintindex":0,"rotation":0,"texture":"#0"},"up":{"uv":[0.0,0.5,0.3125,1.0],"tintindex":0,"rotation":0,"texture":"#0"},"down":{"uv":[0.0,0.5,0.3125,1.0],"tintindex":0,"rotation":0,"texture":"#0"}},"rotation":{"origin":[11.377778,22.493414,14.521938],"angle":22.5,"axis":"x"}},{"from":[10.377778,19.64656,12.576067],"to":[12.377778,22.313229,15.9094],"faces":{"east":{"uv":[0.0,0.0,0.625,0.5],"tintindex":0,"rotation":0,"texture":"#0"},"south":{"uv":[1.5,0.0,1.125,0.5],"tintindex":0,"rotation":0,"texture":"#0"},"north":{"uv":[1.125,0.0,1.5,0.5],"tintindex":0,"rotation":0,"texture":"#0"},"west":{"uv":[0.625,0.0,0.0,0.5],"tintindex":0,"rotation":0,"texture":"#0"},"up":{"uv":[0.0,1.0,0.375,1.625],"tintindex":0,"rotation":0,"texture":"#0"},"down":{"uv":[0.0,1.0,0.375,1.625],"tintindex":0,"rotation":0,"texture":"#0"}},"rotation":{"origin":[11.377778,21.813229,13.6094],"angle":45.0,"axis":"x"}},{"from":[3.3777776,11.34416,5.5183597],"to":[13.377778,19.34416,13.01836],"faces":{"east":{"uv":[6.0,0.0,7.4375,1.5],"tintindex":0,"rotation":0,"texture":"#0"},"south":{"uv":[0.0,3.75,1.875,5.25],"tintindex":0,"rotation":0,"texture":"#0"},"north":{"uv":[2.375,3.5,4.25,5.0],"tintindex":0,"rotation":0,"texture":"#0"},"west":{"uv":[7.4375,0.0,6.0,1.5],"tintindex":0,"rotation":0,"texture":"#0"},"up":{"uv":[6.0,1.4375,4.125,0.0],"tintindex":0,"rotation":0,"texture":"#0"},"down":{"uv":[6.0,0.0,4.125,1.4375],"tintindex":0,"rotation":0,"texture":"#0"}}},{"from":[4.3777776,19.64656,12.576067],"to":[6.3777776,22.313229,15.9094],"faces":{"east":{"uv":[0.0,0.0,0.625,0.5],"tintindex":0,"rotation":0,"texture":"#0"},"south":{"uv":[1.5,0.0,1.125,0.5],"tintindex":0,"rotation":0,"texture":"#0"},"north":{"uv":[1.125,0.0,1.5,0.5],"tintindex":0,"rotation":0,"texture":"#0"},"west":{"uv":[0.625,0.0,0.0,0.5],"tintindex":0,"rotation":0,"texture":"#0"},"up":{"uv":[0.0,1.0,0.375,1.625],"tintindex":0,"rotation":0,"texture":"#0"},"down":{"uv":[0.0,1.0,0.375,1.625],"tintindex":0,"rotation":0,"texture":"#0"}},"rotation":{"origin":[5.3777776,21.813229,13.6094],"angle":45.0,"axis":"x"}},{"from":[11.744597,14.713786,6.5850263],"to":[15.411264,18.04712,11.41836],"faces":{"east":{"uv":[12.0,7.625,12.9375,8.25],"tintindex":0,"rotation":0,"texture":"#0"},"south":{"uv":[5.8125,12.6875,5.125,13.3125],"tintindex":0,"rotation":0,"texture":"#0"},"north":{"uv":[5.125,12.6875,5.8125,13.3125],"tintindex":0,"rotation":0,"texture":"#0"},"west":{"uv":[12.0,7.625,12.9375,8.25],"tintindex":0,"rotation":0,"texture":"#0"},"up":{"uv":[7.0,10.8125,6.3125,9.875],"tintindex":0,"rotation":0,"texture":"#0"},"down":{"uv":[7.0,9.875,6.3125,10.8125],"tintindex":0,"rotation":0,"texture":"#0"}},"rotation":{"origin":[8.377778,16.017704,11.507154],"angle":-22.5,"axis":"z"}},{"from":[9.711111,15.653852,10.60817],"to":[13.044445,20.653852,14.941504],"faces":{"east":{"uv":[8.3125,11.25,9.125,12.1875],"tintindex":0,"rotation":0,"texture":"#0"},"south":{"uv":[8.0625,12.1875,8.6875,13.125],"tintindex":0,"rotation":0,"texture":"#0"},"north":{"uv":[8.6875,12.1875,8.0625,13.125],"tintindex":0,"rotation":0,"texture":"#0"},"west":{"uv":[9.125,11.25,8.3125,12.1875],"tintindex":0,"rotation":0,"texture":"#0"},"up":{"uv":[12.9375,10.6875,12.3125,9.875],"tintindex":0,"rotation":0,"texture":"#0"},"down":{"uv":[12.9375,9.875,12.3125,10.6875],"tintindex":0,"rotation":0,"texture":"#0"}},"rotation":{"origin":[8.377778,16.017704,11.507154],"angle":-45.0,"axis":"x"}},{"from":[4.8444443,5.796084,8.278472],"to":[12.177778,12.462751,14.278473],"faces":{"east":{"uv":[8.3125,2.5,9.4375,3.75],"tintindex":0,"rotation":0,"texture":"#0"},"south":{"uv":[6.625,7.625,8.0,8.875],"tintindex":0,"rotation":0,"texture":"#0"},"north":{"uv":[7.4375,0.0,8.8125,1.25],"tintindex":0,"rotation":0,"texture":"#0"},"west":{"uv":[9.4375,2.5,8.3125,3.75],"tintindex":0,"rotation":0,"texture":"#0"},"up":{"uv":[9.375,8.75,8.0,7.625],"tintindex":0,"rotation":0,"texture":"#0"},"down":{"uv":[9.375,7.625,8.0,8.75],"tintindex":0,"rotation":0,"texture":"#0"}},"rotation":{"origin":[8.377778,16.017704,11.507154],"angle":22.5,"axis":"x"}},{"from":[4.544444,21.16008,13.388605],"to":[6.211111,25.16008,16.055273],"faces":{"east":{"uv":[0.625,0.0,1.125,0.75],"tintindex":0,"rotation":0,"texture":"#0"},"south":{"uv":[1.8125,0.0,1.5,0.75],"tintindex":0,"rotation":0,"texture":"#0"},"north":{"uv":[1.5,0.0,1.8125,0.75],"tintindex":0,"rotation":0,"texture":"#0"},"west":{"uv":[1.125,0.0,0.625,0.75],"tintindex":0,"rotation":0,"texture":"#0"},"up":{"uv":[0.0,0.5,0.3125,1.0],"tintindex":0,"rotation":0,"texture":"#0"},"down":{"uv":[0.0,0.5,0.3125,1.0],"tintindex":0,"rotation":0,"texture":"#0"}},"rotation":{"origin":[5.3777776,22.493414,14.521938],"angle":22.5,"axis":"x"}},{"from":[3.711111,15.653852,10.60817],"to":[7.0444446,20.653852,14.941504],"faces":{"east":{"uv":[8.3125,11.25,9.125,12.1875],"tintindex":0,"rotation":0,"texture":"#0"},"south":{"uv":[8.6875,12.1875,8.0625,13.125],"tintindex":0,"rotation":0,"texture":"#0"},"north":{"uv":[8.0625,12.1875,8.6875,13.125],"tintindex":0,"rotation":0,"texture":"#0"},"west":{"uv":[9.125,11.25,8.3125,12.1875],"tintindex":0,"rotation":0,"texture":"#0"},"up":{"uv":[12.3125,10.6875,12.9375,9.875],"tintindex":0,"rotation":0,"texture":"#0"},"down":{"uv":[12.3125,9.875,12.9375,10.6875],"tintindex":0,"rotation":0,"texture":"#0"}},"rotation":{"origin":[8.377778,16.017704,11.507154],"angle":-45.0,"axis":"x"}},{"from":[1.6589603,11.942488,4.851693],"to":[7.992294,16.942488,11.51836],"faces":{"east":{"uv":[8.8125,0.0,10.0625,0.9375],"tintindex":0,"rotation":0,"texture":"#0"},"south":{"uv":[4.75,9.0625,5.9375,10.0],"tintindex":0,"rotation":0,"texture":"#0"},"north":{"uv":[5.9375,9.0625,4.75,10.0],"tintindex":0,"rotation":0,"texture":"#0"},"west":{"uv":[10.0625,0.0,8.8125,0.9375],"tintindex":0,"rotation":0,"texture":"#0"},"up":{"uv":[8.1875,2.5,9.375,1.25],"tintindex":0,"rotation":0,"texture":"#0"},"down":{"uv":[8.1875,1.25,9.375,2.5],"tintindex":0,"rotation":0,"texture":"#0"}},"rotation":{"origin":[8.377778,16.017704,11.507154],"angle":-22.5,"axis":"z"}}],"display":{"gui":{"rotation":[30,225,0]}}}