{"textures":{"0":"modelengine:entity/ouldhana"},"elements":[{"from":[4.9580574,7.3814983,6.153434],"to":[10.208057,10.631498,9.403434],"faces":{"east":{"uv":[13.75,2.5625,14.1875,3.0],"tintindex":0,"rotation":0,"texture":"#0"},"south":{"uv":[13.125,0.6875,13.8125,1.125],"tintindex":0,"rotation":0,"texture":"#0"},"north":{"uv":[13.8125,0.6875,13.125,1.125],"tintindex":0,"rotation":0,"texture":"#0"},"west":{"uv":[14.1875,2.5625,13.75,3.0],"tintindex":0,"rotation":0,"texture":"#0"},"up":{"uv":[13.8125,1.125,13.125,0.6875],"tintindex":0,"rotation":0,"texture":"#0"},"down":{"uv":[13.8125,0.6875,13.125,1.125],"tintindex":0,"rotation":0,"texture":"#0"}},"rotation":{"origin":[7.5929375,7.706752,6.0368276],"angle":45.0,"axis":"x"}},{"from":[8.437347,3.1973743,-0.39704895],"to":[10.937347,6.1973743,4.352951],"faces":{"east":{"uv":[13.5,5.25,14.125,5.625],"tintindex":0,"rotation":0,"texture":"#0"},"south":{"uv":[14.375,3.0,14.0625,3.375],"tintindex":0,"rotation":0,"texture":"#0"},"north":{"uv":[14.0625,3.0,14.375,3.375],"tintindex":0,"rotation":0,"texture":"#0"},"west":{"uv":[14.125,5.25,13.5,5.625],"tintindex":0,"rotation":0,"texture":"#0"},"up":{"uv":[3.5,12.25,3.1875,11.625],"tintindex":0,"rotation":0,"texture":"#0"},"down":{"uv":[3.5,11.625,3.1875,12.25],"tintindex":0,"rotation":0,"texture":"#0"}},"rotation":{"origin":[9.687347,4.6973743,1.7779512],"angle":-22.5,"axis":"y"}},{"from":[7.451177,5.2951803,8.306482],"to":[7.5011773,11.79518,17.306484],"faces":{"east":{"uv":[10.3125,2.4375,11.4375,3.25],"tintindex":0,"rotation":0,"texture":"#0"},"south":{"uv":[7.9375,8.875,8.0,9.6875],"tintindex":0,"rotation":0,"texture":"#0"},"north":{"uv":[7.875,8.875,7.9375,9.6875],"tintindex":0,"rotation":0,"texture":"#0"},"west":{"uv":[11.4375,2.4375,10.3125,3.25],"tintindex":0,"rotation":0,"texture":"#0"},"up":{"uv":[3.1875,8.0,3.125,6.875],"tintindex":0,"rotation":0,"texture":"#0"},"down":{"uv":[1.1875,9.125,1.125,10.25],"tintindex":0,"rotation":0,"texture":"#0"}},"rotation":{"origin":[7.5929375,7.706752,6.0368276],"angle":-22.5,"axis":"x"}},{"from":[6.0265374,2.8151097,8.838787],"to":[9.079337,5.86791,10.559908],"faces":{"east":{"uv":[1.125,8.75,1.3125,9.125],"tintindex":0,"rotation":0,"texture":"#0"},"south":{"uv":[0.375,14.0625,0.75,14.4375],"tintindex":0,"rotation":0,"texture":"#0"},"north":{"uv":[0.75,14.0625,0.375,14.4375],"tintindex":0,"rotation":0,"texture":"#0"},"west":{"uv":[1.3125,8.75,1.125,9.125],"tintindex":0,"rotation":0,"texture":"#0"},"up":{"uv":[7.8125,1.4375,7.4375,1.25],"tintindex":0,"rotation":0,"texture":"#0"},"down":{"uv":[7.8125,1.25,7.4375,1.4375],"tintindex":0,"rotation":0,"texture":"#0"}}},{"from":[2.9108648,1.1651096,-5.4400196],"to":[2.960865,7.66511,0.5599799],"faces":{"east":{"uv":[10.625,7.125,11.375,7.9375],"tintindex":0,"rotation":0,"texture":"#0"},"south":{"uv":[8.3125,2.5,8.25,3.3125],"tintindex":0,"rotation":0,"texture":"#0"},"north":{"uv":[8.25,2.5,8.1875,3.3125],"tintindex":0,"rotation":0,"texture":"#0"},"west":{"uv":[11.375,7.125,10.625,7.9375],"tintindex":0,"rotation":0,"texture":"#0"},"up":{"uv":[1.125,10.1875,1.1875,9.125],"tintindex":0,"rotation":0,"texture":"#0"},"down":{"uv":[1.125,9.125,1.1875,10.1875],"tintindex":0,"rotation":0,"texture":"#0"}},"rotation":{"origin":[2.935865,4.4151096,-2.6400194],"angle":22.5,"axis":"y"}},{"from":[11.72501,1.1651096,-5.4400196],"to":[11.77501,7.66511,0.5599799],"faces":{"east":{"uv":[10.625,7.125,11.375,7.9375],"tintindex":0,"rotation":0,"texture":"#0"},"south":{"uv":[8.25,2.5,8.3125,3.3125],"tintindex":0,"rotation":0,"texture":"#0"},"north":{"uv":[8.1875,2.5,8.25,3.3125],"tintindex":0,"rotation":0,"texture":"#0"},"west":{"uv":[11.375,7.125,10.625,7.9375],"tintindex":0,"rotation":0,"texture":"#0"},"up":{"uv":[1.1875,10.1875,1.125,9.125],"tintindex":0,"rotation":0,"texture":"#0"},"down":{"uv":[1.1875,9.125,1.125,10.1875],"tintindex":0,"rotation":0,"texture":"#0"}},"rotation":{"origin":[11.75001,4.4151096,-2.6400194],"angle":-22.5,"axis":"y"}},{"from":[4.698527,2.3973742,6.420704],"to":[7.198527,5.397374,11.170704],"faces":{"east":{"uv":[14.125,5.25,13.5,5.625],"tintindex":0,"rotation":0,"texture":"#0"},"south":{"uv":[14.0625,3.0,14.375,3.375],"tintindex":0,"rotation":0,"texture":"#0"},"north":{"uv":[14.375,3.0,14.0625,3.375],"tintindex":0,"rotation":0,"texture":"#0"},"west":{"uv":[13.5,5.25,14.125,5.625],"tintindex":0,"rotation":0,"texture":"#0"},"up":{"uv":[3.1875,11.625,3.5,12.25],"tintindex":0,"rotation":0,"texture":"#0"},"down":{"uv":[3.1875,12.25,3.5,11.625],"tintindex":0,"rotation":0,"texture":"#0"}},"rotation":{"origin":[7.5929375,7.706752,6.0368276],"angle":-22.5,"axis":"x"}},{"from":[5.9613266,2.5651097,11.597683],"to":[6.011327,9.065109,17.597683],"faces":{"east":{"uv":[11.375,7.125,10.625,7.9375],"tintindex":0,"rotation":0,"texture":"#0"},"south":{"uv":[8.1875,2.5,8.25,3.3125],"tintindex":0,"rotation":0,"texture":"#0"},"north":{"uv":[8.25,2.5,8.3125,3.3125],"tintindex":0,"rotation":0,"texture":"#0"},"west":{"uv":[10.625,7.125,11.375,7.9375],"tintindex":0,"rotation":0,"texture":"#0"},"up":{"uv":[1.125,9.125,1.1875,10.1875],"tintindex":0,"rotation":0,"texture":"#0"},"down":{"uv":[1.125,10.1875,1.1875,9.125],"tintindex":0,"rotation":0,"texture":"#0"}}},{"from":[5.320977,6.06791,3.4687476],"to":[9.820977,8.567909,7.9687476],"faces":{"east":{"uv":[13.8125,4.9375,14.375,5.25],"tintindex":0,"rotation":0,"texture":"#0"},"south":{"uv":[9.375,0.9375,8.8125,1.25],"tintindex":0,"rotation":0,"texture":"#0"},"north":{"uv":[8.8125,0.9375,9.375,1.25],"tintindex":0,"rotation":0,"texture":"#0"},"west":{"uv":[14.375,4.9375,13.8125,5.25],"tintindex":0,"rotation":0,"texture":"#0"},"up":{"uv":[13.5625,2.6875,13.0,2.125],"tintindex":0,"rotation":0,"texture":"#0"},"down":{"uv":[13.5625,2.125,13.0,2.6875],"tintindex":0,"rotation":0,"texture":"#0"}}},{"from":[3.7485266,3.1973743,-0.39704895],"to":[6.248527,6.1973743,4.352951],"faces":{"east":{"uv":[13.5,5.25,14.125,5.625],"tintindex":0,"rotation":0,"texture":"#0"},"south":{"uv":[14.0625,3.0,14.375,3.375],"tintindex":0,"rotation":0,"texture":"#0"},"north":{"uv":[14.375,3.0,14.0625,3.375],"tintindex":0,"rotation":0,"texture":"#0"},"west":{"uv":[14.125,5.25,13.5,5.625],"tintindex":0,"rotation":0,"texture":"#0"},"up":{"uv":[3.1875,12.25,3.5,11.625],"tintindex":0,"rotation":0,"texture":"#0"},"down":{"uv":[3.1875,11.625,3.5,12.25],"tintindex":0,"rotation":0,"texture":"#0"}},"rotation":{"origin":[4.9985266,4.6973743,1.7779512],"angle":22.5,"axis":"y"}},{"from":[5.1659775,2.8151097,2.3581877],"to":[9.965978,6.06511,8.858188],"faces":{"east":{"uv":[8.375,7.125,9.1875,7.5625],"tintindex":0,"rotation":0,"texture":"#0"},"south":{"uv":[11.75,13.125,11.125,13.5625],"tintindex":0,"rotation":0,"texture":"#0"},"north":{"uv":[11.125,13.125,11.75,13.5625],"tintindex":0,"rotation":0,"texture":"#0"},"west":{"uv":[9.1875,7.125,8.375,7.5625],"tintindex":0,"rotation":0,"texture":"#0"},"up":{"uv":[7.4375,13.25,6.8125,12.4375],"tintindex":0,"rotation":0,"texture":"#0"},"down":{"uv":[7.4375,12.4375,6.8125,13.25],"tintindex":0,"rotation":0,"texture":"#0"}}},{"from":[6.263977,6.2931805,6.810483],"to":[8.763977,8.79318,12.310482],"faces":{"east":{"uv":[10.3125,7.9375,11.0,8.25],"tintindex":0,"rotation":0,"texture":"#0"},"south":{"uv":[14.0625,8.0625,14.375,8.375],"tintindex":0,"rotation":0,"texture":"#0"},"north":{"uv":[14.375,8.0625,14.0625,8.375],"tintindex":0,"rotation":0,"texture":"#0"},"west":{"uv":[11.0,7.9375,10.3125,8.25],"tintindex":0,"rotation":0,"texture":"#0"},"up":{"uv":[11.625,14.25,11.3125,13.5625],"tintindex":0,"rotation":0,"texture":"#0"},"down":{"uv":[11.625,13.5625,11.3125,14.25],"tintindex":0,"rotation":0,"texture":"#0"}},"rotation":{"origin":[7.5929375,7.706752,6.0368276],"angle":-22.5,"axis":"x"}}],"display":{"gui":{"rotation":[30,225,0]}}}