{"textures":{"0":"modelengine:entity/ouldhana"},"elements":[{"from":[15.527901,-2.6894503,2.6742854],"to":[15.607901,8.51055,8.274285],"faces":{"east":{"uv":[5.3125,10.0,4.625,11.375],"tintindex":0,"rotation":0,"texture":"#0"},"south":{"uv":[7.8125,14.0625,7.75,15.4375],"tintindex":0,"rotation":0,"texture":"#0"},"north":{"uv":[4.6875,14.0625,4.625,15.4375],"tintindex":0,"rotation":0,"texture":"#0"},"west":{"uv":[4.625,10.0,5.3125,11.375],"tintindex":0,"rotation":0,"texture":"#0"},"up":{"uv":[3.9375,7.625,3.25,7.6875],"tintindex":0,"rotation":270,"texture":"#0"},"down":{"uv":[3.9375,7.6875,3.25,7.625],"tintindex":0,"rotation":90,"texture":"#0"}},"rotation":{"origin":[15.817902,2.0105495,-17.625715],"angle":45.0,"axis":"z"}},{"from":[5.9655943,-5.1390133,10.974286],"to":[11.565595,6.0609856,11.054286],"faces":{"east":{"uv":[7.8125,14.0625,7.75,15.4375],"tintindex":0,"rotation":0,"texture":"#0"},"south":{"uv":[4.625,10.0,5.3125,11.375],"tintindex":0,"rotation":0,"texture":"#0"},"north":{"uv":[5.3125,10.0,4.625,11.375],"tintindex":0,"rotation":0,"texture":"#0"},"west":{"uv":[4.6875,14.0625,4.625,15.4375],"tintindex":0,"rotation":0,"texture":"#0"},"up":{"uv":[3.25,7.625,3.9375,7.5625],"tintindex":0,"rotation":0,"texture":"#0"},"down":{"uv":[3.25,7.5625,3.9375,7.625],"tintindex":0,"rotation":0,"texture":"#0"}},"rotation":{"origin":[11.7753315,2.3436022,8.194286],"angle":22.5,"axis":"z"}},{"from":[7.665594,2.0109863,10.024286],"to":[10.065595,8.410986,12.424286],"faces":{"east":{"uv":[6.8125,13.25,7.125,14.0625],"tintindex":0,"rotation":0,"texture":"#0"},"south":{"uv":[7.4375,13.25,7.125,14.0625],"tintindex":0,"rotation":0,"texture":"#0"},"north":{"uv":[7.125,13.25,7.4375,14.0625],"tintindex":0,"rotation":0,"texture":"#0"},"west":{"uv":[7.125,13.25,6.8125,14.0625],"tintindex":0,"rotation":0,"texture":"#0"},"up":{"uv":[14.0625,7.125,14.375,6.8125],"tintindex":0,"rotation":0,"texture":"#0"},"down":{"uv":[14.0625,6.8125,14.375,7.125],"tintindex":0,"rotation":0,"texture":"#0"}},"rotation":{"origin":[11.925332,2.3436022,8.444286],"angle":22.5,"axis":"z"}},{"from":[6.5327625,4.4391193,6.3742857],"to":[8.932762,7.63912,11.974286],"faces":{"east":{"uv":[13.1875,5.6875,13.875,6.0625],"tintindex":0,"rotation":0,"texture":"#0"},"south":{"uv":[14.0625,1.875,14.375,2.25],"tintindex":0,"rotation":0,"texture":"#0"},"north":{"uv":[14.375,1.875,14.0625,2.25],"tintindex":0,"rotation":0,"texture":"#0"},"west":{"uv":[13.875,5.6875,13.1875,6.0625],"tintindex":0,"rotation":0,"texture":"#0"},"up":{"uv":[12.875,14.1875,13.1875,13.5],"tintindex":0,"rotation":0,"texture":"#0"},"down":{"uv":[12.875,13.5,13.1875,14.1875],"tintindex":0,"rotation":0,"texture":"#0"}}},{"from":[10.629819,2.7420635,4.174286],"to":[13.029819,9.142063,6.574286],"faces":{"east":{"uv":[6.8125,13.25,7.125,14.0625],"tintindex":0,"rotation":0,"texture":"#0"},"south":{"uv":[7.4375,13.25,7.125,14.0625],"tintindex":0,"rotation":0,"texture":"#0"},"north":{"uv":[7.125,13.25,7.4375,14.0625],"tintindex":0,"rotation":0,"texture":"#0"},"west":{"uv":[7.125,13.25,6.8125,14.0625],"tintindex":0,"rotation":0,"texture":"#0"},"up":{"uv":[14.0625,7.125,14.375,6.8125],"tintindex":0,"rotation":0,"texture":"#0"},"down":{"uv":[14.0625,6.8125,14.375,7.125],"tintindex":0,"rotation":0,"texture":"#0"}},"rotation":{"origin":[11.829819,5.9420643,5.3742857],"angle":45.0,"axis":"z"}},{"from":[7.665594,2.0109863,5.774286],"to":[10.065595,8.410986,8.174286],"faces":{"east":{"uv":[6.8125,13.25,7.125,14.0625],"tintindex":0,"rotation":0,"texture":"#0"},"south":{"uv":[7.4375,13.25,7.125,14.0625],"tintindex":0,"rotation":0,"texture":"#0"},"north":{"uv":[7.125,13.25,7.4375,14.0625],"tintindex":0,"rotation":0,"texture":"#0"},"west":{"uv":[7.125,13.25,6.8125,14.0625],"tintindex":0,"rotation":0,"texture":"#0"},"up":{"uv":[14.0625,7.125,14.375,6.8125],"tintindex":0,"rotation":0,"texture":"#0"},"down":{"uv":[14.0625,6.8125,14.375,7.125],"tintindex":0,"rotation":0,"texture":"#0"}},"rotation":{"origin":[11.925332,2.3436022,4.194286],"angle":22.5,"axis":"z"}},{"from":[5.9655943,-5.1390133,6.724286],"to":[11.565595,6.0609856,6.804286],"faces":{"east":{"uv":[7.8125,14.0625,7.75,15.4375],"tintindex":0,"rotation":0,"texture":"#0"},"south":{"uv":[4.625,10.0,5.3125,11.375],"tintindex":0,"rotation":0,"texture":"#0"},"north":{"uv":[5.3125,10.0,4.625,11.375],"tintindex":0,"rotation":0,"texture":"#0"},"west":{"uv":[4.6875,14.0625,4.625,15.4375],"tintindex":0,"rotation":0,"texture":"#0"},"up":{"uv":[3.125,7.625,3.8125,7.5625],"tintindex":0,"rotation":0,"texture":"#0"},"down":{"uv":[3.125,7.5625,3.8125,7.625],"tintindex":0,"rotation":0,"texture":"#0"}},"rotation":{"origin":[11.7753315,2.3436022,8.144285],"angle":22.5,"axis":"z"}}],"display":{"gui":{"rotation":[30,225,0]}}}