{"textures":{"0":"modelengine:entity/ouldhana"},"elements":[{"from":[8.220287,4.734617,5.417143],"to":[10.620287,7.934618,11.017143],"faces":{"east":{"uv":[13.1875,5.6875,13.875,6.0625],"tintindex":0,"rotation":0,"texture":"#0"},"south":{"uv":[14.375,1.875,14.0625,2.25],"tintindex":0,"rotation":0,"texture":"#0"},"north":{"uv":[14.0625,1.875,14.375,2.25],"tintindex":0,"rotation":0,"texture":"#0"},"west":{"uv":[13.875,5.6875,13.1875,6.0625],"tintindex":0,"rotation":0,"texture":"#0"},"up":{"uv":[13.1875,14.1875,12.875,13.5],"tintindex":0,"rotation":0,"texture":"#0"},"down":{"uv":[13.1875,13.5,12.875,14.1875],"tintindex":0,"rotation":0,"texture":"#0"}}},{"from":[8.033723,2.2043076,3.217143],"to":[10.4337225,8.604307,5.6171427],"faces":{"east":{"uv":[6.8125,13.25,7.125,14.0625],"tintindex":0,"rotation":0,"texture":"#0"},"south":{"uv":[7.125,13.25,7.4375,14.0625],"tintindex":0,"rotation":0,"texture":"#0"},"north":{"uv":[7.4375,13.25,7.125,14.0625],"tintindex":0,"rotation":0,"texture":"#0"},"west":{"uv":[7.125,13.25,6.8125,14.0625],"tintindex":0,"rotation":0,"texture":"#0"},"up":{"uv":[14.375,7.125,14.0625,6.8125],"tintindex":0,"rotation":0,"texture":"#0"},"down":{"uv":[14.375,6.8125,14.0625,7.125],"tintindex":0,"rotation":0,"texture":"#0"}},"rotation":{"origin":[8.284304,10.541315,7.342143],"angle":-45.0,"axis":"z"}},{"from":[8.832753,-5.3542976,5.767143],"to":[14.432754,5.845703,5.847143],"faces":{"east":{"uv":[4.625,14.0625,4.6875,15.4375],"tintindex":0,"rotation":0,"texture":"#0"},"south":{"uv":[5.3125,10.0,4.625,11.375],"tintindex":0,"rotation":0,"texture":"#0"},"north":{"uv":[4.625,10.0,5.3125,11.375],"tintindex":0,"rotation":0,"texture":"#0"},"west":{"uv":[7.75,14.0625,7.8125,15.4375],"tintindex":0,"rotation":0,"texture":"#0"},"up":{"uv":[4.1875,7.6875,3.5,7.625],"tintindex":0,"rotation":0,"texture":"#0"},"down":{"uv":[4.1875,7.625,3.5,7.6875],"tintindex":0,"rotation":0,"texture":"#0"}},"rotation":{"origin":[8.284304,10.541315,7.342143],"angle":-22.5,"axis":"z"}},{"from":[10.344171,1.7382994,9.0671425],"to":[12.744171,8.1383,11.467143],"faces":{"east":{"uv":[6.8125,13.25,7.125,14.0625],"tintindex":0,"rotation":0,"texture":"#0"},"south":{"uv":[7.125,13.25,7.4375,14.0625],"tintindex":0,"rotation":0,"texture":"#0"},"north":{"uv":[7.4375,13.25,7.125,14.0625],"tintindex":0,"rotation":0,"texture":"#0"},"west":{"uv":[7.125,13.25,6.8125,14.0625],"tintindex":0,"rotation":0,"texture":"#0"},"up":{"uv":[14.375,7.125,14.0625,6.8125],"tintindex":0,"rotation":0,"texture":"#0"},"down":{"uv":[14.375,6.8125,14.0625,7.125],"tintindex":0,"rotation":0,"texture":"#0"}},"rotation":{"origin":[8.284304,10.541315,7.342143],"angle":-22.5,"axis":"z"}},{"from":[10.344171,1.7382994,4.8171425],"to":[12.744171,8.1383,7.217143],"faces":{"east":{"uv":[6.8125,13.25,7.125,14.0625],"tintindex":0,"rotation":0,"texture":"#0"},"south":{"uv":[7.125,13.25,7.4375,14.0625],"tintindex":0,"rotation":0,"texture":"#0"},"north":{"uv":[7.4375,13.25,7.125,14.0625],"tintindex":0,"rotation":0,"texture":"#0"},"west":{"uv":[7.125,13.25,6.8125,14.0625],"tintindex":0,"rotation":0,"texture":"#0"},"up":{"uv":[14.375,7.125,14.0625,6.8125],"tintindex":0,"rotation":0,"texture":"#0"},"down":{"uv":[14.375,6.8125,14.0625,7.125],"tintindex":0,"rotation":0,"texture":"#0"}},"rotation":{"origin":[8.284304,10.541315,7.342143],"angle":-22.5,"axis":"z"}},{"from":[8.832753,-5.3542976,10.017143],"to":[14.432754,5.845703,10.097143],"faces":{"east":{"uv":[4.625,14.0625,4.6875,15.4375],"tintindex":0,"rotation":0,"texture":"#0"},"south":{"uv":[5.3125,10.0,4.625,11.375],"tintindex":0,"rotation":0,"texture":"#0"},"north":{"uv":[4.625,10.0,5.3125,11.375],"tintindex":0,"rotation":0,"texture":"#0"},"west":{"uv":[7.75,14.0625,7.8125,15.4375],"tintindex":0,"rotation":0,"texture":"#0"},"up":{"uv":[4.0,7.625,3.3125,7.5625],"tintindex":0,"rotation":0,"texture":"#0"},"down":{"uv":[4.0,7.5625,3.3125,7.625],"tintindex":0,"rotation":0,"texture":"#0"}},"rotation":{"origin":[8.284304,10.541315,7.342143],"angle":-22.5,"axis":"z"}},{"from":[9.403723,-4.895693,1.7171426],"to":[9.483723,6.304306,7.3171425],"faces":{"east":{"uv":[5.3125,10.0,4.625,11.375],"tintindex":0,"rotation":0,"texture":"#0"},"south":{"uv":[7.75,14.0625,7.8125,15.4375],"tintindex":0,"rotation":0,"texture":"#0"},"north":{"uv":[4.625,14.0625,4.6875,15.4375],"tintindex":0,"rotation":0,"texture":"#0"},"west":{"uv":[4.625,10.0,5.3125,11.375],"tintindex":0,"rotation":0,"texture":"#0"},"up":{"uv":[4.1875,7.75,3.5,7.6875],"tintindex":0,"rotation":270,"texture":"#0"},"down":{"uv":[4.1875,7.6875,3.5,7.75],"tintindex":0,"rotation":90,"texture":"#0"}},"rotation":{"origin":[8.284304,10.541315,7.342143],"angle":-45.0,"axis":"z"}}],"display":{"gui":{"rotation":[30,225,0]}}}