{"textures":{"0":"modelengine:entity/ouldhana"},"elements":[{"from":[4.498498,12.665302,8.53936],"to":[11.498498,19.165302,15.03936],"faces":{"east":{"uv":[11.1875,11.625,12.0,12.4375],"tintindex":0,"rotation":0,"texture":"#0"},"south":{"uv":[11.4375,2.4375,12.3125,3.25],"tintindex":0,"rotation":0,"texture":"#0"},"north":{"uv":[11.4375,2.4375,12.3125,3.25],"tintindex":0,"rotation":0,"texture":"#0"},"west":{"uv":[12.0,11.625,11.1875,12.4375],"tintindex":0,"rotation":0,"texture":"#0"},"up":{"uv":[12.3125,4.0625,11.4375,3.25],"tintindex":0,"rotation":0,"texture":"#0"},"down":{"uv":[12.3125,3.25,11.4375,4.0625],"tintindex":0,"rotation":0,"texture":"#0"}}},{"from":[6.7334294,13.386978,9.18936],"to":[9.222134,21.378975,11.648624],"faces":{"east":{"uv":[11.125,12.5625,10.8125,13.5625],"tintindex":0,"rotation":0,"texture":"#0"},"south":{"uv":[6.0,11.75,6.3125,12.75],"tintindex":0,"rotation":0,"texture":"#0"},"north":{"uv":[6.3125,11.75,6.0,12.75],"tintindex":0,"rotation":0,"texture":"#0"},"west":{"uv":[11.125,12.5625,10.8125,13.5625],"tintindex":0,"rotation":0,"texture":"#0"},"up":{"uv":[3.8125,14.375,4.125,14.0625],"tintindex":0,"rotation":0,"texture":"#0"},"down":{"uv":[3.8125,14.0625,4.125,14.375],"tintindex":0,"rotation":0,"texture":"#0"}},"rotation":{"origin":[8.128801,14.348087,10.732892],"angle":45.0,"axis":"z"}},{"from":[7.0354705,13.386978,9.18936],"to":[9.524175,21.378975,11.648624],"faces":{"east":{"uv":[10.8125,12.5625,11.125,13.5625],"tintindex":0,"rotation":0,"texture":"#0"},"south":{"uv":[6.3125,11.75,6.0,12.75],"tintindex":0,"rotation":0,"texture":"#0"},"north":{"uv":[6.0,11.75,6.3125,12.75],"tintindex":0,"rotation":0,"texture":"#0"},"west":{"uv":[10.8125,12.5625,11.125,13.5625],"tintindex":0,"rotation":0,"texture":"#0"},"up":{"uv":[4.125,14.375,3.8125,14.0625],"tintindex":0,"rotation":0,"texture":"#0"},"down":{"uv":[4.125,14.0625,3.8125,14.375],"tintindex":0,"rotation":0,"texture":"#0"}},"rotation":{"origin":[8.128801,14.348087,10.732892],"angle":-45.0,"axis":"z"}},{"from":[7.957983,18.391563,5.4863553],"to":[8.007982,30.891563,14.486355],"faces":{"east":{"uv":[8.3125,3.3125,7.1875,4.875],"tintindex":0,"rotation":0,"texture":"#0"},"south":{"uv":[4.5,14.0625,4.4375,15.625],"tintindex":0,"rotation":0,"texture":"#0"},"north":{"uv":[2.6875,14.0625,2.625,15.625],"tintindex":0,"rotation":0,"texture":"#0"},"west":{"uv":[7.1875,3.3125,8.3125,4.875],"tintindex":0,"rotation":0,"texture":"#0"},"up":{"uv":[6.0,2.8125,7.125,2.75],"tintindex":0,"rotation":90,"texture":"#0"},"down":{"uv":[6.0,2.8125,7.125,2.875],"tintindex":0,"rotation":270,"texture":"#0"}},"rotation":{"origin":[8.128801,14.348087,10.732892],"angle":-45.0,"axis":"x"}},{"from":[3.4569726,12.755703,6.2439556],"to":[8.956972,19.255703,11.743956],"faces":{"east":{"uv":[12.3125,2.25,13.0,3.0625],"tintindex":0,"rotation":0,"texture":"#0"},"south":{"uv":[13.0,2.25,12.3125,3.0625],"tintindex":0,"rotation":0,"texture":"#0"},"north":{"uv":[13.0,2.25,12.3125,3.0625],"tintindex":0,"rotation":0,"texture":"#0"},"west":{"uv":[12.3125,2.25,13.0,3.0625],"tintindex":0,"rotation":0,"texture":"#0"},"up":{"uv":[11.875,13.125,11.1875,12.4375],"tintindex":0,"rotation":0,"texture":"#0"},"down":{"uv":[11.875,12.4375,11.1875,13.125],"tintindex":0,"rotation":0,"texture":"#0"}},"rotation":{"origin":[8.128801,14.348087,10.732892],"angle":-45.0,"axis":"y"}},{"from":[7.9484982,10.665302,11.53936],"to":[7.998498,21.665302,25.53936],"faces":{"east":{"uv":[2.375,0.0625,4.125,1.4375],"tintindex":0,"rotation":0,"texture":"#0"},"south":{"uv":[8.8125,14.0,8.875,15.75],"tintindex":0,"rotation":0,"texture":"#0"},"north":{"uv":[5.875,10.0,5.9375,11.75],"tintindex":0,"rotation":0,"texture":"#0"},"west":{"uv":[4.125,0.0625,2.375,1.4375],"tintindex":0,"rotation":0,"texture":"#0"},"up":{"uv":[8.9375,15.75,8.875,14.0],"tintindex":0,"rotation":0,"texture":"#0"},"down":{"uv":[10.1875,14.0,10.125,15.75],"tintindex":0,"rotation":0,"texture":"#0"}}},{"from":[4.7519474,6.3473816,7.53893],"to":[7.5019474,8.847382,10.28893],"faces":{"east":{"uv":[2.125,14.0625,1.75,14.375],"tintindex":0,"rotation":0,"texture":"#0"},"south":{"uv":[1.75,14.0625,2.125,14.375],"tintindex":0,"rotation":0,"texture":"#0"},"north":{"uv":[2.125,14.0625,1.75,14.375],"tintindex":0,"rotation":0,"texture":"#0"},"west":{"uv":[1.75,14.0625,2.125,14.375],"tintindex":0,"rotation":0,"texture":"#0"},"up":{"uv":[8.75,14.375,8.375,14.0],"tintindex":0,"rotation":0,"texture":"#0"},"down":{"uv":[8.75,14.0,8.375,14.375],"tintindex":0,"rotation":0,"texture":"#0"}},"rotation":{"origin":[8.128801,14.348087,10.732892],"angle":-45.0,"axis":"y"}},{"from":[3.5354705,17.386978,10.389359],"to":[12.535471,29.886978,10.43936],"faces":{"east":{"uv":[2.625,14.0625,2.6875,15.625],"tintindex":0,"rotation":0,"texture":"#0"},"south":{"uv":[8.3125,3.3125,7.1875,4.875],"tintindex":0,"rotation":0,"texture":"#0"},"north":{"uv":[7.1875,3.3125,8.3125,4.875],"tintindex":0,"rotation":0,"texture":"#0"},"west":{"uv":[4.4375,14.0625,4.5,15.625],"tintindex":0,"rotation":0,"texture":"#0"},"up":{"uv":[7.125,2.8125,6.0,2.75],"tintindex":0,"rotation":0,"texture":"#0"},"down":{"uv":[7.125,2.8125,6.0,2.875],"tintindex":0,"rotation":0,"texture":"#0"}},"rotation":{"origin":[8.128801,14.348087,10.732892],"angle":-45.0,"axis":"z"}},{"from":[6.7487187,14.487759,7.958564],"to":[9.207983,22.47976,10.447268],"faces":{"east":{"uv":[6.3125,11.75,6.0,12.75],"tintindex":0,"rotation":0,"texture":"#0"},"south":{"uv":[11.125,12.5625,10.8125,13.5625],"tintindex":0,"rotation":0,"texture":"#0"},"north":{"uv":[11.125,12.5625,10.8125,13.5625],"tintindex":0,"rotation":0,"texture":"#0"},"west":{"uv":[6.0,11.75,6.3125,12.75],"tintindex":0,"rotation":0,"texture":"#0"},"up":{"uv":[3.8125,14.375,4.125,14.0625],"tintindex":0,"rotation":90,"texture":"#0"},"down":{"uv":[3.8125,14.0625,4.125,14.375],"tintindex":0,"rotation":270,"texture":"#0"}},"rotation":{"origin":[8.128801,14.348087,10.732892],"angle":-45.0,"axis":"x"}},{"from":[3.9753723,8.845303,6.7623553],"to":[8.975372,13.595303,11.762356],"faces":{"east":{"uv":[12.875,4.4375,13.5,5.0625],"tintindex":0,"rotation":0,"texture":"#0"},"south":{"uv":[13.5,4.4375,12.875,5.0625],"tintindex":0,"rotation":0,"texture":"#0"},"north":{"uv":[13.4375,4.4375,13.5,5.0625],"tintindex":0,"rotation":0,"texture":"#0"},"west":{"uv":[13.5,4.4375,13.4375,5.0625],"tintindex":0,"rotation":0,"texture":"#0"},"up":{"uv":[13.5625,8.375,12.9375,7.75],"tintindex":0,"rotation":0,"texture":"#0"},"down":{"uv":[13.5625,7.75,12.9375,8.375],"tintindex":0,"rotation":0,"texture":"#0"}},"rotation":{"origin":[8.128801,14.348087,10.732892],"angle":-45.0,"axis":"y"}},{"from":[3.7221332,17.386978,10.389359],"to":[12.722134,29.886978,10.43936],"faces":{"east":{"uv":[4.5,14.0625,4.4375,15.625],"tintindex":0,"rotation":0,"texture":"#0"},"south":{"uv":[7.1875,3.3125,8.3125,4.875],"tintindex":0,"rotation":0,"texture":"#0"},"north":{"uv":[8.3125,3.3125,7.1875,4.875],"tintindex":0,"rotation":0,"texture":"#0"},"west":{"uv":[2.6875,14.0625,2.625,15.625],"tintindex":0,"rotation":0,"texture":"#0"},"up":{"uv":[6.0,2.8125,7.125,2.75],"tintindex":0,"rotation":0,"texture":"#0"},"down":{"uv":[6.0,2.8125,7.125,2.875],"tintindex":0,"rotation":0,"texture":"#0"}},"rotation":{"origin":[8.128801,14.348087,10.732892],"angle":45.0,"axis":"z"}},{"from":[3.4569726,8.747383,6.2439556],"to":[7.2069726,12.747383,9.993956],"faces":{"east":{"uv":[9.75,13.5,10.25,14.0],"tintindex":0,"rotation":0,"texture":"#0"},"south":{"uv":[10.25,13.5,9.75,14.0],"tintindex":0,"rotation":0,"texture":"#0"},"north":{"uv":[10.25,13.5,9.75,14.0],"tintindex":0,"rotation":0,"texture":"#0"},"west":{"uv":[9.75,13.5,10.25,14.0],"tintindex":0,"rotation":0,"texture":"#0"},"up":{"uv":[12.875,14.0,12.375,13.5],"tintindex":0,"rotation":0,"texture":"#0"},"down":{"uv":[12.875,13.5,12.375,14.0],"tintindex":0,"rotation":0,"texture":"#0"}},"rotation":{"origin":[8.128801,14.348087,10.732892],"angle":-45.0,"axis":"y"}}],"display":{"gui":{"rotation":[30,225,0]}}}