{"textures":{"1":"modelengine:entity/ouldhana_vfx"},"elements":[{"from":[5.190301,14.65,-0.33333397],"to":[23.523636,14.683333,16.333334],"faces":{"up":{"uv":[16.0,0.0,12.619255,3.1746895],"tintindex":0,"rotation":0,"texture":"#1"},"down":{"uv":[16.0,3.1801243,12.619255,0.0],"tintindex":0,"rotation":0,"texture":"#1"}},"rotation":{"origin":[14.356968,14.666666,8.0],"angle":-22.5,"axis":"z"}},{"from":[-7.523635,14.65,-0.33333397],"to":[10.809699,14.683333,16.333334],"faces":{"up":{"uv":[12.619255,0.0,16.0,3.1746895],"tintindex":0,"rotation":0,"texture":"#1"},"down":{"uv":[12.619255,3.1801243,16.0,0.0],"tintindex":0,"rotation":0,"texture":"#1"}},"rotation":{"origin":[1.6430321,14.666666,8.0],"angle":22.5,"axis":"z"}},{"from":[8.190301,7.983332,-0.33333397],"to":[26.523636,8.016666,16.333334],"faces":{"up":{"uv":[16.0,0.0,12.619255,3.1746895],"tintindex":0,"rotation":0,"texture":"#1"},"down":{"uv":[16.0,3.1801243,12.619255,0.0],"tintindex":0,"rotation":0,"texture":"#1"}},"rotation":{"origin":[17.356968,8.0,8.0],"angle":-22.5,"axis":"z"}},{"from":[-10.523636,7.983332,-0.33333397],"to":[7.809699,8.016666,16.333334],"faces":{"up":{"uv":[12.619255,0.0,16.0,3.1746895],"tintindex":0,"rotation":0,"texture":"#1"},"down":{"uv":[12.619255,3.1801243,16.0,0.0],"tintindex":0,"rotation":0,"texture":"#1"}},"rotation":{"origin":[-1.3569679,8.0,8.0],"angle":22.5,"axis":"z"}}],"display":{"gui":{"rotation":[30,225,0]}}}