{"textures":{"1":"modelengine:entity/ouldhana_vfx"},"elements":[{"from":[-3.4444447,11.06041,2.2247782],"to":[23.222223,11.160411,15.558112],"faces":{"up":{"uv":[0.0,8.048448,3.9708076,16.0],"tintindex":0,"rotation":90,"texture":"#1"},"down":{"uv":[0.0,16.0,3.9708076,8.048448],"tintindex":0,"rotation":270,"texture":"#1"}}},{"from":[-3.4444447,5.0604095,2.2247782],"to":[23.222223,5.1604104,15.558112],"faces":{"up":{"uv":[0.0,8.048448,3.9708076,16.0],"tintindex":0,"rotation":90,"texture":"#1"},"down":{"uv":[0.0,16.0,3.9708076,8.048448],"tintindex":0,"rotation":270,"texture":"#1"}}},{"from":[-9.111111,7.729177,-0.4495573],"to":[17.555555,7.829178,12.883777],"faces":{"up":{"uv":[0.0,8.048448,3.9708076,16.0],"tintindex":0,"rotation":90,"texture":"#1"},"down":{"uv":[0.0,16.0,3.9708076,8.048448],"tintindex":0,"rotation":270,"texture":"#1"}}}],"display":{"gui":{"rotation":[30,225,0]}}}