{"textures":{"0":"modelengine:entity/ouldhana"},"elements":[{"from":[14.674601,15.400928,-1.721775],"to":[17.007935,17.400928,0.27822495],"faces":{"east":{"uv":[0.875,2.5,0.5,2.875],"tintindex":0,"rotation":180,"texture":"#0"},"south":{"uv":[0.0,2.625,0.4375,2.25],"tintindex":0,"rotation":180,"texture":"#0"},"north":{"uv":[0.4375,2.625,0.0,2.25],"tintindex":0,"rotation":180,"texture":"#0"},"west":{"uv":[0.5,2.5,0.875,2.875],"tintindex":0,"rotation":180,"texture":"#0"},"up":{"uv":[0.0,2.25,0.4375,2.625],"tintindex":0,"rotation":180,"texture":"#0"},"down":{"uv":[0.0,2.25,0.4375,2.625],"tintindex":0,"rotation":180,"texture":"#0"}},"rotation":{"origin":[15.830155,5.805539,9.896041],"angle":-45.0,"axis":"x"}},{"from":[15.341267,-5.755084,19.54862],"to":[16.307934,-3.8717518,21.431953],"faces":{"east":{"uv":[0.0,7.875,0.375,8.25],"tintindex":0,"rotation":180,"texture":"#0"},"south":{"uv":[0.5625,7.875,0.75,8.25],"tintindex":0,"rotation":180,"texture":"#0"},"north":{"uv":[0.0,3.25,0.1875,3.625],"tintindex":0,"rotation":180,"texture":"#0"},"west":{"uv":[0.0,7.875,0.375,8.25],"tintindex":0,"rotation":180,"texture":"#0"},"up":{"uv":[0.0,3.25,0.1875,3.625],"tintindex":0,"rotation":180,"texture":"#0"},"down":{"uv":[0.375,7.875,0.5625,8.25],"tintindex":0,"rotation":180,"texture":"#0"}},"rotation":{"origin":[15.830155,5.805539,9.896041],"angle":-45.0,"axis":"x"}},{"from":[15.3246,4.456347,4.89604],"to":[16.3246,7.123014,24.896042],"faces":{"east":{"uv":[3.75,8.25,0.0,8.75],"tintindex":0,"rotation":180,"texture":"#0"},"south":{"uv":[0.8125,3.25,1.0,3.75],"tintindex":0,"rotation":180,"texture":"#0"},"north":{"uv":[0.8125,3.25,1.0,3.75],"tintindex":0,"rotation":180,"texture":"#0"},"west":{"uv":[0.0,8.25,3.75,8.75],"tintindex":0,"rotation":180,"texture":"#0"},"up":{"uv":[1.3125,12.25,1.125,16.0],"tintindex":0,"rotation":180,"texture":"#0"},"down":{"uv":[1.125,12.25,1.3125,16.0],"tintindex":0,"rotation":180,"texture":"#0"}}},{"from":[14.841267,4.8230157,-5.437293],"to":[16.841267,6.8230157,3.562707],"faces":{"east":{"uv":[4.0,3.125,2.3125,3.5],"tintindex":0,"rotation":180,"texture":"#0"},"south":{"uv":[0.0,0.0,0.375,0.375],"tintindex":0,"rotation":180,"texture":"#0"},"north":{"uv":[0.0,0.0,0.375,0.375],"tintindex":0,"rotation":180,"texture":"#0"},"west":{"uv":[2.3125,3.125,4.0,3.5],"tintindex":0,"rotation":180,"texture":"#0"},"up":{"uv":[4.0,1.8125,4.375,3.5],"tintindex":0,"rotation":180,"texture":"#0"},"down":{"uv":[4.0,3.5,4.375,1.8125],"tintindex":0,"rotation":180,"texture":"#0"}}},{"from":[14.541266,4.489682,0.89604044],"to":[17.141266,7.156349,2.89604],"faces":{"east":{"uv":[2.1875,3.25,1.8125,3.75],"tintindex":0,"rotation":180,"texture":"#0"},"south":{"uv":[0.5,2.625,0.0,3.125],"tintindex":0,"rotation":180,"texture":"#0"},"north":{"uv":[0.0,2.625,0.5,3.125],"tintindex":0,"rotation":180,"texture":"#0"},"west":{"uv":[1.8125,3.25,2.1875,3.75],"tintindex":0,"rotation":180,"texture":"#0"},"up":{"uv":[2.3125,2.875,1.8125,3.25],"tintindex":0,"rotation":180,"texture":"#0"},"down":{"uv":[2.3125,3.25,1.8125,2.875],"tintindex":0,"rotation":180,"texture":"#0"}}},{"from":[14.507934,8.134598,4.211221],"to":[17.1746,11.467932,7.5445547],"faces":{"east":{"uv":[1.8125,3.125,1.1875,3.75],"tintindex":0,"rotation":180,"texture":"#0"},"south":{"uv":[0.5,2.625,0.0,3.25],"tintindex":0,"rotation":180,"texture":"#0"},"north":{"uv":[0.0,2.625,0.5,3.25],"tintindex":0,"rotation":180,"texture":"#0"},"west":{"uv":[1.1875,3.125,1.8125,3.75],"tintindex":0,"rotation":180,"texture":"#0"},"up":{"uv":[0.0,2.625,0.5,3.25],"tintindex":0,"rotation":180,"texture":"#0"},"down":{"uv":[0.5,2.625,0.0,3.25],"tintindex":0,"rotation":180,"texture":"#0"}},"rotation":{"origin":[15.830155,5.805539,9.896041],"angle":-45.0,"axis":"x"}},{"from":[14.507934,4.489682,-3.770626],"to":[17.1746,7.156349,-1.7706261],"faces":{"east":{"uv":[2.1875,3.25,1.8125,3.75],"tintindex":0,"rotation":180,"texture":"#0"},"south":{"uv":[0.5,2.625,0.0,3.125],"tintindex":0,"rotation":180,"texture":"#0"},"north":{"uv":[0.0,2.625,0.5,3.125],"tintindex":0,"rotation":180,"texture":"#0"},"west":{"uv":[1.8125,3.25,2.1875,3.75],"tintindex":0,"rotation":180,"texture":"#0"},"up":{"uv":[2.3125,2.875,1.8125,3.25],"tintindex":0,"rotation":180,"texture":"#0"},"down":{"uv":[2.3125,3.25,1.8125,2.875],"tintindex":0,"rotation":180,"texture":"#0"}}},{"from":[14.152378,8.804642,4.878919],"to":[17.48571,10.804642,6.878919],"faces":{"east":{"uv":[0.875,2.875,0.5,3.25],"tintindex":0,"rotation":180,"texture":"#0"},"south":{"uv":[1.1875,2.75,1.8125,3.125],"tintindex":0,"rotation":180,"texture":"#0"},"north":{"uv":[1.8125,2.75,1.1875,3.125],"tintindex":0,"rotation":180,"texture":"#0"},"west":{"uv":[0.5,2.875,0.875,3.25],"tintindex":0,"rotation":180,"texture":"#0"},"up":{"uv":[1.1875,2.75,1.8125,3.125],"tintindex":0,"rotation":180,"texture":"#0"},"down":{"uv":[1.8125,2.75,1.1875,3.125],"tintindex":0,"rotation":180,"texture":"#0"}},"rotation":{"origin":[15.830155,5.805539,9.896041],"angle":-45.0,"axis":"x"}}],"display":{"gui":{"rotation":[30,225,0]}}}