{"textures":{"0":"modelengine:entity/ouldhana"},"elements":[{"from":[3.6899996,-3.312418,5.3582945],"to":[9.29,7.887583,10.958294],"faces":{"east":{"uv":[6.3125,9.8125,7.0,11.1875],"tintindex":0,"rotation":0,"texture":"#0"},"south":{"uv":[10.4375,9.6875,9.75,11.0625],"tintindex":0,"rotation":0,"texture":"#0"},"north":{"uv":[9.75,9.6875,10.4375,11.0625],"tintindex":0,"rotation":0,"texture":"#0"},"west":{"uv":[7.0,9.8125,6.3125,11.1875],"tintindex":0,"rotation":0,"texture":"#0"},"up":{"uv":[0.6875,9.875,0.0,9.1875],"tintindex":0,"rotation":0,"texture":"#0"},"down":{"uv":[0.5625,4.5625,1.25,5.25],"tintindex":0,"rotation":0,"texture":"#0"}}},{"from":[9.29,-3.312418,7.9582944],"to":[17.29,11.087582,8.038294],"faces":{"east":{"uv":[6.625,13.75,6.6875,15.5625],"tintindex":0,"rotation":0,"texture":"#0"},"south":{"uv":[7.1875,1.5,8.1875,3.3125],"tintindex":0,"rotation":0,"texture":"#0"},"north":{"uv":[8.1875,1.5,7.1875,3.3125],"tintindex":0,"rotation":0,"texture":"#0"},"west":{"uv":[6.6875,13.75,6.75,15.5625],"tintindex":0,"rotation":0,"texture":"#0"},"up":{"uv":[9.375,7.625,8.375,7.5625],"tintindex":0,"rotation":0,"texture":"#0"},"down":{"uv":[15.0,13.5,14.0,13.5625],"tintindex":0,"rotation":0,"texture":"#0"}}},{"from":[6.49,6.7034035,8.656646],"to":[6.5699997,21.103405,18.856646],"faces":{"east":{"uv":[4.375,2.875,5.625,4.6875],"tintindex":0,"rotation":0,"texture":"#0"},"south":{"uv":[8.75,14.0,8.8125,15.8125],"tintindex":0,"rotation":0,"texture":"#0"},"north":{"uv":[6.75,13.75,6.8125,15.5625],"tintindex":0,"rotation":0,"texture":"#0"},"west":{"uv":[5.625,2.875,4.375,4.6875],"tintindex":0,"rotation":0,"texture":"#0"},"up":{"uv":[9.125,11.25,9.0625,9.875],"tintindex":0,"rotation":0,"texture":"#0"},"down":{"uv":[3.4375,10.25,3.375,11.625],"tintindex":0,"rotation":0,"texture":"#0"}},"rotation":{"origin":[5.8900003,7.522789,12.032736],"angle":22.5,"axis":"x"}},{"from":[5.29,1.3534031,9.756645],"to":[7.6899996,10.953403,12.956646],"faces":{"east":{"uv":[0.0,12.5,0.375,13.6875],"tintindex":0,"rotation":0,"texture":"#0"},"south":{"uv":[2.875,12.5625,3.1875,13.75],"tintindex":0,"rotation":0,"texture":"#0"},"north":{"uv":[3.1875,12.5625,2.875,13.75],"tintindex":0,"rotation":0,"texture":"#0"},"west":{"uv":[0.375,12.5,0.0,13.6875],"tintindex":0,"rotation":0,"texture":"#0"},"up":{"uv":[13.5,14.25,13.1875,13.875],"tintindex":0,"rotation":0,"texture":"#0"},"down":{"uv":[13.5,14.25,13.1875,13.875],"tintindex":0,"rotation":0,"texture":"#0"}},"rotation":{"origin":[5.8900003,7.522789,12.032736],"angle":22.5,"axis":"x"}}],"display":{"gui":{"rotation":[30,225,0]}}}