{"textures":{"0":"modelengine:entity/ouldhana"},"elements":[{"from":[3.08736,-12.600958,2.4509125],"to":[13.087359,7.39904,13.450912],"faces":{"east":{"uv":[10.375,5.875,11.0625,7.125],"tintindex":0,"rotation":0,"texture":"#0"},"south":{"uv":[7.4375,11.1875,6.8125,12.4375],"tintindex":0,"rotation":0,"texture":"#0"},"north":{"uv":[6.8125,11.1875,7.4375,12.4375],"tintindex":0,"rotation":0,"texture":"#0"},"west":{"uv":[11.0625,5.875,10.375,7.125],"tintindex":0,"rotation":0,"texture":"#0"},"up":{"uv":[0.625,9.875,0.0,9.1875],"tintindex":0,"rotation":0,"texture":"#0"},"down":{"uv":[0.625,9.1875,0.0,9.875],"tintindex":0,"rotation":0,"texture":"#0"}}},{"from":[3.08736,7.39904,2.4509125],"to":[3.1873598,26.39904,13.450912],"faces":{"east":{"uv":[9.75,11.0625,10.4375,12.25],"tintindex":0,"rotation":0,"texture":"#0"},"south":{"uv":[11.375,7.0,12.0,8.1875],"tintindex":0,"rotation":0,"texture":"#0"},"north":{"uv":[9.125,11.25,9.75,12.4375],"tintindex":0,"rotation":0,"texture":"#0"},"west":{"uv":[10.4375,11.0625,9.75,12.25],"tintindex":0,"rotation":0,"texture":"#0"},"up":{"uv":[13.375,12.4375,12.75,11.75],"tintindex":0,"rotation":0,"texture":"#0"},"down":{"uv":[12.5,12.75,11.875,13.4375],"tintindex":0,"rotation":0,"texture":"#0"}}},{"from":[12.987359,7.39904,2.4509125],"to":[13.087359,26.39904,13.450912],"faces":{"east":{"uv":[9.75,11.0625,10.4375,12.25],"tintindex":0,"rotation":0,"texture":"#0"},"south":{"uv":[11.375,7.0,12.0,8.1875],"tintindex":0,"rotation":0,"texture":"#0"},"north":{"uv":[9.125,11.25,9.75,12.4375],"tintindex":0,"rotation":0,"texture":"#0"},"west":{"uv":[10.4375,11.0625,9.75,12.25],"tintindex":0,"rotation":0,"texture":"#0"},"up":{"uv":[13.375,12.4375,12.75,11.75],"tintindex":0,"rotation":0,"texture":"#0"},"down":{"uv":[12.5,12.75,11.875,13.4375],"tintindex":0,"rotation":0,"texture":"#0"}}},{"from":[3.08736,7.39904,2.4509125],"to":[13.087359,26.39904,2.5509124],"faces":{"east":{"uv":[9.75,11.0625,10.4375,12.25],"tintindex":0,"rotation":0,"texture":"#0"},"south":{"uv":[9.75,11.25,9.125,12.4375],"tintindex":0,"rotation":0,"texture":"#0"},"north":{"uv":[9.125,11.25,9.75,12.4375],"tintindex":0,"rotation":0,"texture":"#0"},"west":{"uv":[10.4375,11.0625,9.75,12.25],"tintindex":0,"rotation":0,"texture":"#0"},"up":{"uv":[13.375,12.4375,12.75,11.75],"tintindex":0,"rotation":0,"texture":"#0"},"down":{"uv":[12.5,12.75,11.875,13.4375],"tintindex":0,"rotation":0,"texture":"#0"}}}],"display":{"gui":{"rotation":[30,225,0]}}}