{"textures":{"0":"modelengine:entity/ouldhana"},"elements":[{"from":[-1.29,-3.312418,5.458294],"to":[6.71,11.087582,5.5382943],"faces":{"east":{"uv":[6.75,13.75,6.6875,15.5625],"tintindex":0,"rotation":0,"texture":"#0"},"south":{"uv":[8.1875,1.5,7.1875,3.3125],"tintindex":0,"rotation":0,"texture":"#0"},"north":{"uv":[7.1875,1.5,8.1875,3.3125],"tintindex":0,"rotation":0,"texture":"#0"},"west":{"uv":[6.6875,13.75,6.625,15.5625],"tintindex":0,"rotation":0,"texture":"#0"},"up":{"uv":[8.375,7.625,9.375,7.5625],"tintindex":0,"rotation":0,"texture":"#0"},"down":{"uv":[14.0,13.5,15.0,13.5625],"tintindex":0,"rotation":0,"texture":"#0"}}},{"from":[8.31,2.6927967,6.990224],"to":[10.71,12.292797,10.190224],"faces":{"east":{"uv":[0.0,12.5,0.375,13.6875],"tintindex":0,"rotation":0,"texture":"#0"},"south":{"uv":[3.1875,12.5625,2.875,13.75],"tintindex":0,"rotation":0,"texture":"#0"},"north":{"uv":[2.875,12.5625,3.1875,13.75],"tintindex":0,"rotation":0,"texture":"#0"},"west":{"uv":[0.375,12.5,0.0,13.6875],"tintindex":0,"rotation":0,"texture":"#0"},"up":{"uv":[13.1875,14.25,13.5,13.875],"tintindex":0,"rotation":0,"texture":"#0"},"down":{"uv":[13.1875,14.25,13.5,13.875],"tintindex":0,"rotation":0,"texture":"#0"}},"rotation":{"origin":[9.11,7.522789,6.0327353],"angle":22.5,"axis":"x"}},{"from":[9.43,8.042795,5.890224],"to":[9.51,22.442795,16.090225],"faces":{"east":{"uv":[4.375,2.875,5.625,4.6875],"tintindex":0,"rotation":0,"texture":"#0"},"south":{"uv":[8.8125,14.0,8.75,15.8125],"tintindex":0,"rotation":0,"texture":"#0"},"north":{"uv":[6.8125,13.75,6.75,15.5625],"tintindex":0,"rotation":0,"texture":"#0"},"west":{"uv":[5.625,2.875,4.375,4.6875],"tintindex":0,"rotation":0,"texture":"#0"},"up":{"uv":[9.0625,11.25,9.125,9.875],"tintindex":0,"rotation":0,"texture":"#0"},"down":{"uv":[3.375,10.25,3.4375,11.625],"tintindex":0,"rotation":0,"texture":"#0"}},"rotation":{"origin":[9.11,7.522789,6.0327353],"angle":22.5,"axis":"x"}},{"from":[6.71,-3.312418,2.8582945],"to":[12.31,7.887583,8.458294],"faces":{"east":{"uv":[6.3125,9.8125,7.0,11.1875],"tintindex":0,"rotation":0,"texture":"#0"},"south":{"uv":[9.75,9.6875,10.4375,11.0625],"tintindex":0,"rotation":0,"texture":"#0"},"north":{"uv":[10.4375,9.6875,9.75,11.0625],"tintindex":0,"rotation":0,"texture":"#0"},"west":{"uv":[7.0,9.8125,6.3125,11.1875],"tintindex":0,"rotation":0,"texture":"#0"},"up":{"uv":[0.0,9.875,0.6875,9.1875],"tintindex":0,"rotation":0,"texture":"#0"},"down":{"uv":[1.25,4.5625,0.5625,5.25],"tintindex":0,"rotation":0,"texture":"#0"}}}],"display":{"gui":{"rotation":[30,225,0]}}}