{"textures":{"0":"modelengine:entity/wolfmob39skill2root"},"elements":[{"from":[5.0,6.6124363,1.990797],"to":[11.0,10.112436,7.990797],"faces":{"east":{"uv":[12.75,11.25,14.25,12.125],"tintindex":0,"rotation":0,"texture":"#0"},"south":{"uv":[12.75,12.125,14.25,13.0],"tintindex":0,"rotation":0,"texture":"#0"},"north":{"uv":[11.0,12.75,12.5,13.625],"tintindex":0,"rotation":0,"texture":"#0"},"west":{"uv":[12.5,13.0,14.0,13.875],"tintindex":0,"rotation":0,"texture":"#0"},"up":{"uv":[5.5,6.625,4.0,5.125],"tintindex":0,"rotation":0,"texture":"#0"},"down":{"uv":[7.0,5.125,5.5,6.625],"tintindex":0,"rotation":0,"texture":"#0"}}},{"from":[1.5,12.336569,8.144928],"to":[14.5,12.336569,22.644928],"faces":{"up":{"uv":[3.25,3.625,0.0,0.0],"tintindex":0,"rotation":0,"texture":"#0"},"down":{"uv":[6.5,0.0,3.25,3.625],"tintindex":0,"rotation":0,"texture":"#0"}}},{"from":[4.0,8.112436,-5.509203],"to":[12.0,8.112436,1.990797],"faces":{"up":{"uv":[2.0,7.0,0.0,5.125],"tintindex":0,"rotation":0,"texture":"#0"},"down":{"uv":[4.0,5.125,2.0,7.0],"tintindex":0,"rotation":0,"texture":"#0"}}},{"from":[1.5,11.112436,1.990797],"to":[14.5,11.112436,7.990797],"faces":{"up":{"uv":[3.25,5.125,0.0,3.625],"tintindex":0,"rotation":0,"texture":"#0"},"down":{"uv":[6.5,3.625,3.25,5.125],"tintindex":0,"rotation":0,"texture":"#0"}},"rotation":{"origin":[8.0,12.112436,4.990797],"angle":-22.5,"axis":"x"}}],"display":{"gui":{"rotation":[30,225,0]}}}