{"textures":{"0":"modelengine:entity/skeletal_minion"},"elements":[{"from":[10.381181,-3.8907375,1.0118008],"to":[12.381181,0.10926294,3.0118008],"faces":{"east":{"uv":[9.0,1.875,9.25,2.375],"tintindex":0,"rotation":0,"texture":"#0"},"south":{"uv":[9.0,4.0,9.25,4.5],"tintindex":0,"rotation":0,"texture":"#0"},"north":{"uv":[1.875,9.0,2.125,9.5],"tintindex":0,"rotation":0,"texture":"#0"},"west":{"uv":[5.875,9.0,6.125,9.5],"tintindex":0,"rotation":0,"texture":"#0"},"up":{"uv":[10.375,1.125,10.125,0.875],"tintindex":0,"rotation":0,"texture":"#0"},"down":{"uv":[1.375,10.125,1.125,10.375],"tintindex":0,"rotation":0,"texture":"#0"}},"rotation":{"origin":[11.381181,-1.8907375,2.0118008],"angle":-45.0,"axis":"z"}},{"from":[6.0,6.9733124,1.0118008],"to":[10.0,8.973312,8.011801],"faces":{"east":{"uv":[7.125,0.0,8.0,0.25],"tintindex":0,"rotation":0,"texture":"#0"},"south":{"uv":[2.25,8.875,2.75,9.125],"tintindex":0,"rotation":0,"texture":"#0"},"north":{"uv":[8.875,0.875,9.375,1.125],"tintindex":0,"rotation":0,"texture":"#0"},"west":{"uv":[7.125,0.375,8.0,0.625],"tintindex":0,"rotation":0,"texture":"#0"},"up":{"uv":[4.75,1.625,4.25,0.75],"tintindex":0,"rotation":0,"texture":"#0"},"down":{"uv":[1.375,4.375,0.875,5.25],"tintindex":0,"rotation":0,"texture":"#0"}}},{"from":[5.729315,3.1070175,1.0118008],"to":[10.729315,5.1070175,3.0118008],"faces":{"east":{"uv":[10.125,2.25,10.375,2.5],"tintindex":0,"rotation":0,"texture":"#0"},"south":{"uv":[4.75,8.375,5.375,8.625],"tintindex":0,"rotation":0,"texture":"#0"},"north":{"uv":[6.625,8.25,7.25,8.5],"tintindex":0,"rotation":0,"texture":"#0"},"west":{"uv":[10.125,4.75,10.375,5.0],"tintindex":0,"rotation":0,"texture":"#0"},"up":{"uv":[8.0,8.625,7.375,8.375],"tintindex":0,"rotation":0,"texture":"#0"},"down":{"uv":[9.125,7.875,8.5,8.125],"tintindex":0,"rotation":0,"texture":"#0"}},"rotation":{"origin":[11.765064,1.6141615,2.0118008],"angle":-45.0,"axis":"z"}},{"from":[3.6188192,-3.8907375,1.0118008],"to":[5.618819,0.10926294,3.0118008],"faces":{"east":{"uv":[6.125,9.0,5.875,9.5],"tintindex":0,"rotation":0,"texture":"#0"},"south":{"uv":[9.25,4.0,9.0,4.5],"tintindex":0,"rotation":0,"texture":"#0"},"north":{"uv":[2.125,9.0,1.875,9.5],"tintindex":0,"rotation":0,"texture":"#0"},"west":{"uv":[9.25,1.875,9.0,2.375],"tintindex":0,"rotation":0,"texture":"#0"},"up":{"uv":[10.125,1.125,10.375,0.875],"tintindex":0,"rotation":0,"texture":"#0"},"down":{"uv":[1.125,10.125,1.375,10.375],"tintindex":0,"rotation":0,"texture":"#0"}},"rotation":{"origin":[4.618819,-1.8907375,2.0118008],"angle":45.0,"axis":"z"}},{"from":[3.6188192,-3.8907375,5.011801],"to":[5.618819,0.10926294,7.011801],"faces":{"east":{"uv":[6.125,9.0,5.875,9.5],"tintindex":0,"rotation":0,"texture":"#0"},"south":{"uv":[9.25,4.0,9.0,4.5],"tintindex":0,"rotation":0,"texture":"#0"},"north":{"uv":[2.125,9.0,1.875,9.5],"tintindex":0,"rotation":0,"texture":"#0"},"west":{"uv":[9.25,1.875,9.0,2.375],"tintindex":0,"rotation":0,"texture":"#0"},"up":{"uv":[10.125,1.125,10.375,0.875],"tintindex":0,"rotation":0,"texture":"#0"},"down":{"uv":[1.125,10.125,1.375,10.375],"tintindex":0,"rotation":0,"texture":"#0"}},"rotation":{"origin":[4.618819,-1.8907375,6.011801],"angle":45.0,"axis":"z"}},{"from":[11.502501,-1.18363,1.0368004],"to":[13.502501,4.816369,2.9868011],"faces":{"east":{"uv":[0.375,7.75,0.625,8.5],"tintindex":0,"rotation":0,"texture":"#0"},"south":{"uv":[0.75,7.75,1.0,8.5],"tintindex":0,"rotation":0,"texture":"#0"},"north":{"uv":[0.0,7.75,0.25,8.5],"tintindex":0,"rotation":0,"texture":"#0"},"west":{"uv":[1.125,7.75,1.375,8.5],"tintindex":0,"rotation":0,"texture":"#0"},"up":{"uv":[1.75,10.375,1.5,10.125],"tintindex":0,"rotation":0,"texture":"#0"},"down":{"uv":[2.125,10.125,1.875,10.375],"tintindex":0,"rotation":0,"texture":"#0"}}},{"from":[5.270685,3.1070175,5.011801],"to":[10.270685,5.1070175,7.011801],"faces":{"east":{"uv":[10.375,4.75,10.125,5.0],"tintindex":0,"rotation":0,"texture":"#0"},"south":{"uv":[5.375,8.375,4.75,8.625],"tintindex":0,"rotation":0,"texture":"#0"},"north":{"uv":[7.25,8.25,6.625,8.5],"tintindex":0,"rotation":0,"texture":"#0"},"west":{"uv":[10.375,2.25,10.125,2.5],"tintindex":0,"rotation":0,"texture":"#0"},"up":{"uv":[7.375,8.625,8.0,8.375],"tintindex":0,"rotation":0,"texture":"#0"},"down":{"uv":[8.5,7.875,9.125,8.125],"tintindex":0,"rotation":0,"texture":"#0"}},"rotation":{"origin":[4.2349358,1.6141615,6.011801],"angle":45.0,"axis":"z"}},{"from":[10.381181,-3.8907375,5.011801],"to":[12.381181,0.10926294,7.011801],"faces":{"east":{"uv":[9.0,1.875,9.25,2.375],"tintindex":0,"rotation":0,"texture":"#0"},"south":{"uv":[9.0,4.0,9.25,4.5],"tintindex":0,"rotation":0,"texture":"#0"},"north":{"uv":[1.875,9.0,2.125,9.5],"tintindex":0,"rotation":0,"texture":"#0"},"west":{"uv":[5.875,9.0,6.125,9.5],"tintindex":0,"rotation":0,"texture":"#0"},"up":{"uv":[10.375,1.125,10.125,0.875],"tintindex":0,"rotation":0,"texture":"#0"},"down":{"uv":[1.375,10.125,1.125,10.375],"tintindex":0,"rotation":0,"texture":"#0"}},"rotation":{"origin":[11.381181,-1.8907375,6.011801],"angle":-45.0,"axis":"z"}},{"from":[2.497499,-1.18363,5.0368013],"to":[4.497499,4.816369,6.986801],"faces":{"east":{"uv":[1.375,7.75,1.125,8.5],"tintindex":0,"rotation":0,"texture":"#0"},"south":{"uv":[1.0,7.75,0.75,8.5],"tintindex":0,"rotation":0,"texture":"#0"},"north":{"uv":[0.25,7.75,0.0,8.5],"tintindex":0,"rotation":0,"texture":"#0"},"west":{"uv":[0.625,7.75,0.375,8.5],"tintindex":0,"rotation":0,"texture":"#0"},"up":{"uv":[1.5,10.375,1.75,10.125],"tintindex":0,"rotation":0,"texture":"#0"},"down":{"uv":[1.875,10.125,2.125,10.375],"tintindex":0,"rotation":0,"texture":"#0"}}},{"from":[5.270685,3.1070175,1.0118008],"to":[10.270685,5.1070175,3.0118008],"faces":{"east":{"uv":[10.375,4.75,10.125,5.0],"tintindex":0,"rotation":0,"texture":"#0"},"south":{"uv":[5.375,8.375,4.75,8.625],"tintindex":0,"rotation":0,"texture":"#0"},"north":{"uv":[7.25,8.25,6.625,8.5],"tintindex":0,"rotation":0,"texture":"#0"},"west":{"uv":[10.375,2.25,10.125,2.5],"tintindex":0,"rotation":0,"texture":"#0"},"up":{"uv":[7.375,8.625,8.0,8.375],"tintindex":0,"rotation":0,"texture":"#0"},"down":{"uv":[8.5,7.875,9.125,8.125],"tintindex":0,"rotation":0,"texture":"#0"}},"rotation":{"origin":[4.2349358,1.6141615,2.0118008],"angle":45.0,"axis":"z"}},{"from":[2.497499,-1.18363,1.0368004],"to":[4.497499,4.816369,2.9868011],"faces":{"east":{"uv":[1.375,7.75,1.125,8.5],"tintindex":0,"rotation":0,"texture":"#0"},"south":{"uv":[1.0,7.75,0.75,8.5],"tintindex":0,"rotation":0,"texture":"#0"},"north":{"uv":[0.25,7.75,0.0,8.5],"tintindex":0,"rotation":0,"texture":"#0"},"west":{"uv":[0.625,7.75,0.375,8.5],"tintindex":0,"rotation":0,"texture":"#0"},"up":{"uv":[1.5,10.375,1.75,10.125],"tintindex":0,"rotation":0,"texture":"#0"},"down":{"uv":[1.875,10.125,2.125,10.375],"tintindex":0,"rotation":0,"texture":"#0"}}},{"from":[8.0,8.973312,1.0118008],"to":[8.0,11.973311,8.011801],"faces":{"east":{"uv":[6.375,1.125,5.5,1.5],"tintindex":0,"rotation":0,"texture":"#0"},"west":{"uv":[5.5,1.125,6.375,1.5],"tintindex":0,"rotation":0,"texture":"#0"}}},{"from":[5.729315,3.1070175,5.011801],"to":[10.729315,5.1070175,7.011801],"faces":{"east":{"uv":[10.125,2.25,10.375,2.5],"tintindex":0,"rotation":0,"texture":"#0"},"south":{"uv":[4.75,8.375,5.375,8.625],"tintindex":0,"rotation":0,"texture":"#0"},"north":{"uv":[6.625,8.25,7.25,8.5],"tintindex":0,"rotation":0,"texture":"#0"},"west":{"uv":[10.125,4.75,10.375,5.0],"tintindex":0,"rotation":0,"texture":"#0"},"up":{"uv":[8.0,8.625,7.375,8.375],"tintindex":0,"rotation":0,"texture":"#0"},"down":{"uv":[9.125,7.875,8.5,8.125],"tintindex":0,"rotation":0,"texture":"#0"}},"rotation":{"origin":[11.765064,1.6141615,6.011801],"angle":-45.0,"axis":"z"}},{"from":[6.0,7.2016735,-2.840149],"to":[10.0,9.2016735,2.159851],"faces":{"east":{"uv":[8.0,5.25,8.625,5.5],"tintindex":0,"rotation":0,"texture":"#0"},"south":{"uv":[8.875,0.5,9.375,0.75],"tintindex":0,"rotation":0,"texture":"#0"},"north":{"uv":[7.25,2.5,7.75,2.75],"tintindex":0,"rotation":0,"texture":"#0"},