{"textures":{"0":"modelengine:entity/skeletal_minion"},"elements":[{"from":[7.4926767,6.8791723,2.3060455],"to":[8.492677,7.8791723,4.3060455],"faces":{"east":{"uv":[9.75,2.25,10.0,2.375],"tintindex":0,"rotation":0,"texture":"#0"},"south":{"uv":[1.875,8.125,2.0,8.25],"tintindex":0,"rotation":0,"texture":"#0"},"north":{"uv":[1.5,7.5,1.625,7.625],"tintindex":0,"rotation":0,"texture":"#0"},"west":{"uv":[10.125,9.5,10.375,9.625],"tintindex":0,"rotation":0,"texture":"#0"},"up":{"uv":[1.0,2.875,0.875,2.625],"tintindex":0,"rotation":0,"texture":"#0"},"down":{"uv":[7.75,4.0,7.625,4.25],"tintindex":0,"rotation":0,"texture":"#0"}},"rotation":{"origin":[7.9926767,5.3791723,4.3060455],"angle":45.0,"axis":"x"}},{"from":[7.4926767,4.8791723,3.3060455],"to":[8.492677,5.8791723,5.3060455],"faces":{"east":{"uv":[10.25,2.0,10.5,2.125],"tintindex":0,"rotation":0,"texture":"#0"},"south":{"uv":[9.25,3.375,9.375,3.5],"tintindex":0,"rotation":0,"texture":"#0"},"north":{"uv":[8.625,3.0,8.75,3.125],"tintindex":0,"rotation":0,"texture":"#0"},"west":{"uv":[10.375,3.0,10.625,3.125],"tintindex":0,"rotation":0,"texture":"#0"},"up":{"uv":[2.0,8.0,1.875,7.75],"tintindex":0,"rotation":0,"texture":"#0"},"down":{"uv":[3.5,7.75,3.375,8.0],"tintindex":0,"rotation":0,"texture":"#0"}},"rotation":{"origin":[7.9926767,5.3791723,4.3060455],"angle":45.0,"axis":"x"}},{"from":[5.9926767,2.4580946,4.85896],"to":[9.992677,9.458095,8.85896],"faces":{"east":{"uv":[0.0,4.625,0.5,5.5],"tintindex":0,"rotation":0,"texture":"#0"},"south":{"uv":[4.875,0.75,5.375,1.625],"tintindex":0,"rotation":0,"texture":"#0"},"north":{"uv":[1.5,4.375,2.0,5.25],"tintindex":0,"rotation":0,"texture":"#0"},"west":{"uv":[2.125,4.875,2.625,5.75],"tintindex":0,"rotation":0,"texture":"#0"},"up":{"uv":[0.5,6.875,0.0,6.375],"tintindex":0,"rotation":0,"texture":"#0"},"down":{"uv":[7.0,0.375,6.5,0.875],"tintindex":0,"rotation":0,"texture":"#0"}},"rotation":{"origin":[7.9926767,5.6732254,5.015953],"angle":22.5,"axis":"x"}}],"display":{"gui":{"rotation":[30,225,0]}}}