{"textures":{"0":"modelengine:entity/skeletal_minion"},"elements":[{"from":[6.0073233,2.4580946,4.85896],"to":[10.007323,9.458095,8.85896],"faces":{"east":{"uv":[2.625,4.875,2.125,5.75],"tintindex":0,"rotation":0,"texture":"#0"},"south":{"uv":[5.375,0.75,4.875,1.625],"tintindex":0,"rotation":0,"texture":"#0"},"north":{"uv":[2.0,4.375,1.5,5.25],"tintindex":0,"rotation":0,"texture":"#0"},"west":{"uv":[0.5,4.625,0.0,5.5],"tintindex":0,"rotation":0,"texture":"#0"},"up":{"uv":[0.0,6.875,0.5,6.375],"tintindex":0,"rotation":0,"texture":"#0"},"down":{"uv":[6.5,0.375,7.0,0.875],"tintindex":0,"rotation":0,"texture":"#0"}},"rotation":{"origin":[8.007323,5.6732254,5.015953],"angle":22.5,"axis":"x"}},{"from":[7.5073233,6.8791723,2.3060455],"to":[8.507323,7.8791723,4.3060455],"faces":{"east":{"uv":[10.375,9.5,10.125,9.625],"tintindex":0,"rotation":0,"texture":"#0"},"south":{"uv":[2.0,8.125,1.875,8.25],"tintindex":0,"rotation":0,"texture":"#0"},"north":{"uv":[1.625,7.5,1.5,7.625],"tintindex":0,"rotation":0,"texture":"#0"},"west":{"uv":[10.0,2.25,9.75,2.375],"tintindex":0,"rotation":0,"texture":"#0"},"up":{"uv":[0.875,2.875,1.0,2.625],"tintindex":0,"rotation":0,"texture":"#0"},"down":{"uv":[7.625,4.0,7.75,4.25],"tintindex":0,"rotation":0,"texture":"#0"}},"rotation":{"origin":[8.007323,5.3791723,4.3060455],"angle":45.0,"axis":"x"}},{"from":[7.5073233,4.8791723,3.3060455],"to":[8.507323,5.8791723,5.3060455],"faces":{"east":{"uv":[10.625,3.0,10.375,3.125],"tintindex":0,"rotation":0,"texture":"#0"},"south":{"uv":[9.375,3.375,9.25,3.5],"tintindex":0,"rotation":0,"texture":"#0"},"north":{"uv":[8.75,3.0,8.625,3.125],"tintindex":0,"rotation":0,"texture":"#0"},"west":{"uv":[10.5,2.0,10.25,2.125],"tintindex":0,"rotation":0,"texture":"#0"},"up":{"uv":[1.875,8.0,2.0,7.75],"tintindex":0,"rotation":0,"texture":"#0"},"down":{"uv":[3.375,7.75,3.5,8.0],"tintindex":0,"rotation":0,"texture":"#0"}},"rotation":{"origin":[8.007323,5.3791723,4.3060455],"angle":45.0,"axis":"x"}}],"display":{"gui":{"rotation":[30,225,0]}}}