{"textures":{"0":"modelengine:entity/wolfmob39spawn"},"elements":[{"from":[5.935107,17.420914,12.89653],"to":[7.935107,21.420914,13.89653],"faces":{"east":{"uv":[10.75,3.625,10.875,4.125],"tintindex":0,"rotation":0,"texture":"#0"},"south":{"uv":[7.75,13.375,8.0,13.875],"tintindex":0,"rotation":0,"texture":"#0"},"north":{"uv":[11.625,6.5,11.875,7.0],"tintindex":0,"rotation":0,"texture":"#0"},"west":{"uv":[13.625,5.875,13.75,6.375],"tintindex":0,"rotation":0,"texture":"#0"},"up":{"uv":[12.375,5.5,12.125,5.375],"tintindex":0,"rotation":0,"texture":"#0"},"down":{"uv":[12.75,4.125,12.5,4.25],"tintindex":0,"rotation":0,"texture":"#0"}},"rotation":{"origin":[3.4351072,9.920914,7.79653],"angle":22.5,"axis":"x"}},{"from":[5.935107,-2.5790863,4.8965297],"to":[8.935107,2.4209137,5.8965297],"faces":{"east":{"uv":[6.5,13.625,6.625,14.25],"tintindex":0,"rotation":0,"texture":"#0"},"south":{"uv":[6.0,12.75,6.375,13.375],"tintindex":0,"rotation":0,"texture":"#0"},"north":{"uv":[1.0,12.75,1.375,13.375],"tintindex":0,"rotation":0,"texture":"#0"},"west":{"uv":[6.625,13.625,6.75,14.25],"tintindex":0,"rotation":0,"texture":"#0"},"up":{"uv":[11.375,9.875,11.0,9.75],"tintindex":0,"rotation":0,"texture":"#0"},"down":{"uv":[2.0,11.375,1.625,11.5],"tintindex":0,"rotation":0,"texture":"#0"}}},{"from":[2.9351072,3.4209137,4.8965297],"to":[7.935107,10.420914,10.696529],"faces":{"east":{"uv":[3.25,9.0,4.0,9.875],"tintindex":0,"rotation":0,"texture":"#0"},"south":{"uv":[2.625,10.125,3.25,11.0],"tintindex":0,"rotation":0,"texture":"#0"},"north":{"uv":[10.125,1.375,10.75,2.25],"tintindex":0,"rotation":0,"texture":"#0"},"west":{"uv":[4.0,9.0,4.75,9.875],"tintindex":0,"rotation":0,"texture":"#0"},"up":{"uv":[2.625,11.5,2.0,10.75],"tintindex":0,"rotation":0,"texture":"#0"},"down":{"uv":[11.375,2.125,10.75,2.875],"tintindex":0,"rotation":0,"texture":"#0"}},"rotation":{"origin":[3.4351072,9.920914,7.79653],"angle":22.5,"axis":"z"}},{"from":[4.935107,2.4209137,9.89653],"to":[9.935107,14.420914,13.89653],"faces":{"east":{"uv":[2.375,7.125,2.875,8.625],"tintindex":0,"rotation":0,"texture":"#0"},"south":{"uv":[2.625,5.625,3.25,7.125],"tintindex":0,"rotation":0,"texture":"#0"},"north":{"uv":[2.0,5.375,2.625,6.875],"tintindex":0,"rotation":0,"texture":"#0"},"west":{"uv":[7.375,6.75,7.875,8.25],"tintindex":0,"rotation":0,"texture":"#0"},"up":{"uv":[12.75,10.0,12.125,9.5],"tintindex":0,"rotation":0,"texture":"#0"},"down":{"uv":[12.75,11.25,12.125,11.75],"tintindex":0,"rotation":0,"texture":"#0"}},"rotation":{"origin":[3.4351072,9.920914,7.79653],"angle":22.5,"axis":"x"}},{"from":[5.935107,14.420914,11.89653],"to":[7.935107,19.420914,12.89653],"faces":{"east":{"uv":[5.875,13.625,6.0,14.25],"tintindex":0,"rotation":0,"texture":"#0"},"south":{"uv":[13.25,2.875,13.5,3.5],"tintindex":0,"rotation":0,"texture":"#0"},"north":{"uv":[2.625,13.25,2.875,13.875],"tintindex":0,"rotation":0,"texture":"#0"},"west":{"uv":[6.375,13.625,6.5,14.25],"tintindex":0,"rotation":0,"texture":"#0"},"up":{"uv":[13.0,3.625,12.75,3.5],"tintindex":0,"rotation":0,"texture":"#0"},"down":{"uv":[13.0,6.375,12.75,6.5],"tintindex":0,"rotation":0,"texture":"#0"}},"rotation":{"origin":[3.4351072,9.920914,7.79653],"angle":22.5,"axis":"x"}},{"from":[4.935107,8.420914,5.8965297],"to":[9.935107,12.420914,11.696529],"faces":{"east":{"uv":[11.625,5.5,12.375,6.0],"tintindex":0,"rotation":0,"texture":"#0"},"south":{"uv":[8.0,12.125,8.625,12.625],"tintindex":0,"rotation":0,"texture":"#0"},"north":{"uv":[12.125,3.125,12.75,3.625],"tintindex":0,"rotation":0,"texture":"#0"},"west":{"uv":[11.625,6.0,12.375,6.5],"tintindex":0,"rotation":0,"texture":"#0"},"up":{"uv":[11.375,3.625,10.75,2.875],"tintindex":0,"rotation":0,"texture":"#0"},"down":{"uv":[11.375,9.875,10.75,10.625],"tintindex":0,"rotation":0,"texture":"#0"}},"rotation":{"origin":[3.4351072,9.920914,7.79653],"angle":22.5,"axis":"z"}},{"from":[5.935107,-3.5790863,5.8965297],"to":[9.935107,7.4209137,9.89653],"faces":{"east":{"uv":[6.5,8.0,7.0,9.375],"tintindex":0,"rotation":0,"texture":"#0"},"south":{"uv":[0.5,8.125,1.0,9.5],"tintindex":0,"rotation":0,"texture":"#0"},"north":{"uv":[8.0,4.125,8.5,5.5],"tintindex":0,"rotation":0,"texture":"#0"},"west":{"uv":[7.875,8.125,8.375,9.5],"tintindex":0,"rotation":0,"texture":"#0"},"up":{"uv":[13.25,3.5,12.75,3.0],"tintindex":0,"rotation":0,"texture":"#0"},"down":{"uv":[13.25,4.125,12.75,4.625],"tintindex":0,"rotation":0,"texture":"#0"}}},{"from":[9.935107,-0.5790863,5.8965297],"to":[11.235107,7.4209137,10.89653],"faces":{"east":{"uv":[9.25,3.25,9.875,4.25],"tintindex":0,"rotation":0,"texture":"#0"},"south":{"uv":[7.625,13.375,7.75,14.375],"tintindex":0,"rotation":0,"texture":"#0"},"north":{"uv":[9.0,13.25,9.125,14.25],"tintindex":0,"rotation":0,"texture":"#0"},"west":{"uv":[5.5,9.25,6.125,10.25],"tintindex":0,"rotation":0,"texture":"#0"},"up":{"uv":[13.75,5.875,13.625,5.25],"tintindex":0,"rotation":0,"texture":"#0"},"down":{"uv":[5.875,13.625,5.75,14.25],"tintindex":0,"rotation":0,"texture":"#0"}}},{"from":[5.935107,8.420914,12.89653],"to":[8.935107,17.420914,14.89653],"faces":{"east":{"uv":[8.625,12.125,8.875,13.25],"tintindex":0,"rotation":0,"texture":"#0"},"south":{"uv":[8.75,11.0,9.125,12.125],"tintindex":0,"rotation":0,"texture":"#0"},"north":{"uv":[8.375,11.0,8.75,12.125],"tintindex":0,"rotation":0,"texture":"#0"},"west":{"uv":[8.875,12.125,9.125,13.25],"tintindex":0,"rotation":0,"texture":"#0"},"up":{"uv":[13.875,1.0,13.5,0.75],"tintindex":0,"rotation":0,"texture":"#0"},"down":{"uv":[13.875,1.0,13.5,1.25],"tintindex":0,"rotation":0,"texture":"#0"}},"rotation":{"origin":[3.4351072,9.920914,7.79653],"angle":22.5,"axis":"x"}}],"display":{"gui":{"rotation":[30,225,0]}}}