{"textures":{"0":"modelengine:entity/wolfmob39spawn"},"elements":[{"from":[6.064893,2.4209137,9.89653],"to":[11.064893,14.420914,13.89653],"faces":{"east":{"uv":[7.0,0.0,7.5,1.5],"tintindex":0,"rotation":0,"texture":"#0"},"south":{"uv":[1.375,5.375,2.0,6.875],"tintindex":0,"rotation":0,"texture":"#0"},"north":{"uv":[0.75,5.375,1.375,6.875],"tintindex":0,"rotation":0,"texture":"#0"},"west":{"uv":[7.0,1.5,7.5,3.0],"tintindex":0,"rotation":0,"texture":"#0"},"up":{"uv":[12.75,2.625,12.125,2.125],"tintindex":0,"rotation":0,"texture":"#0"},"down":{"uv":[12.75,2.625,12.125,3.125],"tintindex":0,"rotation":0,"texture":"#0"}},"rotation":{"origin":[12.564893,9.920914,7.79653],"angle":22.5,"axis":"x"}},{"from":[8.064893,17.420914,12.89653],"to":[10.064893,21.420914,13.89653],"faces":{"east":{"uv":[7.75,9.0,7.875,9.5],"tintindex":0,"rotation":0,"texture":"#0"},"south":{"uv":[7.5,10.5,7.75,11.0],"tintindex":0,"rotation":0,"texture":"#0"},"north":{"uv":[0.5,6.375,0.75,6.875],"tintindex":0,"rotation":0,"texture":"#0"},"west":{"uv":[6.875,9.375,7.0,9.875],"tintindex":0,"rotation":0,"texture":"#0"},"up":{"uv":[5.25,1.5,5.0,1.375],"tintindex":0,"rotation":0,"texture":"#0"},"down":{"uv":[4.75,6.875,4.5,7.0],"tintindex":0,"rotation":0,"texture":"#0"}},"rotation":{"origin":[12.564893,9.920914,7.79653],"angle":22.5,"axis":"x"}},{"from":[7.064893,-2.5790863,4.8965297],"to":[10.064893,2.4209137,5.8965297],"faces":{"east":{"uv":[2.875,13.625,3.0,14.25],"tintindex":0,"rotation":0,"texture":"#0"},"south":{"uv":[9.25,4.25,9.625,4.875],"tintindex":0,"rotation":0,"texture":"#0"},"north":{"uv":[8.5,4.875,8.875,5.5],"tintindex":0,"rotation":0,"texture":"#0"},"west":{"uv":[3.0,13.625,3.125,14.25],"tintindex":0,"rotation":0,"texture":"#0"},"up":{"uv":[10.375,9.25,10.0,9.125],"tintindex":0,"rotation":0,"texture":"#0"},"down":{"uv":[10.75,9.875,10.375,10.0],"tintindex":0,"rotation":0,"texture":"#0"}}},{"from":[8.064893,3.4209137,4.8965297],"to":[13.064893,10.420914,10.696529],"faces":{"east":{"uv":[8.875,4.875,9.625,5.75],"tintindex":0,"rotation":0,"texture":"#0"},"south":{"uv":[9.625,10.0,10.25,10.875],"tintindex":0,"rotation":0,"texture":"#0"},"north":{"uv":[2.0,9.875,2.625,10.75],"tintindex":0,"rotation":0,"texture":"#0"},"west":{"uv":[1.875,9.0,2.625,9.875],"tintindex":0,"rotation":0,"texture":"#0"},"up":{"uv":[7.5,11.25,6.875,10.5],"tintindex":0,"rotation":0,"texture":"#0"},"down":{"uv":[11.25,7.0,10.625,7.75],"tintindex":0,"rotation":0,"texture":"#0"}},"rotation":{"origin":[12.564893,9.920914,7.79653],"angle":-22.5,"axis":"z"}},{"from":[6.064893,-3.5790863,5.8965297],"to":[10.064893,7.4209137,9.89653],"faces":{"east":{"uv":[7.875,6.75,8.375,8.125],"tintindex":0,"rotation":0,"texture":"#0"},"south":{"uv":[0.0,8.0,0.5,9.375],"tintindex":0,"rotation":0,"texture":"#0"},"north":{"uv":[6.0,7.875,6.5,9.25],"tintindex":0,"rotation":0,"texture":"#0"},"west":{"uv":[8.0,2.75,8.5,4.125],"tintindex":0,"rotation":0,"texture":"#0"},"up":{"uv":[13.25,2.0,12.75,1.5],"tintindex":0,"rotation":0,"texture":"#0"},"down":{"uv":[13.25,2.0,12.75,2.5],"tintindex":0,"rotation":0,"texture":"#0"}}},{"from":[4.7648926,-0.5790863,5.8965297],"to":[6.064893,7.4209137,10.89653],"faces":{"east":{"uv":[2.625,9.125,3.25,10.125],"tintindex":0,"rotation":0,"texture":"#0"},"south":{"uv":[6.75,13.25,6.875,14.25],"tintindex":0,"rotation":0,"texture":"#0"},"north":{"uv":[0.375,11.5,0.5,12.5],"tintindex":0,"rotation":0,"texture":"#0"},"west":{"uv":[9.25,2.25,9.875,3.25],"tintindex":0,"rotation":0,"texture":"#0"},"up":{"uv":[0.25,14.25,0.125,13.625],"tintindex":0,"rotation":0,"texture":"#0"},"down":{"uv":[0.375,13.625,0.25,14.25],"tintindex":0,"rotation":0,"texture":"#0"}}},{"from":[7.064893,8.420914,12.89653],"to":[10.064893,17.420914,14.89653],"faces":{"east":{"uv":[6.375,12.125,6.625,13.25],"tintindex":0,"rotation":0,"texture":"#0"},"south":{"uv":[8.0,11.0,8.375,12.125],"tintindex":0,"rotation":0,"texture":"#0"},"north":{"uv":[6.5,11.0,6.875,12.125],"tintindex":0,"rotation":0,"texture":"#0"},"west":{"uv":[6.625,12.125,6.875,13.25],"tintindex":0,"rotation":0,"texture":"#0"},"up":{"uv":[13.75,10.375,13.375,10.125],"tintindex":0,"rotation":0,"texture":"#0"},"down":{"uv":[13.125,13.375,12.75,13.625],"tintindex":0,"rotation":0,"texture":"#0"}},"rotation":{"origin":[12.564893,9.920914,7.79653],"angle":22.5,"axis":"x"}},{"from":[8.064893,14.420914,11.89653],"to":[10.064893,19.420914,12.89653],"faces":{"east":{"uv":[0.375,13.625,0.5,14.25],"tintindex":0,"rotation":0,"texture":"#0"},"south":{"uv":[2.375,13.25,2.625,13.875],"tintindex":0,"rotation":0,"texture":"#0"},"north":{"uv":[13.25,2.25,13.5,2.875],"tintindex":0,"rotation":0,"texture":"#0"},"west":{"uv":[13.625,2.375,13.75,3.0],"tintindex":0,"rotation":0,"texture":"#0"},"up":{"uv":[8.0,4.25,7.75,4.125],"tintindex":0,"rotation":0,"texture":"#0"},"down":{"uv":[6.75,7.875,6.5,8.0],"tintindex":0,"rotation":0,"texture":"#0"}},"rotation":{"origin":[12.564893,9.920914,7.79653],"angle":22.5,"axis":"x"}},{"from":[6.064893,8.420914,5.8965297],"to":[11.064893,12.420914,11.696529],"faces":{"east":{"uv":[11.5,10.25,12.25,10.75],"tintindex":0,"rotation":0,"texture":"#0"},"south":{"uv":[12.125,1.625,12.75,2.125],"tintindex":0,"rotation":0,"texture":"#0"},"north":{"uv":[7.875,1.5,8.5,2.0],"tintindex":0,"rotation":0,"texture":"#0"},"west":{"uv":[11.5,10.75,12.25,11.25],"tintindex":0,"rotation":0,"texture":"#0"},"up":{"uv":[11.25,8.5,10.625,7.75],"tintindex":0,"rotation":0,"texture":"#0"},"down":{"uv":[11.375,1.375,10.75,2.125],"tintindex":0,"rotation":0,"texture":"#0"}},"rotation":{"origin":[12.564893,9.920914,7.79653],"angle":-22.5,"axis":"z"}}],"display":{"gui":{"rotation":[30,225,0]}}}