{"textures":{"0":"modelengine:entity/bear"},"elements":[{"from":[4.081599,5.2408,-0.4286003],"to":[4.081599,9.1592,3.4898005],"faces":{"east":{"uv":[6.875,9.25,6.625,9.5],"tintindex":0,"rotation":0,"texture":"#0"},"west":{"uv":[6.625,9.25,6.875,9.5],"tintindex":0,"rotation":0,"texture":"#0"}}},{"from":[11.9184,5.2408,-0.4286003],"to":[11.9184,9.1592,3.4898005],"faces":{"east":{"uv":[6.875,9.25,6.625,9.5],"tintindex":0,"rotation":0,"texture":"#0"},"west":{"uv":[6.625,9.25,6.875,9.5],"tintindex":0,"rotation":0,"texture":"#0"}}},{"from":[8.0,5.2408,-0.4286003],"to":[8.0,9.1592,3.4898005],"faces":{"east":{"uv":[6.875,9.25,6.625,9.5],"tintindex":0,"rotation":0,"texture":"#0"},"west":{"uv":[6.625,9.25,6.875,9.5],"tintindex":0,"rotation":0,"texture":"#0"}}},{"from":[4.081599,5.2408,3.4898005],"to":[11.9184,9.1592,11.3266],"faces":{"east":{"uv":[9.625,7.125,9.125,7.375],"tintindex":0,"rotation":0,"texture":"#0"},"south":{"uv":[9.625,6.75,9.125,7.0],"tintindex":0,"rotation":0,"texture":"#0"},"north":{"uv":[9.625,6.0,9.125,6.25],"tintindex":0,"rotation":0,"texture":"#0"},"west":{"uv":[9.625,6.375,9.125,6.625],"tintindex":0,"rotation":0,"texture":"#0"},"up":{"uv":[8.5,7.375,9.0,6.875],"tintindex":0,"rotation":0,"texture":"#0"},"down":{"uv":[0.0,8.625,0.5,9.125],"tintindex":0,"rotation":0,"texture":"#0"}}}],"display":{"gui":{"rotation":[30,225,0]}}}