{"textures":{"0":"modelengine:entity/skeletoncrossbow"},"elements":[{"from":[6.8751264,5.8271036,7.1],"to":[9.075127,8.027103,9.2],"faces":{"east":{"uv":[7.0,4.375,7.25,4.65625],"tintindex":0,"rotation":0,"texture":"#0"},"south":{"uv":[6.375,6.0,6.65625,6.28125],"tintindex":0,"rotation":0,"texture":"#0"},"north":{"uv":[4.25,6.375,4.53125,6.65625],"tintindex":0,"rotation":0,"texture":"#0"},"west":{"uv":[5.0,7.0,5.25,7.28125],"tintindex":0,"rotation":0,"texture":"#0"},"up":{"uv":[7.28125,5.25,7.0,5.0],"tintindex":0,"rotation":0,"texture":"#0"},"down":{"uv":[5.53125,7.0,5.25,7.25],"tintindex":0,"rotation":0,"texture":"#0"}},"rotation":{"origin":[7.9751263,6.9271035,8.15],"angle":45.0,"axis":"z"}},{"from":[7.0,2.1552777,5.6000004],"to":[9.1,3.6552777,7.8],"faces":{"east":{"uv":[5.875,7.375,6.15625,7.5625],"tintindex":0,"rotation":0,"texture":"#0"},"south":{"uv":[2.125,7.625,2.375,7.8125],"tintindex":0,"rotation":0,"texture":"#0"},"north":{"uv":[1.875,7.625,2.125,7.8125],"tintindex":0,"rotation":0,"texture":"#0"},"west":{"uv":[6.25,7.375,6.53125,7.5625],"tintindex":0,"rotation":0,"texture":"#0"},"up":{"uv":[7.25,4.28125,7.0,4.0],"tintindex":0,"rotation":0,"texture":"#0"},"down":{"uv":[4.5,7.0,4.25,7.28125],"tintindex":0,"rotation":0,"texture":"#0"}}},{"from":[7.0447226,2.3000002,7.4],"to":[9.044723,6.5,8.9],"faces":{"east":{"uv":[5.875,4.875,6.0625,5.40625],"tintindex":0,"rotation":0,"texture":"#0"},"south":{"uv":[4.125,5.375,4.375,5.90625],"tintindex":0,"rotation":0,"texture":"#0"},"north":{"uv":[3.875,5.375,4.125,5.90625],"tintindex":0,"rotation":0,"texture":"#0"},"west":{"uv":[5.125,5.875,5.3125,6.40625],"tintindex":0,"rotation":0,"texture":"#0"},"up":{"uv":[2.625,7.8125,2.375,7.625],"tintindex":0,"rotation":0,"texture":"#0"},"down":{"uv":[2.875,7.625,2.625,7.8125],"tintindex":0,"rotation":0,"texture":"#0"}}}],"display":{"gui":{"rotation":[30,225,0]}}}