{"textures":{"0":"modelengine:entity/skeletoncrossbow"},"elements":[{"from":[4.8984227,6.2521305,6.5],"to":[8.898422,9.2521305,9.5],"faces":{"east":{"uv":[2.875,4.875,3.25,5.25],"tintindex":0,"rotation":0,"texture":"#0"},"south":{"uv":[4.5,0.0,5.0,0.375],"tintindex":0,"rotation":0,"texture":"#0"},"north":{"uv":[3.125,1.75,3.625,2.125],"tintindex":0,"rotation":0,"texture":"#0"},"west":{"uv":[5.0,0.25,5.375,0.625],"tintindex":0,"rotation":0,"texture":"#0"},"up":{"uv":[5.0,0.75,4.5,0.375],"tintindex":0,"rotation":0,"texture":"#0"},"down":{"uv":[5.0,2.5,4.5,2.875],"tintindex":0,"rotation":0,"texture":"#0"}},"rotation":{"origin":[6.8984227,7.7521305,8.0],"angle":22.5,"axis":"z"}},{"from":[6.2458367,2.3137512,6.6],"to":[8.445837,4.513752,8.7],"faces":{"east":{"uv":[5.0,6.625,5.25,6.90625],"tintindex":0,"rotation":0,"texture":"#0"},"south":{"uv":[1.125,6.125,1.40625,6.40625],"tintindex":0,"rotation":0,"texture":"#0"},"north":{"uv":[3.875,6.0,4.15625,6.28125],"tintindex":0,"rotation":0,"texture":"#0"},"west":{"uv":[6.75,0.25,7.0,0.53125],"tintindex":0,"rotation":0,"texture":"#0"},"up":{"uv":[6.90625,4.875,6.625,4.625],"tintindex":0,"rotation":0,"texture":"#0"},"down":{"uv":[7.03125,0.625,6.75,0.875],"tintindex":0,"rotation":0,"texture":"#0"}},"rotation":{"origin":[7.345837,3.4137516,7.65],"angle":45.0,"axis":"z"}},{"from":[6.3447223,3.1000004,6.9],"to":[8.344723,7.299999,8.4],"faces":{"east":{"uv":[5.625,4.875,5.8125,5.40625],"tintindex":0,"rotation":0,"texture":"#0"},"south":{"uv":[4.5,5.125,4.75,5.65625],"tintindex":0,"rotation":0,"texture":"#0"},"north":{"uv":[3.25,5.125,3.5,5.65625],"tintindex":0,"rotation":0,"texture":"#0"},"west":{"uv":[5.375,5.625,5.5625,6.15625],"tintindex":0,"rotation":0,"texture":"#0"},"up":{"uv":[3.5,7.6875,3.25,7.5],"tintindex":0,"rotation":0,"texture":"#0"},"down":{"uv":[3.75,7.5,3.5,7.6875],"tintindex":0,"rotation":0,"texture":"#0"}}},{"from":[6.175126,6.627104,6.6],"to":[8.375126,8.827103,8.7],"faces":{"east":{"uv":[0.75,6.75,1.0,7.03125],"tintindex":0,"rotation":0,"texture":"#0"},"south":{"uv":[6.125,4.875,6.40625,5.15625],"tintindex":0,"rotation":0,"texture":"#0"},"north":{"uv":[6.125,3.625,6.40625,3.90625],"tintindex":0,"rotation":0,"texture":"#0"},"west":{"uv":[6.75,1.375,7.0,1.65625],"tintindex":0,"rotation":0,"texture":"#0"},"up":{"uv":[1.78125,7.0,1.5,6.75],"tintindex":0,"rotation":0,"texture":"#0"},"down":{"uv":[7.03125,1.75,6.75,2.0],"tintindex":0,"rotation":0,"texture":"#0"}},"rotation":{"origin":[7.2751265,7.7271023,7.65],"angle":45.0,"axis":"z"}}],"display":{"gui":{"rotation":[30,225,0]}}}