{"textures":{"0":"modelengine:entity/skeletoncrossbow"},"elements":[{"from":[7.4447227,0.09999943,6.0],"to":[10.144722,3.3000002,8.6],"faces":{"east":{"uv":[5.375,0.25,5.6875,0.65625],"tintindex":0,"rotation":0,"texture":"#0"},"south":{"uv":[0.5,5.125,0.84375,5.53125],"tintindex":0,"rotation":0,"texture":"#0"},"north":{"uv":[5.0,3.625,5.34375,4.03125],"tintindex":0,"rotation":0,"texture":"#0"},"west":{"uv":[5.375,3.625,5.6875,4.03125],"tintindex":0,"rotation":0,"texture":"#0"},"up":{"uv":[5.84375,1.0625,5.5,0.75],"tintindex":0,"rotation":0,"texture":"#0"},"down":{"uv":[5.34375,5.5,5.0,5.8125],"tintindex":0,"rotation":0,"texture":"#0"}}},{"from":[7.1447225,2.3000002,6.8],"to":[9.144722,6.5,8.3],"faces":{"east":{"uv":[5.625,5.5,5.8125,6.03125],"tintindex":0,"rotation":0,"texture":"#0"},"south":{"uv":[5.125,4.875,5.375,5.40625],"tintindex":0,"rotation":0,"texture":"#0"},"north":{"uv":[4.75,5.125,5.0,5.65625],"tintindex":0,"rotation":0,"texture":"#0"},"west":{"uv":[3.125,5.75,3.3125,6.28125],"tintindex":0,"rotation":0,"texture":"#0"},"up":{"uv":[4.0,7.6875,3.75,7.5],"tintindex":0,"rotation":0,"texture":"#0"},"down":{"uv":[4.25,7.5,4.0,7.6875],"tintindex":0,"rotation":0,"texture":"#0"}}},{"from":[6.9751263,5.8271027,6.5],"to":[9.175127,8.027103,8.6],"faces":{"east":{"uv":[1.875,6.75,2.125,7.03125],"tintindex":0,"rotation":0,"texture":"#0"},"south":{"uv":[5.625,6.125,5.90625,6.40625],"tintindex":0,"rotation":0,"texture":"#0"},"north":{"uv":[6.125,5.25,6.40625,5.53125],"tintindex":0,"rotation":0,"texture":"#0"},"west":{"uv":[6.75,2.0,7.0,2.28125],"tintindex":0,"rotation":0,"texture":"#0"},"up":{"uv":[7.03125,2.625,6.75,2.375],"tintindex":0,"rotation":0,"texture":"#0"},"down":{"uv":[3.28125,6.75,3.0,7.0],"tintindex":0,"rotation":0,"texture":"#0"}},"rotation":{"origin":[8.075127,6.927103,7.55],"angle":45.0,"axis":"z"}}],"display":{"gui":{"rotation":[30,225,0]}}}