{"textures":{"0":"modelengine:entity/skeletoncrossbow"},"elements":[{"from":[7.554163,2.3137512,6.6],"to":[9.754164,4.513752,8.7],"faces":{"east":{"uv":[3.75,6.75,4.0,7.03125],"tintindex":0,"rotation":0,"texture":"#0"},"south":{"uv":[6.0,6.125,6.28125,6.40625],"tintindex":0,"rotation":0,"texture":"#0"},"north":{"uv":[6.125,5.625,6.40625,5.90625],"tintindex":0,"rotation":0,"texture":"#0"},"west":{"uv":[4.0,6.75,4.25,7.03125],"tintindex":0,"rotation":0,"texture":"#0"},"up":{"uv":[4.53125,7.0,4.25,6.75],"tintindex":0,"rotation":0,"texture":"#0"},"down":{"uv":[5.53125,6.75,5.25,7.0],"tintindex":0,"rotation":0,"texture":"#0"}},"rotation":{"origin":[8.654163,3.4137516,7.65],"angle":-45.0,"axis":"z"}},{"from":[7.6248736,6.627104,6.6],"to":[9.824874,8.827103,8.7],"faces":{"east":{"uv":[5.625,6.75,5.875,7.03125],"tintindex":0,"rotation":0,"texture":"#0"},"south":{"uv":[6.25,2.75,6.53125,3.03125],"tintindex":0,"rotation":0,"texture":"#0"},"north":{"uv":[2.25,6.25,2.53125,6.53125],"tintindex":0,"rotation":0,"texture":"#0"},"west":{"uv":[5.875,6.75,6.125,7.03125],"tintindex":0,"rotation":0,"texture":"#0"},"up":{"uv":[7.03125,6.25,6.75,6.0],"tintindex":0,"rotation":0,"texture":"#0"},"down":{"uv":[7.03125,6.25,6.75,6.5],"tintindex":0,"rotation":0,"texture":"#0"}},"rotation":{"origin":[8.724874,7.7271023,7.65],"angle":-45.0,"axis":"z"}},{"from":[7.6552777,3.1000004,6.9],"to":[9.655277,7.299999,8.4],"faces":{"east":{"uv":[3.375,5.75,3.5625,6.28125],"tintindex":0,"rotation":0,"texture":"#0"},"south":{"uv":[1.625,5.375,1.875,5.90625],"tintindex":0,"rotation":0,"texture":"#0"},"north":{"uv":[2.875,5.25,3.125,5.78125],"tintindex":0,"rotation":0,"texture":"#0"},"west":{"uv":[4.375,5.75,4.5625,6.28125],"tintindex":0,"rotation":0,"texture":"#0"},"up":{"uv":[7.75,4.1875,7.5,4.0],"tintindex":0,"rotation":0,"texture":"#0"},"down":{"uv":[7.75,4.25,7.5,4.4375],"tintindex":0,"rotation":0,"texture":"#0"}}},{"from":[7.1015773,6.2521305,6.5],"to":[11.101578,9.2521305,9.5],"faces":{"east":{"uv":[5.0,2.375,5.375,2.75],"tintindex":0,"rotation":0,"texture":"#0"},"south":{"uv":[4.5,3.75,5.0,4.125],"tintindex":0,"rotation":0,"texture":"#0"},"north":{"uv":[4.5,2.875,5.0,3.25],"tintindex":0,"rotation":0,"texture":"#0"},"west":{"uv":[5.0,2.75,5.375,3.125],"tintindex":0,"rotation":0,"texture":"#0"},"up":{"uv":[4.625,4.875,4.125,4.5],"tintindex":0,"rotation":0,"texture":"#0"},"down":{"uv":[5.0,4.125,4.5,4.5],"tintindex":0,"rotation":0,"texture":"#0"}},"rotation":{"origin":[9.101578,7.7521305,8.0],"angle":-22.5,"axis":"z"}}],"display":{"gui":{"rotation":[30,225,0]}}}