{"textures":{"0":"modelengine:entity/skeletoncrossbow"},"elements":[{"from":[6.9552774,2.3000002,7.4],"to":[8.955277,6.5,8.9],"faces":{"east":{"uv":[5.875,2.0,6.0625,2.53125],"tintindex":0,"rotation":0,"texture":"#0"},"south":{"uv":[5.375,2.375,5.625,2.90625],"tintindex":0,"rotation":0,"texture":"#0"},"north":{"uv":[2.375,5.375,2.625,5.90625],"tintindex":0,"rotation":0,"texture":"#0"},"west":{"uv":[2.875,5.875,3.0625,6.40625],"tintindex":0,"rotation":0,"texture":"#0"},"up":{"uv":[6.875,7.6875,6.625,7.5],"tintindex":0,"rotation":0,"texture":"#0"},"down":{"uv":[7.125,7.5,6.875,7.6875],"tintindex":0,"rotation":0,"texture":"#0"}}},{"from":[6.9,2.1552777,5.6000004],"to":[9.0,3.6552777,7.8],"faces":{"east":{"uv":[7.375,5.0,7.65625,5.1875],"tintindex":0,"rotation":0,"texture":"#0"},"south":{"uv":[0.5,7.625,0.75,7.8125],"tintindex":0,"rotation":0,"texture":"#0"},"north":{"uv":[7.5,7.375,7.75,7.5625],"tintindex":0,"rotation":0,"texture":"#0"},"west":{"uv":[5.5,7.375,5.78125,7.5625],"tintindex":0,"rotation":0,"texture":"#0"},"up":{"uv":[7.25,0.53125,7.0,0.25],"tintindex":0,"rotation":0,"texture":"#0"},"down":{"uv":[1.625,7.0,1.375,7.28125],"tintindex":0,"rotation":0,"texture":"#0"}}},{"from":[6.924874,5.8271036,7.1],"to":[9.124874,8.027103,9.2],"faces":{"east":{"uv":[2.5,6.875,2.75,7.15625],"tintindex":0,"rotation":0,"texture":"#0"},"south":{"uv":[0.75,6.375,1.03125,6.65625],"tintindex":0,"rotation":0,"texture":"#0"},"north":{"uv":[6.25,4.5,6.53125,4.78125],"tintindex":0,"rotation":0,"texture":"#0"},"west":{"uv":[2.75,6.875,3.0,7.15625],"tintindex":0,"rotation":0,"texture":"#0"},"up":{"uv":[4.90625,7.125,4.625,6.875],"tintindex":0,"rotation":0,"texture":"#0"},"down":{"uv":[6.90625,6.875,6.625,7.125],"tintindex":0,"rotation":0,"texture":"#0"}},"rotation":{"origin":[8.024874,6.9271035,8.15],"angle":-45.0,"axis":"z"}}],"display":{"gui":{"rotation":[30,225,0]}}}