{"textures":{"0":"modelengine:entity/skeletoncrossbow"},"elements":[{"from":[6.924874,6.127104,7.2],"to":[9.124874,8.327104,9.3],"faces":{"east":{"uv":[7.0,1.375,7.25,1.65625],"tintindex":0,"rotation":0,"texture":"#0"},"south":{"uv":[1.875,6.375,2.15625,6.65625],"tintindex":0,"rotation":0,"texture":"#0"},"north":{"uv":[1.5,6.375,1.78125,6.65625],"tintindex":0,"rotation":0,"texture":"#0"},"west":{"uv":[1.625,7.0,1.875,7.28125],"tintindex":0,"rotation":0,"texture":"#0"},"up":{"uv":[7.28125,1.125,7.0,0.875],"tintindex":0,"rotation":0,"texture":"#0"},"down":{"uv":[7.28125,2.0,7.0,2.25],"tintindex":0,"rotation":0,"texture":"#0"}},"rotation":{"origin":[8.024874,7.227103,8.25],"angle":-45.0,"axis":"z"}},{"from":[6.9552774,2.6000004,7.5],"to":[8.955277,6.8,9.0],"faces":{"east":{"uv":[3.625,5.875,3.8125,6.40625],"tintindex":0,"rotation":0,"texture":"#0"},"south":{"uv":[5.375,3.0,5.625,3.53125],"tintindex":0,"rotation":0,"texture":"#0"},"north":{"uv":[2.625,5.375,2.875,5.90625],"tintindex":0,"rotation":0,"texture":"#0"},"west":{"uv":[4.875,5.875,5.0625,6.40625],"tintindex":0,"rotation":0,"texture":"#0"},"up":{"uv":[1.0,7.8125,0.75,7.625],"tintindex":0,"rotation":0,"texture":"#0"},"down":{"uv":[1.25,7.625,1.0,7.8125],"tintindex":0,"rotation":0,"texture":"#0"}}},{"from":[6.854163,1.8137522,7.2],"to":[9.054163,4.013752,9.3],"faces":{"east":{"uv":[3.0,7.0,3.25,7.28125],"tintindex":0,"rotation":0,"texture":"#0"},"south":{"uv":[3.875,6.375,4.15625,6.65625],"tintindex":0,"rotation":0,"texture":"#0"},"north":{"uv":[3.125,6.375,3.40625,6.65625],"tintindex":0,"rotation":0,"texture":"#0"},"west":{"uv":[7.0,3.0,7.25,3.28125],"tintindex":0,"rotation":0,"texture":"#0"},"up":{"uv":[3.53125,7.25,3.25,7.0],"tintindex":0,"rotation":0,"texture":"#0"},"down":{"uv":[7.28125,3.375,7.0,3.625],"tintindex":0,"rotation":0,"texture":"#0"}},"rotation":{"origin":[7.954163,2.913752,8.25],"angle":-45.0,"axis":"z"}}],"display":{"gui":{"rotation":[30,225,0]}}}