{"textures":{"0":"modelengine:entity/toro_wither"},"elements":[{"from":[3.8000002,3.7999992,3.8000002],"to":[12.2,12.200001,12.2],"faces":{"east":{"uv":[8.15625,4.9375,8.375,5.15625],"tintindex":0,"rotation":0,"texture":"#0"},"south":{"uv":[8.15625,5.15625,8.375,5.375],"tintindex":0,"rotation":0,"texture":"#0"},"north":{"uv":[8.15625,4.71875,8.375,4.9375],"tintindex":0,"rotation":0,"texture":"#0"},"west":{"uv":[8.15625,6.3125,8.375,6.53125],"tintindex":0,"rotation":0,"texture":"#0"},"up":{"uv":[0.21875,8.40625,0.0,8.1875],"tintindex":0,"rotation":0,"texture":"#0"},"down":{"uv":[0.4375,8.1875,0.21875,8.40625],"tintindex":0,"rotation":0,"texture":"#0"}}},{"from":[2.12,2.119999,2.12],"to":[13.88,13.880001,13.88],"faces":{"east":{"uv":[6.90625,6.96875,7.21875,7.28125],"tintindex":0,"rotation":0,"texture":"#0"},"south":{"uv":[6.90625,6.96875,7.21875,7.28125],"tintindex":0,"rotation":0,"texture":"#0"},"north":{"uv":[6.90625,6.96875,7.21875,7.28125],"tintindex":0,"rotation":0,"texture":"#0"},"west":{"uv":[6.90625,6.96875,7.21875,7.28125],"tintindex":0,"rotation":0,"texture":"#0"},"up":{"uv":[7.21875,7.28125,6.90625,6.96875],"tintindex":0,"rotation":0,"texture":"#0"},"down":{"uv":[7.21875,6.96875,6.90625,7.28125],"tintindex":0,"rotation":0,"texture":"#0"}}}],"display":{"gui":{"rotation":[30,225,0]}}}