{"textures":{"0":"modelengine:entity/toro_wither"},"elements":[{"from":[3.44,9.104103,-4.1295033],"to":[12.68,12.4641,4.270497],"faces":{"east":{"uv":[3.84375,7.53125,4.28125,7.71875],"tintindex":0,"rotation":0,"texture":"#0"},"south":{"uv":[5.5,7.34375,5.96875,7.53125],"tintindex":0,"rotation":0,"texture":"#0"},"north":{"uv":[3.875,7.34375,4.34375,7.53125],"tintindex":0,"rotation":0,"texture":"#0"},"west":{"uv":[5.5,7.53125,5.9375,7.71875],"tintindex":0,"rotation":0,"texture":"#0"},"up":{"uv":[3.84375,5.5625,3.375,5.125],"tintindex":0,"rotation":0,"texture":"#0"},"down":{"uv":[4.3125,5.125,3.84375,5.5625],"tintindex":0,"rotation":0,"texture":"#0"}},"rotation":{"origin":[8.059999,9.104103,-4.5495033],"angle":-22.5,"axis":"x"}},{"from":[3.44,6.666832,3.2853003],"to":[12.68,15.06683,7.9053],"faces":{"east":{"uv":[1.75,6.59375,2.0,7.03125],"tintindex":0,"rotation":0,"texture":"#0"},"south":{"uv":[2.90625,5.125,3.375,5.5625],"tintindex":0,"rotation":0,"texture":"#0"},"north":{"uv":[2.4375,5.0625,2.90625,5.5],"tintindex":0,"rotation":0,"texture":"#0"},"west":{"uv":[6.59375,6.34375,6.84375,6.78125],"tintindex":0,"rotation":0,"texture":"#0"},"up":{"uv":[7.03125,6.34375,6.5625,6.09375],"tintindex":0,"rotation":0,"texture":"#0"},"down":{"uv":[7.0625,2.71875,6.59375,2.96875],"tintindex":0,"rotation":0,"texture":"#0"}},"rotation":{"origin":[5.75,9.186832,2.2353],"angle":-45.0,"axis":"x"}},{"from":[12.68,7.844101,-3.289503],"to":[15.62,12.044102,2.590497],"faces":{"east":{"uv":[0.59375,7.71875,0.90625,7.9375],"tintindex":0,"rotation":0,"texture":"#0"},"south":{"uv":[1.125,8.59375,1.28125,8.8125],"tintindex":0,"rotation":0,"texture":"#0"},"north":{"uv":[8.59375,0.96875,8.75,1.1875],"tintindex":0,"rotation":0,"texture":"#0"},"west":{"uv":[3.71875,7.71875,4.03125,7.9375],"tintindex":0,"rotation":0,"texture":"#0"},"up":{"uv":[4.3125,8.375,4.15625,8.0625],"tintindex":0,"rotation":0,"texture":"#0"},"down":{"uv":[4.46875,8.0625,4.3125,8.375],"tintindex":0,"rotation":0,"texture":"#0"}},"rotation":{"origin":[8.059999,9.104103,-4.5495033],"angle":-22.5,"axis":"x"}},{"from":[7.2200003,6.2919846,-4.9824114],"to":[8.9,9.651985,-3.302411],"faces":{"east":{"uv":[4.21875,8.78125,4.3125,8.96875],"tintindex":0,"rotation":0,"texture":"#0"},"south":{"uv":[8.78125,5.9375,8.875,6.125],"tintindex":0,"rotation":0,"texture":"#0"},"north":{"uv":[3.125,8.75,3.21875,8.9375],"tintindex":0,"rotation":0,"texture":"#0"},"west":{"uv":[8.78125,6.875,8.875,7.0625],"tintindex":0,"rotation":0,"texture":"#0"},"up":{"uv":[7.34375,5.625,7.25,5.53125],"tintindex":0,"rotation":0,"texture":"#0"},"down":{"uv":[7.375,2.5,7.28125,2.59375],"tintindex":0,"rotation":0,"texture":"#0"}}},{"from":[0.9200001,11.6241,2.170497],"to":[15.2,17.504105,8.050497],"faces":{"east":{"uv":[4.75,7.0625,5.0625,7.375],"tintindex":0,"rotation":0,"texture":"#0"},"south":{"uv":[4.5625,1.9375,5.3125,2.25],"tintindex":0,"rotation":0,"texture":"#0"},"north":{"uv":[0.0,4.53125,0.75,4.84375],"tintindex":0,"rotation":0,"texture":"#0"},"west":{"uv":[0.375,7.09375,0.6875,7.40625],"tintindex":0,"rotation":0,"texture":"#0"},"up":{"uv":[5.3125,2.5625,4.5625,2.25],"tintindex":0,"rotation":0,"texture":"#0"},"down":{"uv":[5.375,0.375,4.625,0.6875],"tintindex":0,"rotation":0,"texture":"#0"}},"rotation":{"origin":[8.9,9.104103,-4.5495033],"angle":-22.5,"axis":"x"}},{"from":[14.360001,10.7841,-2.869503],"to":[16.880001,17.084099,4.270497],"faces":{"east":{"uv":[0.84375,6.3125,1.21875,6.65625],"tintindex":0,"rotation":0,"texture":"#0"},"south":{"uv":[7.5,8.34375,7.625,8.6875],"tintindex":0,"rotation":0,"texture":"#0"},"north":{"uv":[7.375,8.34375,7.5,8.6875],"tintindex":0,"rotation":0,"texture":"#0"},"west":{"uv":[2.125,6.34375,2.5,6.6875],"tintindex":0,"rotation":0,"texture":"#0"},"up":{"uv":[8.40625,8.59375,8.28125,8.21875],"tintindex":0,"rotation":0,"texture":"#0"},"down":{"uv":[8.4375,0.65625,8.3125,1.03125],"tintindex":0,"rotation":0,"texture":"#0"}},"rotation":{"origin":[8.059999,9.104103,-4.5495033],"angle":-22.5,"axis":"x"}},{"from":[1.7599998,15.824104,-2.869503],"to":[14.360001,18.7641,4.270497],"faces":{"east":{"uv":[7.71875,7.875,8.09375,8.03125],"tintindex":0,"rotation":0,"texture":"#0"},"south":{"uv":[6.71875,1.125,7.375,1.28125],"tintindex":0,"rotation":0,"texture":"#0"},"north":{"uv":[6.71875,0.96875,7.375,1.125],"tintindex":0,"rotation":0,"texture":"#0"},"west":{"uv":[7.90625,0.0,8.28125,0.15625],"tintindex":0,"rotation":0,"texture":"#0"},"up":{"uv":[4.5,4.34375,3.84375,3.96875],"tintindex":0,"rotation":0,"texture":"#0"},"down":{"uv":[4.65625,0.0,4.0,0.375],"tintindex":0,"rotation":0,"texture":"#0"}},"rotation":{"origin":[8.059999,9.104103,-4.5495033],"angle":-22.5,"axis":"x"}},{"from":[0.5,7.844101,-3.289503],"to":[3.44,12.044102,2.590497],"faces":{"east":{"uv":[3.40625,7.6875,3.71875,7.90625],"tintindex":0,"rotation":0,"texture":"#0"},"south":{"uv":[0.96875,8.59375,1.125,8.8125],"tintindex":0,"rotation":0,"texture":"#0"},"north":{"uv":[8.59375,0.15625,8.75,0.375],"tintindex":0,"rotation":0,"texture":"#0"},"west":{"uv":[5.9375,7.6875,6.25,7.90625],"tintindex":0,"rotation":0,"texture":"#0"},"up":{"uv":[8.09375,8.34375,7.9375,8.03125],"tintindex":0,"rotation":0,"texture":"#0"},"down":{"uv":[4.15625,8.0625,4.0,8.375],"tintindex":0,"rotation":0,"texture":"#0"}},"rotation":{"origin":[8.059999,9.104103,-4.5495033],"angle":-22.5,"axis":"x"}},{"from":[-0.7599993,10.7841,-2.869503],"to":[1.7599998,17.084099,4.270497],"faces":{"east":{"uv":[0.0,6.28125,0.375,6.625],"tintindex":0,"rotation":0,"texture":"#0"},"south":{"uv":[7.25,8.34375,7.375,8.6875],"tintindex":0,"rotation":0,"texture":"#0"},"north":{"uv":[8.34375,7.21875,8.46875,7.5625],"tintindex":0,"rotation":0,"texture":"#0"},"west":{"uv":[5.125,6.28125,5.5,6.625],"tintindex":0,"rotation":0,"texture":"#0"},"up":{"uv":[5.75,8.65625,5.625,8.28125],"tintindex":0,"rotation":0,"texture":"#0"},"down":{"uv":[5.875,8.28125,5.75,8.65625],"tintindex":0,"rotation":0,"texture":"#0"}},"rotation":{"origin":[8.059999,9.104103,-4.5495033],"angle":-22.5,"axis":"x"}},{"from":[3.8600001,7.2762947,-4.2368374],"to":[5.54,10.846294,-2.556837],"faces":{"east":{"uv":[8.09375,8.65625,8.1875,8.84375],"tintindex":0,"rotation":0,"texture":"#0"},"south":{"uv":[4.84375,8.6875,4.9375,8.875],"tintindex":0,"rotation":0,"texture":"#0"},"north":{"uv":[8.1875,5.59375,8.28125,5.78125],"tintindex":0,"rotation":0,"texture":"#0"},"west":{"uv":[2.03125,8.75,2.125,8.9375],"tintindex":0,"rotation":0,"texture":"#0"},"up":{"uv":[7.34375,4.03125,7.25,3.9375],"tintindex":0,"rotation":0,"texture":"#0"},"down":{"uv":[5.59375,7.25,5.5,7.34375],"tintindex":0,"rotation":0,"texture":"#0"}}},{"from":[6.8,9.104103,-5.3895035],"to":[9.32,12.4641,-2.0295029],"faces":{"east":{"uv":[1.9375,8.5625,2.125,8.75],"tintindex":0,"rotation":0,"texture":"#0"},"south":{"uv":[8.75,1.4375,8.875,1.625],"tintindex":0,"rotation":0,"texture":"#0"},"north":{"uv":[0.28125,8.71875,0.40625,8.90625],"tintindex":0,"rotation":0,"texture":"#0"},"west":{"uv":[8.5625,2.09375,8.75,2.28125],"tintindex":0,"rotation":0,"texture":"#0"},"up":{"uv":[1.59375,8.9375,1.46875,8.75],"tintindex":0,"rotation":0,"texture":"#0"},"down":{"uv":[1.71875,8.75,1.59375,8.9375],"tintindex":0,"rotation":0,"texture":"#0"}},"rotation":{"origin":[8.059999,9.104103,-4.5495033],"angle":22.5,"axis":"x"}},{"from":[4.2799997,3.9368324,3.2853003],"to":[11.84,10.65683,7.9053],"faces":{"east":{"uv":[4.34375,7.375,4.59375,7.71875],"tintindex":0,"rotation":0,"texture":"#0"},"south":{"uv":[5.78125,5.875,6.1875,6.21875],"tintindex":0,"rotation":0,"texture":"#0"},"north":{"uv":[4.75,5.8125,5.15625,6.15625],"tintindex":0,"rotation":0,"texture":"#0"},"west":{"uv":[4.59375,7.375,4.84375,7.71875],"tintindex":0,"rotation":0,"texture":"#0"},"up":{"uv":[2.40625,6.9375,2.0,6.6875],"tintindex":0,"rotation":0,"texture":"#0"},"down":{"uv":[7.125,1.28125,6.71875,1.53125],"tintindex":0,"rotation":0,"texture":"#0"}}},{"from":[5.12,12.4641,-4.5495033],"to":[11.0,15.824104,4.270497],