{"textures":{"0":"modelengine:entity/toro_wither"},"elements":[{"from":[5.48,-14.739998,-0.39999962],"to":[10.52,-9.279999,4.2200003],"faces":{"east":{"uv":[3.84375,8.78125,3.96875,8.9375],"tintindex":0,"rotation":0,"texture":"#0"},"south":{"uv":[3.96875,8.78125,4.09375,8.9375],"tintindex":0,"rotation":0,"texture":"#0"},"north":{"uv":[2.0,4.96875,2.125,5.125],"tintindex":0,"rotation":0,"texture":"#0"},"west":{"uv":[4.09375,8.78125,4.21875,8.9375],"tintindex":0,"rotation":0,"texture":"#0"},"up":{"uv":[8.4375,8.9375,8.3125,8.8125],"tintindex":0,"rotation":0,"texture":"#0"},"down":{"uv":[8.9375,8.3125,8.8125,8.4375],"tintindex":0,"rotation":0,"texture":"#0"}},"rotation":{"origin":[7.16,-6.760002,0.44000006],"angle":-22.5,"axis":"x"}},{"from":[2.12,-8.019997,-3.7600002],"to":[6.32,-1.300003,0.01999998],"faces":{"east":{"uv":[0.96875,8.8125,1.0625,9.0],"tintindex":0,"rotation":0,"texture":"#0"},"south":{"uv":[1.0625,8.8125,1.15625,9.0],"tintindex":0,"rotation":0,"texture":"#0"},"north":{"uv":[0.0,8.8125,0.09375,9.0],"tintindex":0,"rotation":0,"texture":"#0"},"west":{"uv":[1.15625,8.8125,1.25,9.0],"tintindex":0,"rotation":0,"texture":"#0"},"up":{"uv":[7.5625,5.34375,7.46875,5.25],"tintindex":0,"rotation":0,"texture":"#0"},"down":{"uv":[7.625,0.4375,7.53125,0.53125],"tintindex":0,"rotation":0,"texture":"#0"}},"rotation":{"origin":[8.0,-6.760002,0.44000006],"angle":-22.5,"axis":"x"}},{"from":[9.68,-8.019997,-3.7600002],"to":[13.88,-1.300003,0.01999998],"faces":{"east":{"uv":[7.6875,8.78125,7.78125,8.96875],"tintindex":0,"rotation":0,"texture":"#0"},"south":{"uv":[7.78125,8.78125,7.875,8.96875],"tintindex":0,"rotation":0,"texture":"#0"},"north":{"uv":[7.59375,8.78125,7.6875,8.96875],"tintindex":0,"rotation":0,"texture":"#0"},"west":{"uv":[8.71875,8.78125,8.8125,8.96875],"tintindex":0,"rotation":0,"texture":"#0"},"up":{"uv":[7.46875,1.28125,7.375,1.1875],"tintindex":0,"rotation":0,"texture":"#0"},"down":{"uv":[7.5625,1.1875,7.46875,1.28125],"tintindex":0,"rotation":0,"texture":"#0"}},"rotation":{"origin":[8.0,-6.760002,0.44000006],"angle":-22.5,"axis":"x"}},{"from":[-0.39999962,-10.959999,-0.39999962],"to":[16.4,-4.239998,8.0],"faces":{"east":{"uv":[8.375,5.09375,8.59375,5.28125],"tintindex":0,"rotation":0,"texture":"#0"},"south":{"uv":[7.59375,1.875,8.03125,2.0625],"tintindex":0,"rotation":0,"texture":"#0"},"north":{"uv":[7.5625,1.1875,8.0,1.375],"tintindex":0,"rotation":0,"texture":"#0"},"west":{"uv":[8.375,6.28125,8.59375,6.46875],"tintindex":0,"rotation":0,"texture":"#0"},"up":{"uv":[1.125,7.375,0.6875,7.15625],"tintindex":0,"rotation":0,"texture":"#0"},"down":{"uv":[7.59375,1.90625,7.15625,2.125],"tintindex":0,"rotation":0,"texture":"#0"}}},{"from":[1.2800002,-8.860001,5.48],"to":[14.719999,-2.1399994,13.879999],"faces":{"east":{"uv":[8.375,6.78125,8.59375,6.96875],"tintindex":0,"rotation":0,"texture":"#0"},"south":{"uv":[7.625,0.34375,7.96875,0.53125],"tintindex":0,"rotation":0,"texture":"#0"},"north":{"uv":[6.75,1.90625,7.09375,2.09375],"tintindex":0,"rotation":0,"texture":"#0"},"west":{"uv":[0.0,8.40625,0.21875,8.59375],"tintindex":0,"rotation":0,"texture":"#0"},"up":{"uv":[4.46875,3.96875,4.125,3.75],"tintindex":0,"rotation":0,"texture":"#0"},"down":{"uv":[6.53125,1.875,6.1875,2.09375],"tintindex":0,"rotation":0,"texture":"#0"}},"rotation":{"origin":[8.0,-7.5999985,7.16],"angle":-45.0,"axis":"x"}}],"display":{"gui":{"rotation":[30,225,0]}}}