{"textures":{"0":"modelengine:entity/toro_wither"},"elements":[{"from":[1.8991966,10.3564,9.287891],"to":[14.2976,21.377197,16.864693],"faces":{"east":{"uv":[4.34375,7.375,4.59375,7.71875],"tintindex":0,"rotation":0,"texture":"#0"},"south":{"uv":[5.78125,5.875,6.1875,6.21875],"tintindex":0,"rotation":0,"texture":"#0"},"north":{"uv":[4.75,5.8125,5.15625,6.15625],"tintindex":0,"rotation":0,"texture":"#0"},"west":{"uv":[4.59375,7.375,4.84375,7.71875],"tintindex":0,"rotation":0,"texture":"#0"},"up":{"uv":[2.40625,6.9375,2.0,6.6875],"tintindex":0,"rotation":0,"texture":"#0"},"down":{"uv":[7.125,1.28125,6.71875,1.53125],"tintindex":0,"rotation":0,"texture":"#0"}}},{"from":[15.675198,3.6443253,-1.4947853],"to":[20.4968,10.532326,8.148415],"faces":{"east":{"uv":[0.59375,7.71875,0.90625,7.9375],"tintindex":0,"rotation":0,"texture":"#0"},"south":{"uv":[1.125,8.59375,1.28125,8.8125],"tintindex":0,"rotation":0,"texture":"#0"},"north":{"uv":[8.59375,0.96875,8.75,1.1875],"tintindex":0,"rotation":0,"texture":"#0"},"west":{"uv":[3.71875,7.71875,4.03125,7.9375],"tintindex":0,"rotation":0,"texture":"#0"},"up":{"uv":[4.3125,8.375,4.15625,8.0625],"tintindex":0,"rotation":0,"texture":"#0"},"down":{"uv":[4.46875,8.0625,4.3125,8.375],"tintindex":0,"rotation":0,"texture":"#0"}},"rotation":{"origin":[8.0984,5.710724,-3.561185],"angle":-22.5,"axis":"x"}},{"from":[3.2767982,11.22113,-3.561185],"to":[12.919998,16.73153,10.903614],"faces":{"east":{"uv":[7.34375,5.53125,7.8125,5.71875],"tintindex":0,"rotation":0,"texture":"#0"},"south":{"uv":[7.40625,7.84375,7.71875,8.03125],"tintindex":0,"rotation":0,"texture":"#0"},"north":{"uv":[6.84375,7.84375,7.15625,8.03125],"tintindex":0,"rotation":0,"texture":"#0"},"west":{"uv":[7.34375,5.71875,7.8125,5.90625],"tintindex":0,"rotation":0,"texture":"#0"},"up":{"uv":[0.3125,6.28125,0.0,5.8125],"tintindex":0,"rotation":0,"texture":"#0"},"down":{"uv":[0.625,5.8125,0.3125,6.28125],"tintindex":0,"rotation":0,"texture":"#0"}},"rotation":{"origin":[8.0984,5.710724,-3.561185],"angle":-22.5,"axis":"x"}},{"from":[6.7207985,-1.6071472,-3.0411549],"to":[9.475998,3.9032516,-0.28595448],"faces":{"east":{"uv":[4.21875,8.78125,4.3125,8.96875],"tintindex":0,"rotation":0,"texture":"#0"},"south":{"uv":[8.78125,5.9375,8.875,6.125],"tintindex":0,"rotation":0,"texture":"#0"},"north":{"uv":[3.125,8.75,3.21875,8.9375],"tintindex":0,"rotation":0,"texture":"#0"},"west":{"uv":[8.78125,6.875,8.875,7.0625],"tintindex":0,"rotation":0,"texture":"#0"},"up":{"uv":[7.34375,5.625,7.25,5.53125],"tintindex":0,"rotation":0,"texture":"#0"},"down":{"uv":[7.375,2.5,7.28125,2.59375],"tintindex":0,"rotation":0,"texture":"#0"}},"rotation":{"origin":[8.0984,3.0855331,-0.8338165],"angle":-22.5,"axis":"x"}},{"from":[-6.366398,8.465927,-0.80598545],"to":[-2.2336006,18.797928,10.903614],"faces":{"east":{"uv":[0.0,6.28125,0.375,6.625],"tintindex":0,"rotation":0,"texture":"#0"},"south":{"uv":[7.25,8.34375,7.375,8.6875],"tintindex":0,"rotation":0,"texture":"#0"},"north":{"uv":[8.34375,7.21875,8.46875,7.5625],"tintindex":0,"rotation":0,"texture":"#0"},"west":{"uv":[5.125,6.28125,5.5,6.625],"tintindex":0,"rotation":0,"texture":"#0"},"up":{"uv":[5.75,8.65625,5.625,8.28125],"tintindex":0,"rotation":0,"texture":"#0"},"down":{"uv":[5.875,8.28125,5.75,8.65625],"tintindex":0,"rotation":0,"texture":"#0"}},"rotation":{"origin":[8.0984,5.710724,-3.561185],"angle":-22.5,"axis":"x"}},{"from":[-3.6112022,9.843529,7.4596157],"to":[19.807999,19.486725,17.102816],"faces":{"east":{"uv":[4.75,7.0625,5.0625,7.375],"tintindex":0,"rotation":0,"texture":"#0"},"south":{"uv":[4.5625,1.9375,5.3125,2.25],"tintindex":0,"rotation":0,"texture":"#0"},"north":{"uv":[0.0,4.53125,0.75,4.84375],"tintindex":0,"rotation":0,"texture":"#0"},"west":{"uv":[0.375,7.09375,0.6875,7.40625],"tintindex":0,"rotation":0,"texture":"#0"},"up":{"uv":[5.3125,2.5625,4.5625,2.25],"tintindex":0,"rotation":0,"texture":"#0"},"down":{"uv":[5.375,0.375,4.625,0.6875],"tintindex":0,"rotation":0,"texture":"#0"}},"rotation":{"origin":[9.475998,5.710724,-3.561185],"angle":-22.5,"axis":"x"}},{"from":[6.0320015,2.4378586,-3.563881],"to":[10.164799,7.9482574,1.9465189],"faces":{"east":{"uv":[1.9375,8.5625,2.125,8.75],"tintindex":0,"rotation":0,"texture":"#0"},"south":{"uv":[8.75,1.4375,8.875,1.625],"tintindex":0,"rotation":0,"texture":"#0"},"north":{"uv":[0.28125,8.71875,0.40625,8.90625],"tintindex":0,"rotation":0,"texture":"#0"},"west":{"uv":[8.5625,2.09375,8.75,2.28125],"tintindex":0,"rotation":0,"texture":"#0"},"up":{"uv":[1.59375,8.9375,1.46875,8.75],"tintindex":0,"rotation":0,"texture":"#0"},"down":{"uv":[1.71875,8.75,1.59375,8.9375],"tintindex":0,"rotation":0,"texture":"#0"}},"rotation":{"origin":[8.0984,3.0855331,-0.8338165],"angle":0.0,"axis":"x"}},{"from":[0.52160263,5.710724,-2.872385],"to":[15.675198,11.22113,10.903614],"faces":{"east":{"uv":[3.84375,7.53125,4.28125,7.71875],"tintindex":0,"rotation":0,"texture":"#0"},"south":{"uv":[5.5,7.34375,5.96875,7.53125],"tintindex":0,"rotation":0,"texture":"#0"},"north":{"uv":[3.875,7.34375,4.34375,7.53125],"tintindex":0,"rotation":0,"texture":"#0"},"west":{"uv":[5.5,7.53125,5.9375,7.71875],"tintindex":0,"rotation":0,"texture":"#0"},"up":{"uv":[3.84375,5.5625,3.375,5.125],"tintindex":0,"rotation":0,"texture":"#0"},"down":{"uv":[4.3125,5.125,3.84375,5.5625],"tintindex":0,"rotation":0,"texture":"#0"}},"rotation":{"origin":[8.0984,5.710724,-3.561185],"angle":-22.5,"axis":"x"}},{"from":[18.430397,8.465927,-0.80598545],"to":[22.563198,18.797928,10.903614],"faces":{"east":{"uv":[0.84375,6.3125,1.21875,6.65625],"tintindex":0,"rotation":0,"texture":"#0"},"south":{"uv":[7.5,8.34375,7.625,8.6875],"tintindex":0,"rotation":0,"texture":"#0"},"north":{"uv":[7.375,8.34375,7.5,8.6875],"tintindex":0,"rotation":0,"texture":"#0"},"west":{"uv":[2.125,6.34375,2.5,6.6875],"tintindex":0,"rotation":0,"texture":"#0"},"up":{"uv":[8.40625,8.59375,8.28125,8.21875],"tintindex":0,"rotation":0,"texture":"#0"},"down":{"uv":[8.4375,0.65625,8.3125,1.03125],"tintindex":0,"rotation":0,"texture":"#0"}},"rotation":{"origin":[8.0984,5.710724,-3.561185],"angle":-22.5,"axis":"x"}},{"from":[0.52160263,-0.7463989,9.287891],"to":[15.675198,13.029602,16.864693],"faces":{"east":{"uv":[1.75,6.59375,2.0,7.03125],"tintindex":0,"rotation":0,"texture":"#0"},"south":{"uv":[2.90625,5.125,3.375,5.5625],"tintindex":0,"rotation":0,"texture":"#0"},"north":{"uv":[2.4375,5.0625,2.90625,5.5],"tintindex":0,"rotation":0,"texture":"#0"},"west":{"uv":[6.59375,6.34375,6.84375,6.78125],"tintindex":0,"rotation":0,"texture":"#0"},"up":{"uv":[7.03125,6.34375,6.5625,6.09375],"tintindex":0,"rotation":0,"texture":"#0"},"down":{"uv":[7.0625,2.71875,6.59375,2.96875],"tintindex":0,"rotation":0,"texture":"#0"}},"rotation":{"origin":[4.3100014,5.846405,7.565893],"angle":-45.0,"axis":"x"}},{"from":[-2.2336006,16.73153,-0.80598545],"to":[18.430397,21.553131,10.903614],"faces":{"east":{"uv":[7.71875,7.875,8.09375,8.03125],"tintindex":0,"rotation":0,"texture":"#0"},"south":{"uv":[6.71875,1.125,7.375,1.28125],"tintindex":0,"rotation":0,"texture":"#0"},"north":{"uv":[6.71875,0.96875,7.375,1.125],"tintindex":0,"rotation":0,"texture":"#0"},"west":{"uv":[7.90625,0.0,8.28125,0.15625],"tintindex":0,"rotation":0,"texture":"#0"},"up":{"uv":[4.5,4.34375,3.84375,3.96875],"tintindex":0,"rotation":0,"texture":"#0"},"down":{"uv":[4.65625,0.0,4.0,0.375],"tintindex":0,"rotation":0,"texture":"#0"}},"rotation":{"origin":[8.0984,5.710724,-3.561185],"angle":-22.5,"axis":"x"}},{"from":[-4.299999,3.6443253,-1.4947853],"to":[0.52160263,10.532326,8.148415],"faces":{"east":{"uv":[3.40625,7.6875,3.71875,7.90625],"tintindex":0,"rotation":0,"texture":"#0"},"south":{"uv":[0.96875,8.59375,1.125,8.8125],"tintindex":0,"rotation":0,"texture":"#0"},"north":{"uv":[8.59375,0.15625,8.75,0.375],"tintindex":0,"rotation":0,"texture":"#0"},"west":{"uv":[5.9375,7.6875,6.25,7.90625],"tintindex":0,"rotation":0,"texture":"#0"},"up":{"uv":[8.09375,8.34375,7.9375,8.03125],"tintindex":0,"rotation":0,"texture":"#0"},