{"textures":{"0":"modelengine:entity/toro_wither"},"elements":[{"from":[-4.684,4.753999,8.147],"to":[8.42,6.7699995,10.163],"faces":{"east":{"uv":[7.78125,3.875,8.03125,4.125],"tintindex":0,"rotation":0,"texture":"#0"},"south":{"uv":[1.3125,1.5625,3.03125,1.8125],"tintindex":0,"rotation":0,"texture":"#0"},"north":{"uv":[1.3125,1.3125,3.03125,1.5625],"tintindex":0,"rotation":0,"texture":"#0"},"west":{"uv":[7.78125,4.125,8.03125,4.375],"tintindex":0,"rotation":0,"texture":"#0"},"up":{"uv":[3.53125,0.25,1.8125,0.0],"tintindex":0,"rotation":0,"texture":"#0"},"down":{"uv":[3.53125,0.25,1.8125,0.5],"tintindex":0,"rotation":0,"texture":"#0"}}},{"from":[5.8999996,3.7459989,5.627],"to":[9.428,7.778,9.155001],"faces":{"east":{"uv":[3.53125,0.0,4.0,0.53125],"tintindex":0,"rotation":0,"texture":"#0"},"south":{"uv":[3.53125,0.53125,4.0,1.0625],"tintindex":0,"rotation":0,"texture":"#0"},"north":{"uv":[3.1875,3.4375,3.65625,3.96875],"tintindex":0,"rotation":0,"texture":"#0"},"west":{"uv":[3.65625,3.4375,4.125,3.96875],"tintindex":0,"rotation":0,"texture":"#0"},"up":{"uv":[3.71875,5.125,3.25,4.65625],"tintindex":0,"rotation":0,"texture":"#0"},"down":{"uv":[4.1875,4.65625,3.71875,5.125],"tintindex":0,"rotation":0,"texture":"#0"}}},{"from":[-11.236,5.2579985,8.651],"to":[1.868,7.0220003,10.289],"faces":{"east":{"uv":[3.0,8.1875,3.21875,8.40625],"tintindex":0,"rotation":0,"texture":"#0"},"south":{"uv":[1.125,2.28125,2.84375,2.5],"tintindex":0,"rotation":0,"texture":"#0"},"north":{"uv":[1.125,2.0625,2.84375,2.28125],"tintindex":0,"rotation":0,"texture":"#0"},"west":{"uv":[3.46875,8.1875,3.6875,8.40625],"tintindex":0,"rotation":0,"texture":"#0"},"up":{"uv":[2.84375,2.71875,1.125,2.5],"tintindex":0,"rotation":0,"texture":"#0"},"down":{"uv":[1.71875,2.71875,0.0,2.9375],"tintindex":0,"rotation":0,"texture":"#0"}}}],"display":{"gui":{"rotation":[30,225,0]}}}