{"textures":{"0":"modelengine:entity/toro_wither"},"elements":[{"from":[6.572,3.7459989,5.627],"to":[10.1,7.778,9.155001],"faces":{"east":{"uv":[0.46875,3.6875,0.9375,4.21875],"tintindex":0,"rotation":0,"texture":"#0"},"south":{"uv":[0.9375,3.6875,1.40625,4.21875],"tintindex":0,"rotation":0,"texture":"#0"},"north":{"uv":[0.0,3.6875,0.46875,4.21875],"tintindex":0,"rotation":0,"texture":"#0"},"west":{"uv":[1.40625,3.6875,1.875,4.21875],"tintindex":0,"rotation":0,"texture":"#0"},"up":{"uv":[4.65625,5.125,4.1875,4.65625],"tintindex":0,"rotation":0,"texture":"#0"},"down":{"uv":[5.125,4.65625,4.65625,5.125],"tintindex":0,"rotation":0,"texture":"#0"}}},{"from":[7.58,4.753999,8.147],"to":[20.684,6.7699995,10.163],"faces":{"east":{"uv":[4.78125,7.78125,5.03125,8.03125],"tintindex":0,"rotation":0,"texture":"#0"},"south":{"uv":[1.8125,0.75,3.53125,1.0],"tintindex":0,"rotation":0,"texture":"#0"},"north":{"uv":[1.8125,0.5,3.53125,0.75],"tintindex":0,"rotation":0,"texture":"#0"},"west":{"uv":[7.78125,6.59375,8.03125,6.84375],"tintindex":0,"rotation":0,"texture":"#0"},"up":{"uv":[3.53125,1.25,1.8125,1.0],"tintindex":0,"rotation":0,"texture":"#0"},"down":{"uv":[3.03125,1.8125,1.3125,2.0625],"tintindex":0,"rotation":0,"texture":"#0"}}},{"from":[14.132,5.2579985,8.651],"to":[27.236,7.0220003,10.289],"faces":{"east":{"uv":[3.6875,8.1875,3.90625,8.40625],"tintindex":0,"rotation":0,"texture":"#0"},"south":{"uv":[2.84375,2.0625,4.5625,2.28125],"tintindex":0,"rotation":0,"texture":"#0"},"north":{"uv":[1.71875,2.71875,3.4375,2.9375],"tintindex":0,"rotation":0,"texture":"#0"},"west":{"uv":[8.1875,5.375,8.40625,5.59375],"tintindex":0,"rotation":0,"texture":"#0"},"up":{"uv":[4.5625,2.5,2.84375,2.28125],"tintindex":0,"rotation":0,"texture":"#0"},"down":{"uv":[4.5625,2.5,2.84375,2.71875],"tintindex":0,"rotation":0,"texture":"#0"}}}],"display":{"gui":{"rotation":[30,225,0]}}}