{"textures":{"0":"modelengine:entity/toro_wither"},"elements":[{"from":[9.0230255,4.887501,8.271945],"to":[13.433023,5.8325005,9.899445],"faces":{"east":{"uv":[6.5,5.3125,6.65625,5.40625],"tintindex":0,"rotation":0,"texture":"#0"},"south":{"uv":[8.34375,4.15625,8.8125,4.25],"tintindex":0,"rotation":0,"texture":"#0"},"north":{"uv":[8.34375,4.0625,8.8125,4.15625],"tintindex":0,"rotation":0,"texture":"#0"},"west":{"uv":[7.375,0.4375,7.53125,0.53125],"tintindex":0,"rotation":0,"texture":"#0"},"up":{"uv":[8.0625,4.5625,7.59375,4.40625],"tintindex":0,"rotation":0,"texture":"#0"},"down":{"uv":[8.09375,0.1875,7.625,0.34375],"tintindex":0,"rotation":0,"texture":"#0"}},"rotation":{"origin":[8.235525,5.3600006,9.715694],"angle":22.5,"axis":"y"}},{"from":[6.030525,4.4675007,7.431945],"to":[10.440525,6.2525005,8.744445],"faces":{"east":{"uv":[8.75,3.75,8.875,3.9375],"tintindex":0,"rotation":0,"texture":"#0"},"south":{"uv":[7.375,1.0,7.84375,1.1875],"tintindex":0,"rotation":0,"texture":"#0"},"north":{"uv":[7.375,0.8125,7.84375,1.0],"tintindex":0,"rotation":0,"texture":"#0"},"west":{"uv":[8.75,4.96875,8.875,5.15625],"tintindex":0,"rotation":0,"texture":"#0"},"up":{"uv":[3.09375,8.03125,2.625,7.90625],"tintindex":0,"rotation":0,"texture":"#0"},"down":{"uv":[3.5625,7.90625,3.09375,8.03125],"tintindex":0,"rotation":0,"texture":"#0"}}},{"from":[16.740526,4.887501,6.959445],"to":[26.348024,5.8325005,7.9044447],"faces":{"east":{"uv":[8.0,7.78125,8.09375,7.875],"tintindex":0,"rotation":0,"texture":"#0"},"south":{"uv":[7.15625,6.3125,8.15625,6.40625],"tintindex":0,"rotation":0,"texture":"#0"},"north":{"uv":[7.15625,2.21875,8.15625,2.3125],"tintindex":0,"rotation":0,"texture":"#0"},"west":{"uv":[3.46875,8.03125,3.5625,8.125],"tintindex":0,"rotation":0,"texture":"#0"},"up":{"uv":[8.15625,6.5,7.15625,6.40625],"tintindex":0,"rotation":0,"texture":"#0"},"down":{"uv":[8.15625,6.5,7.15625,6.59375],"tintindex":0,"rotation":0,"texture":"#0"}}},{"from":[7.9205246,5.5175,6.1719446],"to":[24.300524,6.4625015,7.589444],"faces":{"east":{"uv":[5.5,5.96875,5.65625,6.0625],"tintindex":0,"rotation":0,"texture":"#0"},"south":{"uv":[5.375,3.40625,7.09375,3.5],"tintindex":0,"rotation":0,"texture":"#0"},"north":{"uv":[5.375,3.3125,7.09375,3.40625],"tintindex":0,"rotation":0,"texture":"#0"},"west":{"uv":[3.90625,6.125,4.0625,6.21875],"tintindex":0,"rotation":0,"texture":"#0"},"up":{"uv":[4.90625,3.28125,3.1875,3.125],"tintindex":0,"rotation":0,"texture":"#0"},"down":{"uv":[4.90625,3.28125,3.1875,3.4375],"tintindex":0,"rotation":0,"texture":"#0"}}},{"from":[7.9205246,4.2574997,6.8019447],"to":[21.780527,5.2025013,8.219444],"faces":{"east":{"uv":[2.125,6.25,2.28125,6.34375],"tintindex":0,"rotation":0,"texture":"#0"},"south":{"uv":[5.9375,4.03125,7.375,4.125],"tintindex":0,"rotation":0,"texture":"#0"},"north":{"uv":[5.9375,0.4375,7.375,0.53125],"tintindex":0,"rotation":0,"texture":"#0"},"west":{"uv":[2.28125,6.25,2.4375,6.34375],"tintindex":0,"rotation":0,"texture":"#0"},"up":{"uv":[6.0625,0.84375,4.625,0.6875],"tintindex":0,"rotation":0,"texture":"#0"},"down":{"uv":[6.0625,0.84375,4.625,1.0],"tintindex":0,"rotation":0,"texture":"#0"}}}],"display":{"gui":{"rotation":[30,225,0]}}}