{"textures":{"0":"modelengine:entity/toro_wither"},"elements":[{"from":[1.0135994,0.0071258545,-1.8184128],"to":[3.7688026,5.861923,0.93678665],"faces":{"east":{"uv":[4.0,8.1875,3.90625,8.375],"tintindex":0,"rotation":0,"texture":"#0"},"south":{"uv":[4.78125,8.0625,4.6875,8.25],"tintindex":0,"rotation":0,"texture":"#0"},"north":{"uv":[0.6875,7.40625,0.59375,7.59375],"tintindex":0,"rotation":0,"texture":"#0"},"west":{"uv":[7.15625,8.03125,7.0625,8.21875],"tintindex":0,"rotation":0,"texture":"#0"},"up":{"uv":[6.59375,3.0625,6.6875,2.96875],"tintindex":0,"rotation":0,"texture":"#0"},"down":{"uv":[2.40625,6.875,2.5,6.96875],"tintindex":0,"rotation":0,"texture":"#0"}},"rotation":{"origin":[7.9016,3.0855331,-0.8338165],"angle":-22.5,"axis":"x"}},{"from":[0.3248024,-0.7463989,9.287891],"to":[15.478397,13.029602,16.864693],"faces":{"east":{"uv":[6.84375,6.34375,6.59375,6.78125],"tintindex":0,"rotation":0,"texture":"#0"},"south":{"uv":[3.375,5.125,2.90625,5.5625],"tintindex":0,"rotation":0,"texture":"#0"},"north":{"uv":[2.90625,5.0625,2.4375,5.5],"tintindex":0,"rotation":0,"texture":"#0"},"west":{"uv":[2.0,6.59375,1.75,7.03125],"tintindex":0,"rotation":0,"texture":"#0"},"up":{"uv":[6.5625,6.34375,7.03125,6.09375],"tintindex":0,"rotation":0,"texture":"#0"},"down":{"uv":[6.59375,2.71875,7.0625,2.96875],"tintindex":0,"rotation":0,"texture":"#0"}},"rotation":{"origin":[11.689999,5.846405,7.565893],"angle":-45.0,"axis":"x"}},{"from":[-6.563198,8.465927,-0.80598545],"to":[-2.430397,18.797928,10.903614],"faces":{"east":{"uv":[2.5,6.34375,2.125,6.6875],"tintindex":0,"rotation":0,"texture":"#0"},"south":{"uv":[7.625,8.34375,7.5,8.6875],"tintindex":0,"rotation":0,"texture":"#0"},"north":{"uv":[7.5,8.34375,7.375,8.6875],"tintindex":0,"rotation":0,"texture":"#0"},"west":{"uv":[1.21875,6.3125,0.84375,6.65625],"tintindex":0,"rotation":0,"texture":"#0"},"up":{"uv":[8.28125,8.59375,8.40625,8.21875],"tintindex":0,"rotation":0,"texture":"#0"},"down":{"uv":[8.3125,0.65625,8.4375,1.03125],"tintindex":0,"rotation":0,"texture":"#0"}},"rotation":{"origin":[7.9016,5.710724,-3.561185],"angle":-22.5,"axis":"x"}},{"from":[18.2336,8.465927,-0.80598545],"to":[22.366398,18.797928,10.903614],"faces":{"east":{"uv":[5.5,6.28125,5.125,6.625],"tintindex":0,"rotation":0,"texture":"#0"},"south":{"uv":[7.375,8.34375,7.25,8.6875],"tintindex":0,"rotation":0,"texture":"#0"},"north":{"uv":[8.46875,7.21875,8.34375,7.5625],"tintindex":0,"rotation":0,"texture":"#0"},"west":{"uv":[0.375,6.28125,0.0,6.625],"tintindex":0,"rotation":0,"texture":"#0"},"up":{"uv":[5.625,8.65625,5.75,8.28125],"tintindex":0,"rotation":0,"texture":"#0"},"down":{"uv":[5.75,8.28125,5.875,8.65625],"tintindex":0,"rotation":0,"texture":"#0"}},"rotation":{"origin":[7.9016,5.710724,-3.561185],"angle":-22.5,"axis":"x"}},{"from":[-4.4967995,3.6443253,-1.4947853],"to":[0.3248024,10.532326,8.148415],"faces":{"east":{"uv":[4.03125,7.71875,3.71875,7.9375],"tintindex":0,"rotation":0,"texture":"#0"},"south":{"uv":[1.28125,8.59375,1.125,8.8125],"tintindex":0,"rotation":0,"texture":"#0"},"north":{"uv":[8.75,0.96875,8.59375,1.1875],"tintindex":0,"rotation":0,"texture":"#0"},"west":{"uv":[0.90625,7.71875,0.59375,7.9375],"tintindex":0,"rotation":0,"texture":"#0"},"up":{"uv":[4.15625,8.375,4.3125,8.0625],"tintindex":0,"rotation":0,"texture":"#0"},"down":{"uv":[4.3125,8.0625,4.46875,8.375],"tintindex":0,"rotation":0,"texture":"#0"}},"rotation":{"origin":[7.9016,5.710724,-3.561185],"angle":-22.5,"axis":"x"}},{"from":[3.0800018,11.22113,-3.561185],"to":[12.723202,16.73153,10.903614],"faces":{"east":{"uv":[7.8125,5.71875,7.34375,5.90625],"tintindex":0,"rotation":0,"texture":"#0"},"south":{"uv":[7.71875,7.84375,7.40625,8.03125],"tintindex":0,"rotation":0,"texture":"#0"},"north":{"uv":[7.15625,7.84375,6.84375,8.03125],"tintindex":0,"rotation":0,"texture":"#0"},"west":{"uv":[7.8125,5.53125,7.34375,5.71875],"tintindex":0,"rotation":0,"texture":"#0"},"up":{"uv":[0.0,6.28125,0.3125,5.8125],"tintindex":0,"rotation":0,"texture":"#0"},"down":{"uv":[0.3125,5.8125,0.625,6.28125],"tintindex":0,"rotation":0,"texture":"#0"}},"rotation":{"origin":[7.9016,5.710724,-3.561185],"angle":-22.5,"axis":"x"}},{"from":[-3.8079987,9.843529,7.4596157],"to":[19.611202,19.486725,17.102816],"faces":{"east":{"uv":[0.6875,7.09375,0.375,7.40625],"tintindex":0,"rotation":0,"texture":"#0"},"south":{"uv":[5.3125,1.9375,4.5625,2.25],"tintindex":0,"rotation":0,"texture":"#0"},"north":{"uv":[0.75,4.53125,0.0,4.84375],"tintindex":0,"rotation":0,"texture":"#0"},"west":{"uv":[5.0625,7.0625,4.75,7.375],"tintindex":0,"rotation":0,"texture":"#0"},"up":{"uv":[4.5625,2.5625,5.3125,2.25],"tintindex":0,"rotation":0,"texture":"#0"},"down":{"uv":[4.625,0.375,5.375,0.6875],"tintindex":0,"rotation":0,"texture":"#0"}},"rotation":{"origin":[6.524002,5.710724,-3.561185],"angle":-22.5,"axis":"x"}},{"from":[12.034405,0.0071258545,-1.8184128],"to":[14.7896,5.861923,0.93678665],"faces":{"east":{"uv":[2.125,8.75,2.03125,8.9375],"tintindex":0,"rotation":0,"texture":"#0"},"south":{"uv":[4.9375,8.6875,4.84375,8.875],"tintindex":0,"rotation":0,"texture":"#0"},"north":{"uv":[8.28125,5.59375,8.1875,5.78125],"tintindex":0,"rotation":0,"texture":"#0"},"west":{"uv":[8.1875,8.65625,8.09375,8.84375],"tintindex":0,"rotation":0,"texture":"#0"},"up":{"uv":[7.25,4.03125,7.34375,3.9375],"tintindex":0,"rotation":0,"texture":"#0"},"down":{"uv":[5.5,7.25,5.59375,7.34375],"tintindex":0,"rotation":0,"texture":"#0"}},"rotation":{"origin":[7.9016,3.0855331,-0.8338165],"angle":-22.5,"axis":"x"}},{"from":[0.3248024,5.710724,-2.872385],"to":[15.478397,11.22113,10.903614],"faces":{"east":{"uv":[5.9375,7.53125,5.5,7.71875],"tintindex":0,"rotation":0,"texture":"#0"},"south":{"uv":[5.96875,7.34375,5.5,7.53125],"tintindex":0,"rotation":0,"texture":"#0"},"north":{"uv":[4.34375,7.34375,3.875,7.53125],"tintindex":0,"rotation":0,"texture":"#0"},"west":{"uv":[4.28125,7.53125,3.84375,7.71875],"tintindex":0,"rotation":0,"texture":"#0"},"up":{"uv":[3.375,5.5625,3.84375,5.125],"tintindex":0,"rotation":0,"texture":"#0"},"down":{"uv":[3.84375,5.125,4.3125,5.5625],"tintindex":0,"rotation":0,"texture":"#0"}},"rotation":{"origin":[7.9016,5.710724,-3.561185],"angle":-22.5,"axis":"x"}},{"from":[6.524002,-1.6071472,-3.0411549],"to":[9.2792015,3.9032516,-0.28595448],"faces":{"east":{"uv":[8.875,6.875,8.78125,7.0625],"tintindex":0,"rotation":0,"texture":"#0"},"south":{"uv":[8.875,5.9375,8.78125,6.125],"tintindex":0,"rotation":0,"texture":"#0"},"north":{"uv":[3.21875,8.75,3.125,8.9375],"tintindex":0,"rotation":0,"texture":"#0"},"west":{"uv":[4.3125,8.78125,4.21875,8.96875],"tintindex":0,"rotation":0,"texture":"#0"},"up":{"uv":[7.25,5.625,7.34375,5.53125],"tintindex":0,"rotation":0,"texture":"#0"},"down":{"uv":[7.28125,2.5,7.375,2.59375],"tintindex":0,"rotation":0,"texture":"#0"}},"rotation":{"origin":[7.9016,3.0855331,-0.8338165],"angle":-22.5,"axis":"x"}},{"from":[-2.430397,16.73153,-0.80598545],"to":[18.2336,21.553131,10.903614],"faces":{"east":{"uv":[8.28125,0.0,7.90625,0.15625],"tintindex":0,"rotation":0,"texture":"#0"},"south":{"uv":[7.375,1.125,6.71875,1.28125],"tintindex":0,"rotation":0,"texture":"#0"},"north":{"uv":[7.375,0.96875,6.71875,1.125],"tintindex":0,"rotation":0,"texture":"#0"},"west":{"uv":[8.09375,7.875,7.71875,8.03125],"tintindex":0,"rotation":0,"texture":"#0"},"up":{"uv":[3.84375,4.34375,4.5,3.96875],"tintindex":0,"rotation":0,"texture":"#0"},"down":{"uv":[4.0,0.0,4.65625,0.375],"tintindex":0,"rotation":0,"texture":"#0"}},"rotation":{"origin":[7.9016,5.710724,-3.561185],"angle":-22.5,"axis":"x"}},{"from":[5.8352013,2.4378586,-3.563881],"to":[9.9679985,7.9482574,1.9465189],"faces":{"east":{"uv":[8.75,2.09375,8.5625,2.28125],"tintindex":0,"rotation":0,"texture":"#0"},"south":{"uv":[8.875,1.4375,8.75,1.625],"tintindex":0,"rotation":0,"texture":"#0"},"north":{"uv":[0.40625,8.71875,0.28125,8.90625],"tintindex":0,"rotation":0,"texture":"#0"},"west":{"uv":[2.125,8.5625,1.9375,8.75],"tintindex":0,"rotation":0,"texture":"#0"},