{"textures":{"0":"modelengine:entity/toro_wither"},"elements":[{"from":[6.74,-12.639885,15.657561],"to":[9.26,-0.8798857,19.857563],"faces":{"east":{"uv":[1.53125,6.0625,1.75,6.6875],"tintindex":0,"rotation":0,"texture":"#0"},"south":{"uv":[0.9375,7.375,1.0625,8.0],"tintindex":0,"rotation":0,"texture":"#0"},"north":{"uv":[6.71875,7.3125,6.84375,7.9375],"tintindex":0,"rotation":0,"texture":"#0"},"west":{"uv":[3.6875,6.125,3.90625,6.75],"tintindex":0,"rotation":0,"texture":"#0"},"up":{"uv":[5.75,8.875,5.625,8.65625],"tintindex":0,"rotation":0,"texture":"#0"},"down":{"uv":[5.875,8.65625,5.75,8.875],"tintindex":0,"rotation":0,"texture":"#0"}},"rotation":{"origin":[8.0,-7.809885,14.817561],"angle":-45.0,"axis":"x"}},{"from":[6.32,1.7988949,9.054133],"to":[9.68,4.318895,11.574134],"faces":{"east":{"uv":[8.8125,5.40625,8.9375,5.53125],"tintindex":0,"rotation":0,"texture":"#0"},"south":{"uv":[8.71875,1.625,8.90625,1.75],"tintindex":0,"rotation":0,"texture":"#0"},"north":{"uv":[8.71875,1.3125,8.90625,1.4375],"tintindex":0,"rotation":0,"texture":"#0"},"west":{"uv":[8.8125,5.53125,8.9375,5.65625],"tintindex":0,"rotation":0,"texture":"#0"},"up":{"uv":[8.90625,1.875,8.71875,1.75],"tintindex":0,"rotation":0,"texture":"#0"},"down":{"uv":[8.90625,2.28125,8.71875,2.40625],"tintindex":0,"rotation":0,"texture":"#0"}},"rotation":{"origin":[8.42,9.568894,2.7541337],"angle":-22.5,"axis":"x"}},{"from":[6.32,-4.081105,9.054133],"to":[9.68,-1.5611048,11.574134],"faces":{"east":{"uv":[8.8125,5.65625,8.9375,5.78125],"tintindex":0,"rotation":0,"texture":"#0"},"south":{"uv":[8.71875,8.65625,8.90625,8.78125],"tintindex":0,"rotation":0,"texture":"#0"},"north":{"uv":[8.71875,3.09375,8.90625,3.21875],"tintindex":0,"rotation":0,"texture":"#0"},"west":{"uv":[8.8125,5.78125,8.9375,5.90625],"tintindex":0,"rotation":0,"texture":"#0"},"up":{"uv":[8.9375,0.28125,8.75,0.15625],"tintindex":0,"rotation":0,"texture":"#0"},"down":{"uv":[8.9375,0.96875,8.75,1.09375],"tintindex":0,"rotation":0,"texture":"#0"}},"rotation":{"origin":[8.42,9.568894,2.7541337],"angle":-22.5,"axis":"x"}},{"from":[5.9,-3.6611052,7.794133],"to":[10.1,8.098895,13.674134],"faces":{"east":{"uv":[0.3125,5.1875,0.625,5.8125],"tintindex":0,"rotation":0,"texture":"#0"},"south":{"uv":[1.3125,6.0625,1.53125,6.6875],"tintindex":0,"rotation":0,"texture":"#0"},"north":{"uv":[0.625,5.90625,0.84375,6.53125],"tintindex":0,"rotation":0,"texture":"#0"},"west":{"uv":[4.9375,5.1875,5.25,5.8125],"tintindex":0,"rotation":0,"texture":"#0"},"up":{"uv":[5.5,6.9375,5.28125,6.625],"tintindex":0,"rotation":0,"texture":"#0"},"down":{"uv":[2.15625,7.65625,1.9375,7.96875],"tintindex":0,"rotation":0,"texture":"#0"}},"rotation":{"origin":[8.0,1.5888948,8.424133],"angle":-22.5,"axis":"x"}},{"from":[3.38,-4.081105,6.324134],"to":[12.62,-1.5611048,8.844133],"faces":{"east":{"uv":[8.1875,8.8125,8.3125,8.9375],"tintindex":0,"rotation":0,"texture":"#0"},"south":{"uv":[6.25,7.875,6.71875,8.0],"tintindex":0,"rotation":0,"texture":"#0"},"north":{"uv":[7.84375,1.0625,8.3125,1.1875],"tintindex":0,"rotation":0,"texture":"#0"},"west":{"uv":[8.8125,8.1875,8.9375,8.3125],"tintindex":0,"rotation":0,"texture":"#0"},"up":{"uv":[8.34375,7.375,7.875,7.25],"tintindex":0,"rotation":0,"texture":"#0"},"down":{"uv":[8.34375,7.375,7.875,7.5],"tintindex":0,"rotation":0,"texture":"#0"}},"rotation":{"origin":[8.0,9.568894,2.7541337],"angle":-22.5,"axis":"x"}},{"from":[3.38,1.7988949,6.324134],"to":[12.62,4.318895,8.844133],"faces":{"east":{"uv":[8.8125,7.4375,8.9375,7.5625],"tintindex":0,"rotation":0,"texture":"#0"},"south":{"uv":[7.8125,6.1875,8.28125,6.3125],"tintindex":0,"rotation":0,"texture":"#0"},"north":{"uv":[7.8125,6.0625,8.28125,6.1875],"tintindex":0,"rotation":0,"texture":"#0"},"west":{"uv":[7.875,8.8125,8.0,8.9375],"tintindex":0,"rotation":0,"texture":"#0"},"up":{"uv":[8.3125,0.9375,7.84375,0.8125],"tintindex":0,"rotation":0,"texture":"#0"},"down":{"uv":[8.3125,0.9375,7.84375,1.0625],"tintindex":0,"rotation":0,"texture":"#0"}},"rotation":{"origin":[8.0,9.568894,2.7541337],"angle":-22.5,"axis":"x"}}],"display":{"gui":{"rotation":[30,225,0]}}}