{"textures":{"1":"modelengine:entity/toro_wither_terror"},"elements":[{"from":[-6.8167877,3.2882805,-9.729439],"to":[-0.9367876,11.688278,2.0305634],"faces":{"east":{"uv":[11.46875,9.8125,11.84375,10.0625],"tintindex":0,"rotation":0,"texture":"#1"},"south":{"uv":[1.3125,10.90625,1.5,11.15625],"tintindex":0,"rotation":0,"texture":"#1"},"north":{"uv":[6.90625,10.375,7.09375,10.625],"tintindex":0,"rotation":0,"texture":"#1"},"west":{"uv":[2.8125,11.5,3.1875,11.75],"tintindex":0,"rotation":0,"texture":"#1"},"up":{"uv":[11.96875,12.09375,11.78125,11.71875],"tintindex":0,"rotation":0,"texture":"#1"},"down":{"uv":[0.1875,11.8125,0.0,12.1875],"tintindex":0,"rotation":0,"texture":"#1"}},"rotation":{"origin":[8.303212,5.808281,-12.249443],"angle":-22.5,"axis":"x"}},{"from":[2.423212,12.528278,-12.249443],"to":[14.183212,19.24828,5.390564],"faces":{"east":{"uv":[9.65625,10.90625,10.21875,11.125],"tintindex":0,"rotation":0,"texture":"#1"},"south":{"uv":[11.6875,0.4375,12.0625,0.65625],"tintindex":0,"rotation":0,"texture":"#1"},"north":{"uv":[3.625,4.875,4.0,5.09375],"tintindex":0,"rotation":0,"texture":"#1"},"west":{"uv":[10.9375,0.0,11.5,0.21875],"tintindex":0,"rotation":0,"texture":"#1"},"up":{"uv":[9.78125,10.125,9.40625,9.5625],"tintindex":0,"rotation":0,"texture":"#1"},"down":{"uv":[2.75,9.59375,2.375,10.15625],"tintindex":0,"rotation":0,"texture":"#1"}},"rotation":{"origin":[8.303212,5.808281,-12.249443],"angle":-22.5,"axis":"x"}},{"from":[-0.9367876,5.808281,-11.409439],"to":[17.543213,12.528278,5.390564],"faces":{"east":{"uv":[11.0,8.21875,11.53125,8.4375],"tintindex":0,"rotation":0,"texture":"#1"},"south":{"uv":[10.90625,9.5625,11.46875,9.78125],"tintindex":0,"rotation":0,"texture":"#1"},"north":{"uv":[10.90625,3.09375,11.46875,3.3125],"tintindex":0,"rotation":0,"texture":"#1"},"west":{"uv":[11.03125,5.46875,11.5625,5.6875],"tintindex":0,"rotation":0,"texture":"#1"},"up":{"uv":[0.5625,9.375,0.0,8.84375],"tintindex":0,"rotation":0,"texture":"#1"},"down":{"uv":[1.8125,8.84375,1.25,9.375],"tintindex":0,"rotation":0,"texture":"#1"}},"rotation":{"origin":[8.303212,5.808281,-12.249443],"angle":-22.5,"axis":"x"}},{"from":[-4.296788,19.24828,-8.889442],"to":[20.903214,25.12828,5.390564],"faces":{"east":{"uv":[11.6875,0.65625,12.125,0.84375],"tintindex":0,"rotation":0,"texture":"#1"},"south":{"uv":[10.375,4.71875,11.15625,4.90625],"tintindex":0,"rotation":0,"texture":"#1"},"north":{"uv":[10.375,4.53125,11.15625,4.71875],"tintindex":0,"rotation":0,"texture":"#1"},"west":{"uv":[11.6875,2.28125,12.125,2.46875],"tintindex":0,"rotation":0,"texture":"#1"},"up":{"uv":[8.59375,4.84375,7.8125,4.40625],"tintindex":0,"rotation":0,"texture":"#1"},"down":{"uv":[8.59375,4.84375,7.8125,5.28125],"tintindex":0,"rotation":0,"texture":"#1"}},"rotation":{"origin":[8.303212,5.808281,-12.249443],"angle":-22.5,"axis":"x"}},{"from":[6.623212,0.18404388,-13.115257],"to":[9.9832115,6.904045,-9.755257],"faces":{"east":{"uv":[10.1875,11.5,10.28125,11.71875],"tintindex":0,"rotation":0,"texture":"#1"},"south":{"uv":[5.09375,11.8125,5.1875,12.03125],"tintindex":0,"rotation":0,"texture":"#1"},"north":{"uv":[8.59375,11.28125,8.6875,11.5],"tintindex":0,"rotation":0,"texture":"#1"},"west":{"uv":[3.96875,11.90625,4.0625,12.125],"tintindex":0,"rotation":0,"texture":"#1"},"up":{"uv":[5.78125,7.9375,5.6875,7.84375],"tintindex":0,"rotation":0,"texture":"#1"},"down":{"uv":[8.28125,5.28125,8.1875,5.375],"tintindex":0,"rotation":0,"texture":"#1"}}},{"from":[17.543213,3.2882805,-9.729439],"to":[23.423212,11.688278,2.0305634],"faces":{"east":{"uv":[11.5,5.6875,11.875,5.9375],"tintindex":0,"rotation":0,"texture":"#1"},"south":{"uv":[0.5,12.1875,0.6875,12.4375],"tintindex":0,"rotation":0,"texture":"#1"},"north":{"uv":[6.8125,12.125,7.0,12.375],"tintindex":0,"rotation":0,"texture":"#1"},"west":{"uv":[11.5,5.9375,11.875,6.1875],"tintindex":0,"rotation":0,"texture":"#1"},"up":{"uv":[0.375,12.1875,0.1875,11.8125],"tintindex":0,"rotation":0,"texture":"#1"},"down":{"uv":[2.4375,11.8125,2.25,12.1875],"tintindex":0,"rotation":0,"texture":"#1"}},"rotation":{"origin":[8.303212,5.808281,-12.249443],"angle":-22.5,"axis":"x"}},{"from":[0.7432122,-4.526264,3.420166],"to":[15.863213,8.913738,12.660168],"faces":{"east":{"uv":[11.40625,0.59375,11.6875,1.0],"tintindex":0,"rotation":0,"texture":"#1"},"south":{"uv":[9.78125,9.90625,10.25,10.3125],"tintindex":0,"rotation":0,"texture":"#1"},"north":{"uv":[2.75,9.90625,3.21875,10.3125],"tintindex":0,"rotation":0,"texture":"#1"},"west":{"uv":[11.40625,4.5625,11.6875,4.96875],"tintindex":0,"rotation":0,"texture":"#1"},"up":{"uv":[10.09375,6.15625,9.625,5.875],"tintindex":0,"rotation":0,"texture":"#1"},"down":{"uv":[11.0,6.40625,10.53125,6.6875],"tintindex":0,"rotation":0,"texture":"#1"}}},{"from":[20.903214,9.168278,-8.889442],"to":[25.94321,21.76828,5.390564],"faces":{"east":{"uv":[10.03125,8.0625,10.46875,8.46875],"tintindex":0,"rotation":0,"texture":"#1"},"south":{"uv":[2.5625,11.9375,2.71875,12.34375],"tintindex":0,"rotation":0,"texture":"#1"},"north":{"uv":[11.5625,11.90625,11.71875,12.3125],"tintindex":0,"rotation":0,"texture":"#1"},"west":{"uv":[10.03125,9.03125,10.46875,9.4375],"tintindex":0,"rotation":0,"texture":"#1"},"up":{"uv":[10.34375,12.3125,10.1875,11.875],"tintindex":0,"rotation":0,"texture":"#1"},"down":{"uv":[12.03125,10.8125,11.875,11.25],"tintindex":0,"rotation":0,"texture":"#1"}},"rotation":{"origin":[8.303212,5.808281,-12.249443],"angle":-22.5,"axis":"x"}},{"from":[13.343212,2.1526642,-11.624107],"to":[16.703213,9.292664,-8.264107],"faces":{"east":{"uv":[8.5625,8.75,8.65625,8.96875],"tintindex":0,"rotation":0,"texture":"#1"},"south":{"uv":[1.53125,9.875,1.625,10.09375],"tintindex":0,"rotation":0,"texture":"#1"},"north":{"uv":[2.375,8.46875,2.46875,8.6875],"tintindex":0,"rotation":0,"texture":"#1"},"west":{"uv":[5.21875,10.15625,5.3125,10.375],"tintindex":0,"rotation":0,"texture":"#1"},"up":{"uv":[0.90625,4.21875,0.8125,4.125],"tintindex":0,"rotation":0,"texture":"#1"},"down":{"uv":[0.78125,6.28125,0.6875,6.375],"tintindex":0,"rotation":0,"texture":"#1"}}},{"from":[5.7832117,5.808281,-13.929436],"to":[10.823212,12.528278,-7.209442],"faces":{"east":{"uv":[8.15625,12.25,8.375,12.46875],"tintindex":0,"rotation":0,"texture":"#1"},"south":{"uv":[11.15625,6.84375,11.3125,7.0625],"tintindex":0,"rotation":0,"texture":"#1"},"north":{"uv":[11.0,6.375,11.15625,6.59375],"tintindex":0,"rotation":0,"texture":"#1"},"west":{"uv":[12.25,8.5,12.46875,8.71875],"tintindex":0,"rotation":0,"texture":"#1"},"up":{"uv":[0.375,12.40625,0.21875,12.1875],"tintindex":0,"rotation":0,"texture":"#1"},"down":{"uv":[9.71875,12.25,9.5625,12.46875],"tintindex":0,"rotation":0,"texture":"#1"}},"rotation":{"origin":[8.303212,5.808281,-12.249443],"angle":22.5,"axis":"x"}},{"from":[-9.336788,9.168278,-8.889442],"to":[-4.296788,21.76828,5.390564],"faces":{"east":{"uv":[1.9375,9.9375,2.375,10.34375],"tintindex":0,"rotation":0,"texture":"#1"},"south":{"uv":[11.40625,11.90625,11.5625,12.3125],"tintindex":0,"rotation":0,"texture":"#1"},"north":{"uv":[5.6875,10.90625,5.84375,11.3125],"tintindex":0,"rotation":0,"texture":"#1"},"west":{"uv":[6.65625,9.96875,7.09375,10.375],"tintindex":0,"rotation":0,"texture":"#1"},"up":{"uv":[3.0625,11.125,2.90625,10.6875],"tintindex":0,"rotation":0,"texture":"#1"},"down":{"uv":[12.03125,9.5625,11.875,10.0],"tintindex":0,"rotation":0,"texture":"#1"}},"rotation":{"origin":[8.303212,5.808281,-12.249443],"angle":-22.5,"axis":"x"}},{"from":[-0.09678745,2.1526642,-11.624107],"to":[3.2632122,9.292664,-8.264107],"faces":{"east":{"uv":[2.5625,10.96875,2.65625,11.1875],"tintindex":0,"rotation":0,"texture":"#1"},"south":{"uv":[3.21875,11.125,3.3125,11.34375],"tintindex":0,"rotation":0,"texture":"#1"},"north":{"uv":[2.5625,10.75,2.65625,10.96875],"tintindex":0,"rotation":0,"texture":"#1"},"west":{"uv":[2.8125,11.21875,2.90625,11.4375],"tintindex":0,"rotation":0,"texture":"#1"},"up":{"uv":[2.5625,7.5,2.46875,7.40625],"tintindex":0,"rotation":0,"texture":"#1"},