{"textures":{"1":"modelengine:entity/toro_wither_terror"},"elements":[{"from":[5.4800034,-14.74,-0.39999962],"to":[10.519997,-9.280001,4.2200003],"faces":{"east":{"uv":[10.5,12.34375,10.65625,12.5],"tintindex":0,"rotation":0,"texture":"#1"},"south":{"uv":[10.84375,12.34375,11.0,12.5],"tintindex":0,"rotation":0,"texture":"#1"},"north":{"uv":[10.34375,12.34375,10.5,12.5],"tintindex":0,"rotation":0,"texture":"#1"},"west":{"uv":[11.0,12.34375,11.15625,12.5],"tintindex":0,"rotation":0,"texture":"#1"},"up":{"uv":[12.5,11.21875,12.34375,11.0625],"tintindex":0,"rotation":0,"texture":"#1"},"down":{"uv":[11.3125,12.34375,11.15625,12.5],"tintindex":0,"rotation":0,"texture":"#1"}},"rotation":{"origin":[7.1600037,-6.76,0.44000053],"angle":-22.5,"axis":"x"}},{"from":[-0.40000153,-10.960001,-0.39999962],"to":[16.400002,-4.24,8.0],"faces":{"east":{"uv":[12.125,9.0,12.375,9.21875],"tintindex":0,"rotation":0,"texture":"#1"},"south":{"uv":[11.375,9.0,11.90625,9.21875],"tintindex":0,"rotation":0,"texture":"#1"},"north":{"uv":[11.34375,10.84375,11.875,11.0625],"tintindex":0,"rotation":0,"texture":"#1"},"west":{"uv":[12.125,9.21875,12.375,9.4375],"tintindex":0,"rotation":0,"texture":"#1"},"up":{"uv":[10.9375,0.25,10.40625,0.0],"tintindex":0,"rotation":0,"texture":"#1"},"down":{"uv":[11.0,8.21875,10.46875,8.46875],"tintindex":0,"rotation":0,"texture":"#1"}}},{"from":[1.2799988,-8.859999,5.4799995],"to":[14.720001,-2.1400013,13.88],"faces":{"east":{"uv":[9.3125,12.125,9.5625,12.34375],"tintindex":0,"rotation":0,"texture":"#1"},"south":{"uv":[11.5625,5.46875,11.96875,5.6875],"tintindex":0,"rotation":0,"texture":"#1"},"north":{"uv":[11.5625,3.78125,11.96875,4.0],"tintindex":0,"rotation":0,"texture":"#1"},"west":{"uv":[12.125,10.59375,12.375,10.8125],"tintindex":0,"rotation":0,"texture":"#1"},"up":{"uv":[3.625,11.71875,3.21875,11.46875],"tintindex":0,"rotation":0,"texture":"#1"},"down":{"uv":[4.03125,11.46875,3.625,11.71875],"tintindex":0,"rotation":0,"texture":"#1"}},"rotation":{"origin":[8.0,-7.6000004,7.16],"angle":-45.0,"axis":"x"}},{"from":[9.68,-8.019999,-3.7600002],"to":[13.879997,-1.3000011,0.020000458],"faces":{"east":{"uv":[9.0625,10.625,9.1875,10.84375],"tintindex":0,"rotation":0,"texture":"#1"},"south":{"uv":[8.6875,10.6875,8.8125,10.90625],"tintindex":0,"rotation":0,"texture":"#1"},"north":{"uv":[1.125,9.125,1.25,9.34375],"tintindex":0,"rotation":0,"texture":"#1"},"west":{"uv":[6.28125,10.71875,6.40625,10.9375],"tintindex":0,"rotation":0,"texture":"#1"},"up":{"uv":[11.15625,3.4375,11.03125,3.3125],"tintindex":0,"rotation":0,"texture":"#1"},"down":{"uv":[11.1875,1.84375,11.0625,1.96875],"tintindex":0,"rotation":0,"texture":"#1"}},"rotation":{"origin":[8.0,-6.76,0.44000053],"angle":-22.5,"axis":"x"}},{"from":[2.1200027,-8.019999,-3.7600002],"to":[6.3199997,-1.3000011,0.020000458],"faces":{"east":{"uv":[5.5625,11.46875,5.6875,11.6875],"tintindex":0,"rotation":0,"texture":"#1"},"south":{"uv":[2.875,11.9375,3.0,12.15625],"tintindex":0,"rotation":0,"texture":"#1"},"north":{"uv":[8.6875,10.90625,8.8125,11.125],"tintindex":0,"rotation":0,"texture":"#1"},"west":{"uv":[1.28125,12.125,1.40625,12.34375],"tintindex":0,"rotation":0,"texture":"#1"},"up":{"uv":[11.1875,2.3125,11.0625,2.1875],"tintindex":0,"rotation":0,"texture":"#1"},"down":{"uv":[11.46875,11.0625,11.34375,11.1875],"tintindex":0,"rotation":0,"texture":"#1"}},"rotation":{"origin":[8.0,-6.76,0.44000053],"angle":-22.5,"axis":"x"}}],"display":{"gui":{"rotation":[30,225,0]}}}