{"textures":{"1":"modelengine:entity/toro_wither_terror"},"elements":[{"from":[0.95696735,-13.435844,9.54694],"to":[3.756968,-5.835846,13.14694],"faces":{"east":{"uv":[8.53125,10.09375,8.8125,10.6875],"tintindex":0,"rotation":0,"texture":"#1"},"south":{"uv":[2.03125,10.71875,2.25,11.3125],"tintindex":0,"rotation":0,"texture":"#1"},"north":{"uv":[1.8125,10.71875,2.03125,11.3125],"tintindex":0,"rotation":0,"texture":"#1"},"west":{"uv":[9.40625,10.125,9.6875,10.71875],"tintindex":0,"rotation":0,"texture":"#1"},"up":{"uv":[12.28125,6.03125,12.0625,5.75],"tintindex":0,"rotation":0,"texture":"#1"},"down":{"uv":[12.28125,6.34375,12.0625,6.625],"tintindex":0,"rotation":0,"texture":"#1"}},"rotation":{"origin":[3.6569672,-2.2358456,11.34694],"angle":22.5,"axis":"z"}},{"from":[9.356969,8.264155,9.946939],"to":[12.556969,14.664156,12.74694],"faces":{"east":{"uv":[0.46875,6.9375,0.6875,7.4375],"tintindex":0,"rotation":0,"texture":"#1"},"south":{"uv":[10.84375,1.15625,11.09375,1.65625],"tintindex":0,"rotation":0,"texture":"#1"},"north":{"uv":[9.40625,10.71875,9.65625,11.21875],"tintindex":0,"rotation":0,"texture":"#1"},"west":{"uv":[3.28125,7.875,3.5,8.375],"tintindex":0,"rotation":0,"texture":"#1"},"up":{"uv":[4.6875,12.3125,4.4375,12.09375],"tintindex":0,"rotation":0,"texture":"#1"},"down":{"uv":[4.9375,12.09375,4.6875,12.3125],"tintindex":0,"rotation":0,"texture":"#1"}},"rotation":{"origin":[8.456967,13.364155,11.34694],"angle":-22.5,"axis":"z"}},{"from":[5.656967,-13.435844,9.146939],"to":[10.056969,10.164154,13.54694],"faces":{"east":{"uv":[0.34375,5.09375,0.6875,6.9375],"tintindex":0,"rotation":0,"texture":"#1"},"south":{"uv":[4.09375,5.09375,4.4375,6.9375],"tintindex":0,"rotation":0,"texture":"#1"},"north":{"uv":[0.0,5.09375,0.34375,6.9375],"tintindex":0,"rotation":0,"texture":"#1"},"west":{"uv":[5.09375,5.375,5.4375,7.21875],"tintindex":0,"rotation":0,"texture":"#1"},"up":{"uv":[11.40625,7.96875,11.0625,7.625],"tintindex":0,"rotation":0,"texture":"#1"},"down":{"uv":[11.40625,10.28125,11.0625,10.625],"tintindex":0,"rotation":0,"texture":"#1"}}},{"from":[4.9569674,-7.4358463,9.54694],"to":[7.756968,5.764155,13.14694],"faces":{"east":{"uv":[6.375,8.71875,6.65625,9.75],"tintindex":0,"rotation":0,"texture":"#1"},"south":{"uv":[8.3125,9.28125,8.53125,10.3125],"tintindex":0,"rotation":0,"texture":"#1"},"north":{"uv":[4.875,5.75,5.09375,6.78125],"tintindex":0,"rotation":0,"texture":"#1"},"west":{"uv":[8.5625,9.0625,8.84375,10.09375],"tintindex":0,"rotation":0,"texture":"#1"},"up":{"uv":[12.28125,5.03125,12.0625,4.75],"tintindex":0,"rotation":0,"texture":"#1"},"down":{"uv":[12.28125,5.46875,12.0625,5.75],"tintindex":0,"rotation":0,"texture":"#1"}},"rotation":{"origin":[3.6569672,-2.2358456,11.34694],"angle":22.5,"axis":"z"}}],"display":{"gui":{"rotation":[30,225,0]}}}