{"textures":{"1":"modelengine:entity/toro_wither_terror"},"elements":[{"from":[14.92226,5.716709,7.19541],"to":[22.272263,7.8167095,9.14541],"faces":{"east":{"uv":[6.4375,2.875,6.53125,3.0],"tintindex":0,"rotation":0,"texture":"#1"},"south":{"uv":[11.25,3.53125,11.625,3.65625],"tintindex":0,"rotation":0,"texture":"#1"},"north":{"uv":[10.03125,9.4375,10.40625,9.5625],"tintindex":0,"rotation":0,"texture":"#1"},"west":{"uv":[6.03125,8.1875,6.125,8.3125],"tintindex":0,"rotation":0,"texture":"#1"},"up":{"uv":[8.1875,5.375,7.8125,5.28125],"tintindex":0,"rotation":0,"texture":"#1"},"down":{"uv":[8.46875,1.125,8.09375,1.21875],"tintindex":0,"rotation":0,"texture":"#1"}},"rotation":{"origin":[17.772263,7.8167095,8.09541],"angle":-22.5,"axis":"z"}},{"from":[6.6722603,6.0167093,5.3954096],"to":[10.272263,9.616709,10.19541],"faces":{"east":{"uv":[4.96875,8.0,5.21875,8.1875],"tintindex":0,"rotation":0,"texture":"#1"},"south":{"uv":[10.15625,12.3125,10.34375,12.5],"tintindex":0,"rotation":0,"texture":"#1"},"north":{"uv":[12.3125,6.09375,12.5,6.28125],"tintindex":0,"rotation":0,"texture":"#1"},"west":{"uv":[9.3125,4.625,9.5625,4.8125],"tintindex":0,"rotation":0,"texture":"#1"},"up":{"uv":[9.3125,12.46875,9.125,12.21875],"tintindex":0,"rotation":0,"texture":"#1"},"down":{"uv":[8.78125,12.25,8.59375,12.5],"tintindex":0,"rotation":0,"texture":"#1"}},"rotation":{"origin":[8.772263,7.8167095,7.79541],"angle":-22.5,"axis":"z"}},{"from":[7.872261,6.616709,6.5954103],"to":[15.67226,9.016709,9.59541],"faces":{"east":{"uv":[5.875,8.1875,6.03125,8.3125],"tintindex":0,"rotation":0,"texture":"#1"},"south":{"uv":[9.375,1.375,9.78125,1.5],"tintindex":0,"rotation":0,"texture":"#1"},"north":{"uv":[6.03125,2.875,6.4375,3.0],"tintindex":0,"rotation":0,"texture":"#1"},"west":{"uv":[0.59375,8.28125,0.75,8.40625],"tintindex":0,"rotation":0,"texture":"#1"},"up":{"uv":[7.03125,0.5625,6.625,0.40625],"tintindex":0,"rotation":0,"texture":"#1"},"down":{"uv":[7.46875,1.21875,7.0625,1.375],"tintindex":0,"rotation":0,"texture":"#1"}}}],"display":{"gui":{"rotation":[30,225,0]}}}