{"textures":{"1":"modelengine:entity/toro_wither_terror"},"elements":[{"from":[-12.1,6.413191,7.8102045],"to":[-2.1999998,9.113191,10.210205],"faces":{"east":{"uv":[11.78125,3.25,12.03125,3.53125],"tintindex":0,"rotation":0,"texture":"#1"},"south":{"uv":[9.0,0.84375,10.03125,1.125],"tintindex":0,"rotation":0,"texture":"#1"},"north":{"uv":[8.875,2.71875,9.90625,3.0],"tintindex":0,"rotation":0,"texture":"#1"},"west":{"uv":[4.59375,11.8125,4.84375,12.09375],"tintindex":0,"rotation":0,"texture":"#1"},"up":{"uv":[10.15625,5.53125,9.125,5.28125],"tintindex":0,"rotation":0,"texture":"#1"},"down":{"uv":[10.34375,2.4375,9.3125,2.6875],"tintindex":0,"rotation":0,"texture":"#1"}}},{"from":[4.3999996,3.713191,6.3102045],"to":[9.8,8.213191,12.310205],"faces":{"east":{"uv":[8.9375,4.8125,9.5625,5.28125],"tintindex":0,"rotation":0,"texture":"#1"},"south":{"uv":[7.75,9.28125,8.3125,9.75],"tintindex":0,"rotation":0,"texture":"#1"},"north":{"uv":[9.09375,3.0,9.65625,3.46875],"tintindex":0,"rotation":0,"texture":"#1"},"west":{"uv":[9.0,0.375,9.625,0.84375],"tintindex":0,"rotation":0,"texture":"#1"},"up":{"uv":[8.0625,8.25,7.5,7.625],"tintindex":0,"rotation":0,"texture":"#1"},"down":{"uv":[4.0625,7.75,3.5,8.375],"tintindex":0,"rotation":0,"texture":"#1"}}},{"from":[0.39704132,8.882096,6.535205],"to":[8.1970415,10.757096,9.235205],"faces":{"east":{"uv":[7.71875,7.4375,8.0,7.625],"tintindex":0,"rotation":0,"texture":"#1"},"south":{"uv":[10.21875,5.53125,11.03125,5.71875],"tintindex":0,"rotation":0,"texture":"#1"},"north":{"uv":[10.125,7.46875,10.9375,7.65625],"tintindex":0,"rotation":0,"texture":"#1"},"west":{"uv":[6.0,10.15625,6.28125,10.34375],"tintindex":0,"rotation":0,"texture":"#1"},"up":{"uv":[10.28125,3.75,9.46875,3.46875],"tintindex":0,"rotation":0,"texture":"#1"},"down":{"uv":[10.28125,3.75,9.46875,4.03125],"tintindex":0,"rotation":0,"texture":"#1"}},"rotation":{"origin":[4.297041,10.907097,7.885205],"angle":22.5,"axis":"z"}},{"from":[-1.75,4.013191,5.9352045],"to":[6.05,7.6131907,9.835205],"faces":{"east":{"uv":[8.125,10.3125,8.53125,10.6875],"tintindex":0,"rotation":0,"texture":"#1"},"south":{"uv":[8.5,1.59375,9.3125,1.96875],"tintindex":0,"rotation":0,"texture":"#1"},"north":{"uv":[1.25,8.46875,2.0625,8.84375],"tintindex":0,"rotation":0,"texture":"#1"},"west":{"uv":[9.6875,10.3125,10.09375,10.6875],"tintindex":0,"rotation":0,"texture":"#1"},"up":{"uv":[9.125,5.6875,8.3125,5.28125],"tintindex":0,"rotation":0,"texture":"#1"},"down":{"uv":[6.6875,8.3125,5.875,8.71875],"tintindex":0,"rotation":0,"texture":"#1"}},"rotation":{"origin":[1.6999998,5.8131914,8.860205],"angle":-22.5,"axis":"z"}},{"from":[-15.1,4.9881907,8.035205],"to":[-7.299999,6.4881907,9.385204],"faces":{"east":{"uv":[10.90625,2.1875,11.0625,2.34375],"tintindex":0,"rotation":0,"texture":"#1"},"south":{"uv":[10.71875,8.46875,11.53125,8.625],"tintindex":0,"rotation":0,"texture":"#1"},"north":{"uv":[10.71875,5.3125,11.53125,5.46875],"tintindex":0,"rotation":0,"texture":"#1"},"west":{"uv":[11.875,6.9375,12.03125,7.09375],"tintindex":0,"rotation":0,"texture":"#1"},"up":{"uv":[11.53125,9.5625,10.71875,9.40625],"tintindex":0,"rotation":0,"texture":"#1"},"down":{"uv":[11.5625,1.0,10.75,1.15625],"tintindex":0,"rotation":0,"texture":"#1"}},"rotation":{"origin":[-10.15,4.463191,8.710205],"angle":-22.5,"axis":"z"}},{"from":[-8.799999,3.713191,8.110205],"to":[1.1000004,5.213191,9.3102045],"faces":{"east":{"uv":[8.28125,3.5,8.40625,3.65625],"tintindex":0,"rotation":0,"texture":"#1"},"south":{"uv":[9.6875,8.5,10.71875,8.65625],"tintindex":0,"rotation":0,"texture":"#1"},"north":{"uv":[2.59375,4.875,3.625,5.03125],"tintindex":0,"rotation":0,"texture":"#1"},"west":{"uv":[1.8125,10.15625,1.9375,10.3125],"tintindex":0,"rotation":0,"texture":"#1"},"up":{"uv":[11.65625,9.0,10.625,8.875],"tintindex":0,"rotation":0,"texture":"#1"},"down":{"uv":[11.6875,0.46875,10.65625,0.59375],"tintindex":0,"rotation":0,"texture":"#1"}}},{"from":[-2.1999998,5.8131914,6.910205],"to":[7.7,9.413191,10.8102045],"faces":{"east":{"uv":[10.21875,8.65625,10.625,9.03125],"tintindex":0,"rotation":0,"texture":"#1"},"south":{"uv":[7.375,3.65625,8.40625,4.03125],"tintindex":0,"rotation":0,"texture":"#1"},"north":{"uv":[7.125,6.4375,8.15625,6.8125],"tintindex":0,"rotation":0,"texture":"#1"},"west":{"uv":[2.65625,10.3125,3.0625,10.6875],"tintindex":0,"rotation":0,"texture":"#1"},"up":{"uv":[7.65625,0.40625,6.625,0.0],"tintindex":0,"rotation":0,"texture":"#1"},"down":{"uv":[7.78125,6.8125,6.75,7.21875],"tintindex":0,"rotation":0,"texture":"#1"}}}],"display":{"gui":{"rotation":[30,225,0]}}}