{"textures":{"1":"modelengine:entity/toro_wither_terror"},"elements":[{"from":[-0.3999939,4.852764,-11.85918],"to":[16.400002,12.052764,11.240819],"faces":{"east":{"uv":[11.125,2.90625,11.71875,3.09375],"tintindex":0,"rotation":0,"texture":"#1"},"south":{"uv":[11.6875,4.5625,12.125,4.75],"tintindex":0,"rotation":0,"texture":"#1"},"north":{"uv":[11.6875,3.53125,12.125,3.71875],"tintindex":0,"rotation":0,"texture":"#1"},"west":{"uv":[11.375,9.21875,11.96875,9.40625],"tintindex":0,"rotation":0,"texture":"#1"},"up":{"uv":[3.5,9.90625,3.0625,9.3125],"tintindex":0,"rotation":0,"texture":"#1"},"down":{"uv":[9.75,4.03125,9.3125,4.625],"tintindex":0,"rotation":0,"texture":"#1"}},"rotation":{"origin":[8.0,5.4527636,-4.3591814],"angle":22.5,"axis":"x"}},{"from":[-4.0,6.352764,-14.85918],"to":[11.600006,15.9527645,-1.6591816],"faces":{"east":{"uv":[8.59375,5.03125,8.9375,5.28125],"tintindex":0,"rotation":0,"texture":"#1"},"south":{"uv":[11.4375,2.53125,11.84375,2.78125],"tintindex":0,"rotation":0,"texture":"#1"},"north":{"uv":[11.40625,10.25,11.8125,10.5],"tintindex":0,"rotation":0,"texture":"#1"},"west":{"uv":[8.59375,11.625,8.9375,11.875],"tintindex":0,"rotation":0,"texture":"#1"},"up":{"uv":[10.9375,6.0625,10.53125,5.71875],"tintindex":0,"rotation":0,"texture":"#1"},"down":{"uv":[10.9375,6.0625,10.53125,6.40625],"tintindex":0,"rotation":0,"texture":"#1"}},"rotation":{"origin":[8.0,5.4527636,-4.3591814],"angle":-22.5,"axis":"x"}}],"display":{"gui":{"rotation":[30,225,0]}}}