{"textures":{"1":"modelengine:entity/toro_wither_terror"},"elements":[{"from":[6.8479996,14.117588,1.8469396],"to":[10.848,19.317589,5.4469395],"faces":{"east":{"uv":[10.71875,11.34375,11.0,11.75],"tintindex":0,"rotation":0,"texture":"#1"},"south":{"uv":[10.75,10.28125,11.0625,10.6875],"tintindex":0,"rotation":0,"texture":"#1"},"north":{"uv":[10.75,7.65625,11.0625,8.0625],"tintindex":0,"rotation":0,"texture":"#1"},"west":{"uv":[0.8125,11.375,1.09375,11.78125],"tintindex":0,"rotation":0,"texture":"#1"},"up":{"uv":[2.5625,11.8125,2.25,11.53125],"tintindex":0,"rotation":0,"texture":"#1"},"down":{"uv":[11.875,6.8125,11.5625,7.09375],"tintindex":0,"rotation":0,"texture":"#1"}}},{"from":[3.6479998,4.0175867,-10.153061],"to":[14.048,9.217587,5.4469395],"faces":{"east":{"uv":[6.59375,4.5625,7.8125,4.96875],"tintindex":0,"rotation":0,"texture":"#1"},"south":{"uv":[2.46875,8.3125,3.28125,8.71875],"tintindex":0,"rotation":0,"texture":"#1"},"north":{"uv":[8.28125,3.09375,9.09375,3.5],"tintindex":0,"rotation":0,"texture":"#1"},"west":{"uv":[6.59375,4.96875,7.8125,5.375],"tintindex":0,"rotation":0,"texture":"#1"},"up":{"uv":[4.34375,1.21875,3.53125,0.0],"tintindex":0,"rotation":0,"texture":"#1"},"down":{"uv":[0.8125,3.875,0.0,5.09375],"tintindex":0,"rotation":0,"texture":"#1"}},"rotation":{"origin":[5.148,8.117588,-2.3530607],"angle":22.5,"axis":"x"}},{"from":[6.8479996,11.317588,-7.7530613],"to":[10.848,16.517588,-3.7530613],"faces":{"east":{"uv":[10.75,0.59375,11.0625,1.0],"tintindex":0,"rotation":0,"texture":"#1"},"south":{"uv":[1.5,10.75,1.8125,11.15625],"tintindex":0,"rotation":0,"texture":"#1"},"north":{"uv":[10.71875,9.0,11.03125,9.40625],"tintindex":0,"rotation":0,"texture":"#1"},"west":{"uv":[2.25,10.75,2.5625,11.15625],"tintindex":0,"rotation":0,"texture":"#1"},"up":{"uv":[3.0625,9.90625,2.75,9.59375],"tintindex":0,"rotation":0,"texture":"#1"},"down":{"uv":[6.8125,11.46875,6.5,11.78125],"tintindex":0,"rotation":0,"texture":"#1"}},"rotation":{"origin":[8.848,14.917589,-8.153061],"angle":22.5,"axis":"x"}},{"from":[6.048,2.9175873,-10.153061],"to":[11.648001,7.3175874,-3.7530613],"faces":{"east":{"uv":[1.03125,1.75,1.53125,2.09375],"tintindex":0,"rotation":0,"texture":"#1"},"south":{"uv":[7.53125,10.34375,7.96875,10.6875],"tintindex":0,"rotation":0,"texture":"#1"},"north":{"uv":[7.09375,10.34375,7.53125,10.6875],"tintindex":0,"rotation":0,"texture":"#1"},"west":{"uv":[10.125,4.90625,10.625,5.25],"tintindex":0,"rotation":0,"texture":"#1"},"up":{"uv":[2.375,9.9375,1.9375,9.4375],"tintindex":0,"rotation":0,"texture":"#1"},"down":{"uv":[7.09375,9.46875,6.65625,9.96875],"tintindex":0,"rotation":0,"texture":"#1"}}},{"from":[5.648,7.117588,-10.153061],"to":[12.048,12.317588,14.64694],"faces":{"east":{"uv":[5.125,0.5625,7.0625,0.96875],"tintindex":0,"rotation":0,"texture":"#1"},"south":{"uv":[9.875,1.78125,10.375,2.1875],"tintindex":0,"rotation":0,"texture":"#1"},"north":{"uv":[9.875,1.375,10.375,1.78125],"tintindex":0,"rotation":0,"texture":"#1"},"west":{"uv":[5.125,0.96875,7.0625,1.375],"tintindex":0,"rotation":0,"texture":"#1"},"up":{"uv":[4.5,3.15625,4.0,1.21875],"tintindex":0,"rotation":0,"texture":"#1"},"down":{"uv":[4.5,3.15625,4.0,5.09375],"tintindex":0,"rotation":0,"texture":"#1"}}},{"from":[7.6480002,14.632514,-4.398031],"to":[10.048,19.832516,-1.9980307],"faces":{"east":{"uv":[5.8125,11.78125,6.0,12.1875],"tintindex":0,"rotation":0,"texture":"#1"},"south":{"uv":[6.0,11.78125,6.1875,12.1875],"tintindex":0,"rotation":0,"texture":"#1"},"north":{"uv":[6.125,6.40625,6.3125,6.8125],"tintindex":0,"rotation":0,"texture":"#1"},"west":{"uv":[6.5,11.78125,6.6875,12.1875],"tintindex":0,"rotation":0,"texture":"#1"},"up":{"uv":[4.9375,8.5625,4.75,8.375],"tintindex":0,"rotation":0,"texture":"#1"},"down":{"uv":[10.59375,1.15625,10.40625,1.34375],"tintindex":0,"rotation":0,"texture":"#1"}},"rotation":{"origin":[8.848,18.032516,-4.6980314],"angle":45.0,"axis":"x"}},{"from":[6.648,1.617588,-0.95306015],"to":[11.048,12.617588,18.446941],"faces":{"east":{"uv":[0.0,0.0,1.53125,0.875],"tintindex":0,"rotation":0,"texture":"#1"},"south":{"uv":[6.03125,8.71875,6.375,9.59375],"tintindex":0,"rotation":0,"texture":"#1"},"north":{"uv":[5.6875,8.71875,6.03125,9.59375],"tintindex":0,"rotation":0,"texture":"#1"},"west":{"uv":[0.0,0.875,1.53125,1.75],"tintindex":0,"rotation":0,"texture":"#1"},"up":{"uv":[2.46875,7.90625,2.125,6.375],"tintindex":0,"rotation":0,"texture":"#1"},"down":{"uv":[6.125,6.40625,5.78125,7.9375],"tintindex":0,"rotation":0,"texture":"#1"}},"rotation":{"origin":[9.048,7.4175873,-1.2530613],"angle":-22.5,"axis":"x"}},{"from":[7.6480002,18.132515,3.3019686],"to":[10.048,21.332516,5.701969],"faces":{"east":{"uv":[4.0625,7.75,4.25,8.0],"tintindex":0,"rotation":0,"texture":"#1"},"south":{"uv":[8.40625,4.15625,8.59375,4.40625],"tintindex":0,"rotation":0,"texture":"#1"},"north":{"uv":[4.25,6.9375,4.4375,7.1875],"tintindex":0,"rotation":0,"texture":"#1"},"west":{"uv":[3.9375,10.1875,4.125,10.4375],"tintindex":0,"rotation":0,"texture":"#1"},"up":{"uv":[12.46875,8.03125,12.28125,7.84375],"tintindex":0,"rotation":0,"texture":"#1"},"down":{"uv":[12.5,5.90625,12.3125,6.09375],"tintindex":0,"rotation":0,"texture":"#1"}},"rotation":{"origin":[8.848,20.832516,4.901969],"angle":22.5,"axis":"x"}}],"display":{"gui":{"rotation":[30,225,0]}}}