{"textures":{"1":"modelengine:entity/toro_wither_terror"},"elements":[{"from":[6.0,6.497586,5.1476717],"to":[10.200001,10.997586,9.3476715],"faces":{"east":{"uv":[1.28125,12.125,1.0625,12.375],"tintindex":0,"rotation":0,"texture":"#1"},"south":{"uv":[12.34375,0.5625,12.125,0.8125],"tintindex":0,"rotation":0,"texture":"#1"},"north":{"uv":[10.15625,12.09375,9.9375,12.34375],"tintindex":0,"rotation":0,"texture":"#1"},"west":{"uv":[11.9375,12.09375,11.71875,12.34375],"tintindex":0,"rotation":0,"texture":"#1"},"up":{"uv":[12.28125,1.5,12.5,1.28125],"tintindex":0,"rotation":0,"texture":"#1"},"down":{"uv":[12.28125,3.25,12.5,3.46875],"tintindex":0,"rotation":0,"texture":"#1"}},"rotation":{"origin":[8.100002,8.747586,7.247671],"angle":-22.5,"axis":"x"}},{"from":[6.75,12.347586,-11.502327],"to":[9.150002,15.347586,-0.8523283],"faces":{"east":{"uv":[12.125,8.03125,11.5625,8.1875],"tintindex":0,"rotation":0,"texture":"#1"},"south":{"uv":[7.0,12.375,6.875,12.53125],"tintindex":0,"rotation":0,"texture":"#1"},"north":{"uv":[12.25,5.3125,12.125,5.46875],"tintindex":0,"rotation":0,"texture":"#1"},"west":{"uv":[12.125,7.09375,11.5625,7.25],"tintindex":0,"rotation":0,"texture":"#1"},"up":{"uv":[6.6875,12.34375,6.8125,11.78125],"tintindex":0,"rotation":0,"texture":"#1"},"down":{"uv":[0.375,11.8125,0.5,12.375],"tintindex":0,"rotation":0,"texture":"#1"}},"rotation":{"origin":[7.800003,8.597586,2.447671],"angle":-22.5,"axis":"x"}},{"from":[6.6000023,8.447586,-4.6023283],"to":[9.300003,11.447586,5.8976717],"faces":{"east":{"uv":[12.125,1.0,11.5625,1.15625],"tintindex":0,"rotation":0,"texture":"#1"},"south":{"uv":[7.9375,12.34375,7.78125,12.5],"tintindex":0,"rotation":0,"texture":"#1"},"north":{"uv":[7.78125,12.34375,7.625,12.5],"tintindex":0,"rotation":0,"texture":"#1"},"west":{"uv":[12.09375,9.40625,11.53125,9.5625],"tintindex":0,"rotation":0,"texture":"#1"},"up":{"uv":[8.125,10.3125,8.28125,9.75],"tintindex":0,"rotation":0,"texture":"#1"},"down":{"uv":[1.40625,11.53125,1.5625,12.09375],"tintindex":0,"rotation":0,"texture":"#1"}},"rotation":{"origin":[7.800003,8.597586,2.447671],"angle":22.5,"axis":"x"}}],"display":{"gui":{"rotation":[30,225,0]}}}