{"textures":{"1":"modelengine:entity/toro_wither_terror"},"elements":[{"from":[3.4430313,8.264155,9.946939],"to":[6.6430306,14.664156,12.74694],"faces":{"east":{"uv":[3.5,7.875,3.28125,8.375],"tintindex":0,"rotation":0,"texture":"#1"},"south":{"uv":[11.09375,1.15625,10.84375,1.65625],"tintindex":0,"rotation":0,"texture":"#1"},"north":{"uv":[9.65625,10.71875,9.40625,11.21875],"tintindex":0,"rotation":0,"texture":"#1"},"west":{"uv":[0.6875,6.9375,0.46875,7.4375],"tintindex":0,"rotation":0,"texture":"#1"},"up":{"uv":[4.4375,12.3125,4.6875,12.09375],"tintindex":0,"rotation":0,"texture":"#1"},"down":{"uv":[4.6875,12.09375,4.9375,12.3125],"tintindex":0,"rotation":0,"texture":"#1"}},"rotation":{"origin":[7.543032,13.364155,11.34694],"angle":22.5,"axis":"z"}},{"from":[5.9430313,-13.435844,9.146939],"to":[10.343033,10.164154,13.54694],"faces":{"east":{"uv":[5.4375,5.375,5.09375,7.21875],"tintindex":0,"rotation":0,"texture":"#1"},"south":{"uv":[4.4375,5.09375,4.09375,6.9375],"tintindex":0,"rotation":0,"texture":"#1"},"north":{"uv":[0.34375,5.09375,0.0,6.9375],"tintindex":0,"rotation":0,"texture":"#1"},"west":{"uv":[0.6875,5.09375,0.34375,6.9375],"tintindex":0,"rotation":0,"texture":"#1"},"up":{"uv":[11.0625,7.96875,11.40625,7.625],"tintindex":0,"rotation":0,"texture":"#1"},"down":{"uv":[11.0625,10.28125,11.40625,10.625],"tintindex":0,"rotation":0,"texture":"#1"}}},{"from":[8.2430315,-7.4358463,9.54694],"to":[11.043033,5.764155,13.14694],"faces":{"east":{"uv":[8.84375,9.0625,8.5625,10.09375],"tintindex":0,"rotation":0,"texture":"#1"},"south":{"uv":[8.53125,9.28125,8.3125,10.3125],"tintindex":0,"rotation":0,"texture":"#1"},"north":{"uv":[5.09375,5.75,4.875,6.78125],"tintindex":0,"rotation":0,"texture":"#1"},"west":{"uv":[6.65625,8.71875,6.375,9.75],"tintindex":0,"rotation":0,"texture":"#1"},"up":{"uv":[12.0625,5.03125,12.28125,4.75],"tintindex":0,"rotation":0,"texture":"#1"},"down":{"uv":[12.0625,5.46875,12.28125,5.75],"tintindex":0,"rotation":0,"texture":"#1"}},"rotation":{"origin":[12.343033,-2.2358456,11.34694],"angle":-22.5,"axis":"z"}},{"from":[12.243032,-13.435844,9.54694],"to":[15.043033,-5.835846,13.14694],"faces":{"east":{"uv":[9.6875,10.125,9.40625,10.71875],"tintindex":0,"rotation":0,"texture":"#1"},"south":{"uv":[2.25,10.71875,2.03125,11.3125],"tintindex":0,"rotation":0,"texture":"#1"},"north":{"uv":[2.03125,10.71875,1.8125,11.3125],"tintindex":0,"rotation":0,"texture":"#1"},"west":{"uv":[8.8125,10.09375,8.53125,10.6875],"tintindex":0,"rotation":0,"texture":"#1"},"up":{"uv":[12.0625,6.03125,12.28125,5.75],"tintindex":0,"rotation":0,"texture":"#1"},"down":{"uv":[12.0625,6.34375,12.28125,6.625],"tintindex":0,"rotation":0,"texture":"#1"}},"rotation":{"origin":[12.343033,-2.2358456,11.34694],"angle":-22.5,"axis":"z"}}],"display":{"gui":{"rotation":[30,225,0]}}}