{"textures":{"1":"modelengine:entity/toro_wither_terror"},"elements":[{"from":[18.2,6.413191,7.8102045],"to":[28.1,9.113191,10.210205],"faces":{"east":{"uv":[4.84375,11.8125,4.59375,12.09375],"tintindex":0,"rotation":0,"texture":"#1"},"south":{"uv":[10.03125,0.84375,9.0,1.125],"tintindex":0,"rotation":0,"texture":"#1"},"north":{"uv":[9.90625,2.71875,8.875,3.0],"tintindex":0,"rotation":0,"texture":"#1"},"west":{"uv":[12.03125,3.25,11.78125,3.53125],"tintindex":0,"rotation":0,"texture":"#1"},"up":{"uv":[9.125,5.53125,10.15625,5.28125],"tintindex":0,"rotation":0,"texture":"#1"},"down":{"uv":[9.3125,2.4375,10.34375,2.6875],"tintindex":0,"rotation":0,"texture":"#1"}}},{"from":[14.9,3.713191,8.110205],"to":[24.8,5.213191,9.3102045],"faces":{"east":{"uv":[1.9375,10.15625,1.8125,10.3125],"tintindex":0,"rotation":0,"texture":"#1"},"south":{"uv":[10.71875,8.5,9.6875,8.65625],"tintindex":0,"rotation":0,"texture":"#1"},"north":{"uv":[3.625,4.875,2.59375,5.03125],"tintindex":0,"rotation":0,"texture":"#1"},"west":{"uv":[8.40625,3.5,8.28125,3.65625],"tintindex":0,"rotation":0,"texture":"#1"},"up":{"uv":[10.625,9.0,11.65625,8.875],"tintindex":0,"rotation":0,"texture":"#1"},"down":{"uv":[10.65625,0.46875,11.6875,0.59375],"tintindex":0,"rotation":0,"texture":"#1"}}},{"from":[9.95,4.013191,5.9352045],"to":[17.75,7.6131907,9.835205],"faces":{"east":{"uv":[10.09375,10.3125,9.6875,10.6875],"tintindex":0,"rotation":0,"texture":"#1"},"south":{"uv":[9.3125,1.59375,8.5,1.96875],"tintindex":0,"rotation":0,"texture":"#1"},"north":{"uv":[2.0625,8.46875,1.25,8.84375],"tintindex":0,"rotation":0,"texture":"#1"},"west":{"uv":[8.53125,10.3125,8.125,10.6875],"tintindex":0,"rotation":0,"texture":"#1"},"up":{"uv":[8.3125,5.6875,9.125,5.28125],"tintindex":0,"rotation":0,"texture":"#1"},"down":{"uv":[5.875,8.3125,6.6875,8.71875],"tintindex":0,"rotation":0,"texture":"#1"}},"rotation":{"origin":[14.3,5.8131914,8.860205],"angle":22.5,"axis":"z"}},{"from":[7.8029585,8.882096,6.535205],"to":[15.602959,10.757096,9.235205],"faces":{"east":{"uv":[6.28125,10.15625,6.0,10.34375],"tintindex":0,"rotation":0,"texture":"#1"},"south":{"uv":[11.03125,5.53125,10.21875,5.71875],"tintindex":0,"rotation":0,"texture":"#1"},"north":{"uv":[10.9375,7.46875,10.125,7.65625],"tintindex":0,"rotation":0,"texture":"#1"},"west":{"uv":[8.0,7.4375,7.71875,7.625],"tintindex":0,"rotation":0,"texture":"#1"},"up":{"uv":[9.46875,3.75,10.28125,3.46875],"tintindex":0,"rotation":0,"texture":"#1"},"down":{"uv":[9.46875,3.75,10.28125,4.03125],"tintindex":0,"rotation":0,"texture":"#1"}},"rotation":{"origin":[11.702959,10.907097,7.885205],"angle":-22.5,"axis":"z"}},{"from":[8.3,5.8131914,6.910205],"to":[18.2,9.413191,10.8102045],"faces":{"east":{"uv":[3.0625,10.3125,2.65625,10.6875],"tintindex":0,"rotation":0,"texture":"#1"},"south":{"uv":[8.40625,3.65625,7.375,4.03125],"tintindex":0,"rotation":0,"texture":"#1"},"north":{"uv":[8.15625,6.4375,7.125,6.8125],"tintindex":0,"rotation":0,"texture":"#1"},"west":{"uv":[10.625,8.65625,10.21875,9.03125],"tintindex":0,"rotation":0,"texture":"#1"},"up":{"uv":[6.625,0.40625,7.65625,0.0],"tintindex":0,"rotation":0,"texture":"#1"},"down":{"uv":[6.75,6.8125,7.78125,7.21875],"tintindex":0,"rotation":0,"texture":"#1"}}},{"from":[6.2,3.713191,6.3102045],"to":[11.6,8.213191,12.310205],"faces":{"east":{"uv":[9.625,0.375,9.0,0.84375],"tintindex":0,"rotation":0,"texture":"#1"},"south":{"uv":[8.3125,9.28125,7.75,9.75],"tintindex":0,"rotation":0,"texture":"#1"},"north":{"uv":[9.65625,3.0,9.09375,3.46875],"tintindex":0,"rotation":0,"texture":"#1"},"west":{"uv":[9.5625,4.8125,8.9375,5.28125],"tintindex":0,"rotation":0,"texture":"#1"},"up":{"uv":[7.5,8.25,8.0625,7.625],"tintindex":0,"rotation":0,"texture":"#1"},"down":{"uv":[3.5,7.75,4.0625,8.375],"tintindex":0,"rotation":0,"texture":"#1"}}},{"from":[23.3,4.9881907,8.035205],"to":[31.1,6.4881907,9.385204],"faces":{"east":{"uv":[12.03125,6.9375,11.875,7.09375],"tintindex":0,"rotation":0,"texture":"#1"},"south":{"uv":[11.53125,8.46875,10.71875,8.625],"tintindex":0,"rotation":0,"texture":"#1"},"north":{"uv":[11.53125,5.3125,10.71875,5.46875],"tintindex":0,"rotation":0,"texture":"#1"},"west":{"uv":[11.0625,2.1875,10.90625,2.34375],"tintindex":0,"rotation":0,"texture":"#1"},"up":{"uv":[10.71875,9.5625,11.53125,9.40625],"tintindex":0,"rotation":0,"texture":"#1"},"down":{"uv":[10.75,1.0,11.5625,1.15625],"tintindex":0,"rotation":0,"texture":"#1"}},"rotation":{"origin":[26.15,4.463191,8.710205],"angle":22.5,"axis":"z"}}],"display":{"gui":{"rotation":[30,225,0]}}}