{"textures":{"1":"modelengine:entity/toro_wither_terror"},"elements":[{"from":[6.0,5.997586,5.6476717],"to":[10.200001,10.497586,9.8476715],"faces":{"east":{"uv":[12.34375,7.15625,12.125,7.40625],"tintindex":0,"rotation":0,"texture":"#1"},"south":{"uv":[12.34375,6.90625,12.125,7.15625],"tintindex":0,"rotation":0,"texture":"#1"},"north":{"uv":[12.34375,4.46875,12.125,4.71875],"tintindex":0,"rotation":0,"texture":"#1"},"west":{"uv":[5.375,12.125,5.15625,12.375],"tintindex":0,"rotation":0,"texture":"#1"},"up":{"uv":[12.28125,4.9375,12.5,4.71875],"tintindex":0,"rotation":0,"texture":"#1"},"down":{"uv":[12.28125,5.46875,12.5,5.6875],"tintindex":0,"rotation":0,"texture":"#1"}}},{"from":[6.5999985,7.947586,-2.9023285],"to":[9.299999,10.947586,6.3976717],"faces":{"east":{"uv":[12.25,5.15625,11.75,5.3125],"tintindex":0,"rotation":0,"texture":"#1"},"south":{"uv":[9.46875,12.34375,9.3125,12.5],"tintindex":0,"rotation":0,"texture":"#1"},"north":{"uv":[8.53125,12.34375,8.375,12.5],"tintindex":0,"rotation":0,"texture":"#1"},"west":{"uv":[12.1875,0.84375,11.6875,1.0],"tintindex":0,"rotation":0,"texture":"#1"},"up":{"uv":[6.1875,12.25,6.34375,11.75],"tintindex":0,"rotation":0,"texture":"#1"},"down":{"uv":[6.34375,11.75,6.5,12.25],"tintindex":0,"rotation":0,"texture":"#1"}},"rotation":{"origin":[7.799999,8.097586,2.947672],"angle":22.5,"axis":"x"}},{"from":[6.75,11.097586,-10.4023285],"to":[9.149998,14.097586,0.9976721],"faces":{"east":{"uv":[12.0625,10.0625,11.46875,10.21875],"tintindex":0,"rotation":0,"texture":"#1"},"south":{"uv":[12.5,8.71875,12.375,8.875],"tintindex":0,"rotation":0,"texture":"#1"},"north":{"uv":[12.5,8.03125,12.375,8.1875],"tintindex":0,"rotation":0,"texture":"#1"},"west":{"uv":[12.0625,3.09375,11.46875,3.25],"tintindex":0,"rotation":0,"texture":"#1"},"up":{"uv":[0.6875,6.28125,0.8125,5.6875],"tintindex":0,"rotation":0,"texture":"#1"},"down":{"uv":[2.46875,6.375,2.59375,6.96875],"tintindex":0,"rotation":0,"texture":"#1"}},"rotation":{"origin":[7.799999,8.097586,2.947672],"angle":-22.5,"axis":"x"}}],"display":{"gui":{"rotation":[30,225,0]}}}