{"textures":{"1":"modelengine:entity/toro_wither_terror"},"elements":[{"from":[4.399994,6.352764,-14.85918],"to":[20.0,15.9527645,-1.6591816],"faces":{"east":{"uv":[8.9375,11.625,8.59375,11.875],"tintindex":0,"rotation":0,"texture":"#1"},"south":{"uv":[11.84375,2.53125,11.4375,2.78125],"tintindex":0,"rotation":0,"texture":"#1"},"north":{"uv":[11.8125,10.25,11.40625,10.5],"tintindex":0,"rotation":0,"texture":"#1"},"west":{"uv":[8.9375,5.03125,8.59375,5.28125],"tintindex":0,"rotation":0,"texture":"#1"},"up":{"uv":[10.53125,6.0625,10.9375,5.71875],"tintindex":0,"rotation":0,"texture":"#1"},"down":{"uv":[10.53125,6.0625,10.9375,6.40625],"tintindex":0,"rotation":0,"texture":"#1"}},"rotation":{"origin":[8.0,5.4527636,-4.3591814],"angle":-22.5,"axis":"x"}},{"from":[-0.40000153,4.852764,-11.85918],"to":[16.399994,12.052764,11.240819],"faces":{"east":{"uv":[11.96875,9.21875,11.375,9.40625],"tintindex":0,"rotation":0,"texture":"#1"},"south":{"uv":[12.125,4.5625,11.6875,4.75],"tintindex":0,"rotation":0,"texture":"#1"},"north":{"uv":[12.125,3.53125,11.6875,3.71875],"tintindex":0,"rotation":0,"texture":"#1"},"west":{"uv":[11.71875,2.90625,11.125,3.09375],"tintindex":0,"rotation":0,"texture":"#1"},"up":{"uv":[3.0625,9.90625,3.5,9.3125],"tintindex":0,"rotation":0,"texture":"#1"},"down":{"uv":[9.3125,4.03125,9.75,4.625],"tintindex":0,"rotation":0,"texture":"#1"}},"rotation":{"origin":[8.0,5.4527636,-4.3591814],"angle":22.5,"axis":"x"}}],"display":{"gui":{"rotation":[30,225,0]}}}