{"textures":{"1":"modelengine:entity/toro_wither_terror"},"elements":[{"from":[10.257717,4.5847816,16.740383],"to":[12.3577175,7.684782,18.940384],"faces":{"east":{"uv":[4.40625,12.3125,4.59375,12.5625],"tintindex":0,"rotation":0,"texture":"#1"},"south":{"uv":[7.96875,10.34375,8.125,10.59375],"tintindex":0,"rotation":0,"texture":"#1"},"north":{"uv":[2.21875,10.34375,2.375,10.59375],"tintindex":0,"rotation":0,"texture":"#1"},"west":{"uv":[4.59375,12.3125,4.78125,12.5625],"tintindex":0,"rotation":0,"texture":"#1"},"up":{"uv":[5.09375,12.53125,4.9375,12.34375],"tintindex":0,"rotation":0,"texture":"#1"},"down":{"uv":[5.53125,12.34375,5.375,12.53125],"tintindex":0,"rotation":0,"texture":"#1"}},"rotation":{"origin":[16.117718,9.044782,18.64038],"angle":-22.5,"axis":"x"}},{"from":[5.94,-1.6768961,17.340384],"to":[8.94,2.5231042,20.64038],"faces":{"east":{"uv":[9.71875,11.75,9.96875,12.0625],"tintindex":0,"rotation":0,"texture":"#1"},"south":{"uv":[10.6875,11.75,10.9375,12.0625],"tintindex":0,"rotation":0,"texture":"#1"},"north":{"uv":[7.75,8.90625,8.0,9.21875],"tintindex":0,"rotation":0,"texture":"#1"},"west":{"uv":[0.6875,11.78125,0.9375,12.09375],"tintindex":0,"rotation":0,"texture":"#1"},"up":{"uv":[12.28125,1.40625,12.03125,1.15625],"tintindex":0,"rotation":0,"texture":"#1"},"down":{"uv":[12.28125,1.40625,12.03125,1.65625],"tintindex":0,"rotation":0,"texture":"#1"}},"rotation":{"origin":[2.6399999,-0.076895714,17.64038],"angle":45.0,"axis":"z"}},{"from":[5.94,1.4831047,10.060385],"to":[8.94,7.2831044,13.360382],"faces":{"east":{"uv":[7.59375,11.28125,7.84375,11.75],"tintindex":0,"rotation":0,"texture":"#1"},"south":{"uv":[7.84375,11.28125,8.09375,11.75],"tintindex":0,"rotation":0,"texture":"#1"},"north":{"uv":[7.34375,11.28125,7.59375,11.75],"tintindex":0,"rotation":0,"texture":"#1"},"west":{"uv":[8.09375,11.28125,8.34375,11.75],"tintindex":0,"rotation":0,"texture":"#1"},"up":{"uv":[12.21875,3.96875,11.96875,3.71875],"tintindex":0,"rotation":0,"texture":"#1"},"down":{"uv":[12.21875,11.71875,11.96875,11.96875],"tintindex":0,"rotation":0,"texture":"#1"}},"rotation":{"origin":[2.6399999,3.0831041,10.360382],"angle":45.0,"axis":"z"}},{"from":[2.482283,8.704782,9.460383],"to":[4.5822835,14.2047825,11.66038],"faces":{"east":{"uv":[9.375,11.6875,9.5625,12.125],"tintindex":0,"rotation":0,"texture":"#1"},"south":{"uv":[7.625,11.90625,7.78125,12.34375],"tintindex":0,"rotation":0,"texture":"#1"},"north":{"uv":[7.46875,11.90625,7.625,12.34375],"tintindex":0,"rotation":0,"texture":"#1"},"west":{"uv":[4.0625,11.71875,4.25,12.15625],"tintindex":0,"rotation":0,"texture":"#1"},"up":{"uv":[3.25,12.53125,3.09375,12.34375],"tintindex":0,"rotation":0,"texture":"#1"},"down":{"uv":[3.40625,12.34375,3.25,12.53125],"tintindex":0,"rotation":0,"texture":"#1"}},"rotation":{"origin":[-0.11771679,12.2047825,11.360382],"angle":-22.5,"axis":"x"}},{"from":[3.6422834,4.5847816,16.740383],"to":[5.7422833,7.684782,18.940384],"faces":{"east":{"uv":[12.3125,3.9375,12.5,4.1875],"tintindex":0,"rotation":0,"texture":"#1"},"south":{"uv":[3.0625,10.3125,3.21875,10.5625],"tintindex":0,"rotation":0,"texture":"#1"},"north":{"uv":[0.8125,3.875,0.96875,4.125],"tintindex":0,"rotation":0,"texture":"#1"},"west":{"uv":[12.3125,4.1875,12.5,4.4375],"tintindex":0,"rotation":0,"texture":"#1"},"up":{"uv":[3.875,12.53125,3.71875,12.34375],"tintindex":0,"rotation":0,"texture":"#1"},"down":{"uv":[12.5,4.4375,12.34375,4.625],"tintindex":0,"rotation":0,"texture":"#1"}},"rotation":{"origin":[-0.11771679,9.044782,18.64038],"angle":-22.5,"axis":"x"}},{"from":[5.2,3.307074,6.1225076],"to":[10.8,8.107074,24.422506],"faces":{"east":{"uv":[0.6875,6.375,2.125,6.75],"tintindex":0,"rotation":0,"texture":"#1"},"south":{"uv":[5.5625,10.15625,6.0,10.53125],"tintindex":0,"rotation":0,"texture":"#1"},"north":{"uv":[4.5625,10.15625,5.0,10.53125],"tintindex":0,"rotation":0,"texture":"#1"},"west":{"uv":[6.53125,2.875,7.96875,3.25],"tintindex":0,"rotation":0,"texture":"#1"},"up":{"uv":[4.0625,7.09375,3.625,5.65625],"tintindex":0,"rotation":0,"texture":"#1"},"down":{"uv":[4.875,5.75,4.4375,7.1875],"tintindex":0,"rotation":0,"texture":"#1"}},"rotation":{"origin":[8.0,5.707074,12.672506],"angle":22.5,"axis":"x"}},{"from":[7.06,1.4831047,10.060385],"to":[10.06,7.2831044,13.360382],"faces":{"east":{"uv":[1.8125,11.3125,2.0625,11.78125],"tintindex":0,"rotation":0,"texture":"#1"},"south":{"uv":[5.6875,11.3125,5.9375,11.78125],"tintindex":0,"rotation":0,"texture":"#1"},"north":{"uv":[8.34375,11.28125,8.59375,11.75],"tintindex":0,"rotation":0,"texture":"#1"},"west":{"uv":[5.9375,11.3125,6.1875,11.78125],"tintindex":0,"rotation":0,"texture":"#1"},"up":{"uv":[12.21875,12.21875,11.96875,11.96875],"tintindex":0,"rotation":0,"texture":"#1"},"down":{"uv":[12.25,2.03125,12.0,2.28125],"tintindex":0,"rotation":0,"texture":"#1"}},"rotation":{"origin":[13.360001,3.0831041,10.360382],"angle":-45.0,"axis":"z"}},{"from":[7.06,-1.6768961,17.340384],"to":[10.06,2.5231042,20.64038],"faces":{"east":{"uv":[1.5625,11.78125,1.8125,12.09375],"tintindex":0,"rotation":0,"texture":"#1"},"south":{"uv":[1.8125,11.78125,2.0625,12.09375],"tintindex":0,"rotation":0,"texture":"#1"},"north":{"uv":[11.78125,1.15625,12.03125,1.46875],"tintindex":0,"rotation":0,"texture":"#1"},"west":{"uv":[5.5625,11.78125,5.8125,12.09375],"tintindex":0,"rotation":0,"texture":"#1"},"up":{"uv":[12.28125,3.5,12.03125,3.25],"tintindex":0,"rotation":0,"texture":"#1"},"down":{"uv":[12.28125,9.5625,12.03125,9.8125],"tintindex":0,"rotation":0,"texture":"#1"}},"rotation":{"origin":[13.360001,-0.076895714,17.64038],"angle":-45.0,"axis":"z"}},{"from":[11.417717,8.704782,9.460383],"to":[13.517717,14.2047825,11.66038],"faces":{"east":{"uv":[4.25,11.71875,4.4375,12.15625],"tintindex":0,"rotation":0,"texture":"#1"},"south":{"uv":[10.9375,11.90625,11.09375,12.34375],"tintindex":0,"rotation":0,"texture":"#1"},"north":{"uv":[7.78125,11.90625,7.9375,12.34375],"tintindex":0,"rotation":0,"texture":"#1"},"west":{"uv":[8.9375,11.71875,9.125,12.15625],"tintindex":0,"rotation":0,"texture":"#1"},"up":{"uv":[3.5625,12.53125,3.40625,12.34375],"tintindex":0,"rotation":0,"texture":"#1"},"down":{"uv":[3.71875,12.34375,3.5625,12.53125],"tintindex":0,"rotation":0,"texture":"#1"}},"rotation":{"origin":[16.117718,12.2047825,11.360382],"angle":-22.5,"axis":"x"}}],"display":{"gui":{"rotation":[30,225,0]}}}