{"textures":{"1":"modelengine:entity/toro_wither_terror"},"elements":[{"from":[0.19999981,2.2280312,3.9723687],"to":[3.3999996,11.028032,6.7723694],"faces":{"east":{"uv":[5.0,10.15625,5.21875,10.84375],"tintindex":0,"rotation":0,"texture":"#1"},"south":{"uv":[5.3125,9.8125,5.5625,10.5],"tintindex":0,"rotation":0,"texture":"#1"},"north":{"uv":[3.75,4.1875,4.0,4.875],"tintindex":0,"rotation":0,"texture":"#1"},"west":{"uv":[9.1875,10.21875,9.40625,10.90625],"tintindex":0,"rotation":0,"texture":"#1"},"up":{"uv":[12.46875,3.9375,12.21875,3.71875],"tintindex":0,"rotation":0,"texture":"#1"},"down":{"uv":[12.46875,11.71875,12.21875,11.9375],"tintindex":0,"rotation":0,"texture":"#1"}},"rotation":{"origin":[1.7999997,4.228031,5.3723702],"angle":-22.5,"axis":"z"}},{"from":[1.4422836,2.949708,22.25237],"to":[3.5422835,8.449708,24.452374],"faces":{"east":{"uv":[9.15625,6.71875,9.34375,7.15625],"tintindex":0,"rotation":0,"texture":"#1"},"south":{"uv":[7.0,11.90625,7.15625,12.34375],"tintindex":0,"rotation":0,"texture":"#1"},"north":{"uv":[11.90625,4.0,12.0625,4.4375],"tintindex":0,"rotation":0,"texture":"#1"},"west":{"uv":[0.9375,9.4375,1.125,9.875],"tintindex":0,"rotation":0,"texture":"#1"},"up":{"uv":[2.21875,12.53125,2.0625,12.34375],"tintindex":0,"rotation":0,"texture":"#1"},"down":{"uv":[2.71875,12.34375,2.5625,12.53125],"tintindex":0,"rotation":0,"texture":"#1"}}},{"from":[1.4422836,5.2497087,15.472369],"to":[3.5422835,10.749709,17.67237],"faces":{"east":{"uv":[4.875,6.78125,5.0625,7.21875],"tintindex":0,"rotation":0,"texture":"#1"},"south":{"uv":[3.8125,11.90625,3.96875,12.34375],"tintindex":0,"rotation":0,"texture":"#1"},"north":{"uv":[3.65625,11.90625,3.8125,12.34375],"tintindex":0,"rotation":0,"texture":"#1"},"west":{"uv":[1.875,7.46875,2.0625,7.90625],"tintindex":0,"rotation":0,"texture":"#1"},"up":{"uv":[1.90625,12.53125,1.75,12.34375],"tintindex":0,"rotation":0,"texture":"#1"},"down":{"uv":[2.0625,12.34375,1.90625,12.53125],"tintindex":0,"rotation":0,"texture":"#1"}},"rotation":{"origin":[-1.1577168,8.749709,17.372372],"angle":-22.5,"axis":"x"}},{"from":[8.1,-1.9719696,16.07237],"to":[11.1,3.8280306,19.372372],"faces":{"east":{"uv":[0.0,11.34375,0.25,11.8125],"tintindex":0,"rotation":0,"texture":"#1"},"south":{"uv":[0.25,11.34375,0.5,11.8125],"tintindex":0,"rotation":0,"texture":"#1"},"north":{"uv":[11.3125,6.84375,11.5625,7.3125],"tintindex":0,"rotation":0,"texture":"#1"},"west":{"uv":[11.34375,4.09375,11.59375,4.5625],"tintindex":0,"rotation":0,"texture":"#1"},"up":{"uv":[12.3125,4.21875,12.0625,3.96875],"tintindex":0,"rotation":0,"texture":"#1"},"down":{"uv":[12.3125,4.21875,12.0625,4.46875],"tintindex":0,"rotation":0,"texture":"#1"}},"rotation":{"origin":[14.400001,-0.37196922,16.372372],"angle":-45.0,"axis":"z"}},{"from":[12.457717,2.949708,22.25237],"to":[14.557716,8.449708,24.452374],"faces":{"east":{"uv":[5.1875,11.6875,5.375,12.125],"tintindex":0,"rotation":0,"texture":"#1"},"south":{"uv":[7.3125,11.90625,7.46875,12.34375],"tintindex":0,"rotation":0,"texture":"#1"},"north":{"uv":[7.15625,11.90625,7.3125,12.34375],"tintindex":0,"rotation":0,"texture":"#1"},"west":{"uv":[6.8125,11.6875,7.0,12.125],"tintindex":0,"rotation":0,"texture":"#1"},"up":{"uv":[2.875,12.53125,2.71875,12.34375],"tintindex":0,"rotation":0,"texture":"#1"},"down":{"uv":[12.5,2.71875,12.34375,2.90625],"tintindex":0,"rotation":0,"texture":"#1"}}},{"from":[2.1999998,-2.571969,6.7723694],"to":[13.8,2.2280312,17.17237],"faces":{"east":{"uv":[8.5625,0.0,9.375,0.375],"tintindex":0,"rotation":0,"texture":"#1"},"south":{"uv":[4.96875,8.1875,5.875,8.5625],"tintindex":0,"rotation":0,"texture":"#1"},"north":{"uv":[8.15625,6.375,9.0625,6.75],"tintindex":0,"rotation":0,"texture":"#1"},"west":{"uv":[8.5625,1.125,9.375,1.5],"tintindex":0,"rotation":0,"texture":"#1"},"up":{"uv":[6.03125,2.1875,5.125,1.375],"tintindex":0,"rotation":0,"texture":"#1"},"down":{"uv":[6.03125,2.1875,5.125,3.0],"tintindex":0,"rotation":0,"texture":"#1"}}},{"from":[12.6,2.2280312,3.9723687],"to":[15.8,11.028032,6.7723694],"faces":{"east":{"uv":[6.40625,10.34375,6.625,11.03125],"tintindex":0,"rotation":0,"texture":"#1"},"south":{"uv":[3.21875,9.90625,3.46875,10.59375],"tintindex":0,"rotation":0,"texture":"#1"},"north":{"uv":[1.28125,9.875,1.53125,10.5625],"tintindex":0,"rotation":0,"texture":"#1"},"west":{"uv":[10.375,1.375,10.59375,2.0625],"tintindex":0,"rotation":0,"texture":"#1"},"up":{"uv":[12.1875,12.4375,11.9375,12.21875],"tintindex":0,"rotation":0,"texture":"#1"},"down":{"uv":[12.46875,11.9375,12.21875,12.15625],"tintindex":0,"rotation":0,"texture":"#1"}},"rotation":{"origin":[14.200001,4.228031,5.3723702],"angle":22.5,"axis":"z"}},{"from":[-1.4000006,2.2280312,6.7723694],"to":[17.400002,10.628032,14.772369],"faces":{"east":{"uv":[3.625,7.09375,4.25,7.75],"tintindex":0,"rotation":0,"texture":"#1"},"south":{"uv":[2.28125,4.21875,3.75,4.875],"tintindex":0,"rotation":0,"texture":"#1"},"north":{"uv":[0.8125,4.21875,2.28125,4.875],"tintindex":0,"rotation":0,"texture":"#1"},"west":{"uv":[7.125,5.375,7.75,6.03125],"tintindex":0,"rotation":0,"texture":"#1"},"up":{"uv":[5.96875,3.625,4.5,3.0],"tintindex":0,"rotation":0,"texture":"#1"},"down":{"uv":[5.96875,3.625,4.5,4.25],"tintindex":0,"rotation":0,"texture":"#1"}}},{"from":[-0.043027878,-4.5456944,4.2723694],"to":[2.0569725,3.4543056,6.5723696],"faces":{"east":{"uv":[5.59375,7.21875,5.78125,7.84375],"tintindex":0,"rotation":0,"texture":"#1"},"south":{"uv":[1.09375,11.46875,1.25,12.09375],"tintindex":0,"rotation":0,"texture":"#1"},"north":{"uv":[4.34375,0.0,4.5,0.625],"tintindex":0,"rotation":0,"texture":"#1"},"west":{"uv":[5.21875,11.0625,5.40625,11.6875],"tintindex":0,"rotation":0,"texture":"#1"},"up":{"uv":[6.0,10.71875,5.84375,10.53125],"tintindex":0,"rotation":0,"texture":"#1"},"down":{"uv":[1.4375,12.34375,1.28125,12.53125],"tintindex":0,"rotation":0,"texture":"#1"}}},{"from":[4.0,6.6280313,5.7723694],"to":[12.0,11.428031,24.972372],"faces":{"east":{"uv":[6.03125,1.375,7.53125,1.75],"tintindex":0,"rotation":0,"texture":"#1"},"south":{"uv":[9.40625,9.1875,10.03125,9.5625],"tintindex":0,"rotation":0,"texture":"#1"},"north":{"uv":[4.125,9.40625,4.75,9.78125],"tintindex":0,"rotation":0,"texture":"#1"},"west":{"uv":[6.03125,1.75,7.53125,2.125],"tintindex":0,"rotation":0,"texture":"#1"},"up":{"uv":[5.125,1.5,4.5,0.0],"tintindex":0,"rotation":0,"texture":"#1"},"down":{"uv":[5.125,1.5,4.5,3.0],"tintindex":0,"rotation":0,"texture":"#1"}},"rotation":{"origin":[8.0,10.228031,13.572371],"angle":22.5,"axis":"x"}},{"from":[4.8999996,-1.9719696,16.07237],"to":[7.9,3.8280306,19.372372],"faces":{"east":{"uv":[11.15625,6.375,11.40625,6.84375],"tintindex":0,"rotation":0,"texture":"#1"},"south":{"uv":[8.6875,11.15625,8.9375,11.625],"tintindex":0,"rotation":0,"texture":"#1"},"north":{"uv":[11.15625,4.71875,11.40625,5.1875],"tintindex":0,"rotation":0,"texture":"#1"},"west":{"uv":[11.1875,1.84375,11.4375,2.3125],"tintindex":0,"rotation":0,"texture":"#1"},"up":{"uv":[10.03125,7.90625,9.78125,7.65625],"tintindex":0,"rotation":0,"texture":"#1"},"down":{"uv":[12.03125,1.46875,11.78125,1.71875],"tintindex":0,"rotation":0,"texture":"#1"}},"rotation":{"origin":[1.5999994,-0.37196922,16.372372],"angle":45.0,"axis":"z"}},{"from":[12.457717,5.2497087,15.472369],"to":[14.557716,10.749709,17.67237],"faces":{"east":{"uv":[0.5,11.75,0.6875,12.1875],"tintindex":0,"rotation":0,"texture":"#1"},"south":{"uv":[11.25,11.90625,11.40625,12.34375],"tintindex":0,"rotation":0,"texture":"#1"},"north":{"uv":[11.09375,11.90625,11.25,12.34375],"tintindex":0,"rotation":0,"texture":"#1"},"west":{"uv":[3.0,11.75,3.1875,12.1875],"tintindex":0,"rotation":0,"texture":"#1"},"up":{"uv":[7.3125,12.53125,7.15625,12.34375],"tintindex":0,"rotation":0,"texture":"#1"},"down":{"uv":[7.46875,12.34375,7.3125,12.53125],"tintindex":0,"rotation":0,"texture":"#1"}},"rotation":{"origin":[17.157719,8.749709,17.372372],"angle":-22.5,"axis":"x"}},{"from":[6.0,1.8280306,5.7723694],"to":[10.0,6.6280313,24.972372],