{"textures":{"0":"modelengine:entity/mso_taloc"},"elements":[{"from":[2.2473755,-13.567501,0.2242403],"to":[13.752617,13.567501,9.77576],"faces":{"east":{"uv":[0.0,13.6875,0.25,14.3125],"tintindex":0,"rotation":0,"texture":"#0"},"south":{"uv":[0.3125,13.1875,0.625,13.8125],"tintindex":0,"rotation":0,"texture":"#0"},"north":{"uv":[3.5,13.0625,3.8125,13.6875],"tintindex":0,"rotation":0,"texture":"#0"},"west":{"uv":[1.125,13.6875,1.375,14.3125],"tintindex":0,"rotation":0,"texture":"#0"},"up":{"uv":[14.5625,14.125,14.25,13.875],"tintindex":0,"rotation":0,"texture":"#0"},"down":{"uv":[14.4375,14.25,14.125,14.5],"tintindex":0,"rotation":0,"texture":"#0"}}}],"display":{"gui":{"rotation":[30,225,0]}}}