{"textures":{"0":"modelengine:entity/mso_taloc"},"elements":[{"from":[18.557112,13.4229355,1.4874773],"to":[20.801718,20.870956,9.139547],"faces":{"east":{"uv":[13.5625,13.5625,13.9375,13.9375],"tintindex":0,"rotation":0,"texture":"#0"},"south":{"uv":[0.3125,11.9375,0.4375,12.3125],"tintindex":0,"rotation":0,"texture":"#0"},"north":{"uv":[0.8125,8.625,0.9375,9.0],"tintindex":0,"rotation":0,"texture":"#0"},"west":{"uv":[13.9375,13.5625,13.5625,13.9375],"tintindex":0,"rotation":0,"texture":"#0"},"up":{"uv":[8.6875,13.75,8.5625,13.375],"tintindex":0,"rotation":0,"texture":"#0"},"down":{"uv":[9.8125,14.375,9.6875,14.75],"tintindex":0,"rotation":0,"texture":"#0"}},"rotation":{"origin":[-5.824375,12.376595,12.616363],"angle":45.0,"axis":"y"}},{"from":[18.557112,-1.2690353,-1.9814615],"to":[20.801718,5.5668106,8.527382],"faces":{"east":{"uv":[13.0625,6.0625,13.625,6.4375],"tintindex":0,"rotation":0,"texture":"#0"},"south":{"uv":[10.4375,14.375,10.5625,14.75],"tintindex":0,"rotation":0,"texture":"#0"},"north":{"uv":[10.3125,14.375,10.4375,14.75],"tintindex":0,"rotation":0,"texture":"#0"},"west":{"uv":[13.625,6.0625,13.0625,6.4375],"tintindex":0,"rotation":0,"texture":"#0"},"up":{"uv":[6.5,2.875,6.375,2.3125],"tintindex":0,"rotation":0,"texture":"#0"},"down":{"uv":[11.5,14.125,11.375,14.6875],"tintindex":0,"rotation":0,"texture":"#0"}},"rotation":{"origin":[-5.824375,12.376595,12.616363],"angle":45.0,"axis":"y"}},{"from":[13.7991905,-1.4730911,-1.6952982],"to":[17.574213,21.483116,14.833174],"faces":{"east":{"uv":[3.5,8.5,4.3125,9.625],"tintindex":0,"rotation":0,"texture":"#0"},"south":{"uv":[2.1875,12.625,2.375,13.75],"tintindex":0,"rotation":0,"texture":"#0"},"north":{"uv":[6.5625,12.4375,6.75,13.5625],"tintindex":0,"rotation":0,"texture":"#0"},"west":{"uv":[0.0,8.625,0.8125,9.75],"tintindex":0,"rotation":0,"texture":"#0"},"up":{"uv":[2.5625,14.25,2.375,13.4375],"tintindex":0,"rotation":0,"texture":"#0"},"down":{"uv":[5.0625,13.4375,4.875,14.25],"tintindex":0,"rotation":0,"texture":"#0"}},"rotation":{"origin":[-5.824375,12.376595,12.616363],"angle":22.5,"axis":"y"}},{"from":[18.557112,6.07695,-0.96118546],"to":[20.801718,12.912804,8.527382],"faces":{"east":{"uv":[4.0,13.375,4.5,13.75],"tintindex":0,"rotation":0,"texture":"#0"},"south":{"uv":[11.1875,14.375,11.3125,14.75],"tintindex":0,"rotation":0,"texture":"#0"},"north":{"uv":[11.0625,14.375,11.1875,14.75],"tintindex":0,"rotation":0,"texture":"#0"},"west":{"uv":[4.5,13.375,4.0,13.75],"tintindex":0,"rotation":0,"texture":"#0"},"up":{"uv":[10.0,5.9375,9.875,5.4375],"tintindex":0,"rotation":0,"texture":"#0"},"down":{"uv":[0.625,14.25,0.5,14.75],"tintindex":0,"rotation":0,"texture":"#0"}},"rotation":{"origin":[-5.824375,12.376595,12.616363],"angle":45.0,"axis":"y"}},{"from":[-2.3213882,-3.5136414,-7.9714985],"to":[5.126626,27.094635,8.5569725],"faces":{"east":{"uv":[6.5,2.3125,7.3125,3.875],"tintindex":0,"rotation":0,"texture":"#0"},"south":{"uv":[1.6875,10.375,2.0625,11.9375],"tintindex":0,"rotation":0,"texture":"#0"},"north":{"uv":[10.25,7.6875,10.625,9.25],"tintindex":0,"rotation":0,"texture":"#0"},"west":{"uv":[6.5625,4.9375,7.375,6.5],"tintindex":0,"rotation":0,"texture":"#0"},"up":{"uv":[7.5,13.0,7.125,12.1875],"tintindex":0,"rotation":0,"texture":"#0"},"down":{"uv":[3.875,12.25,3.5,13.0625],"tintindex":0,"rotation":0,"texture":"#0"}},"rotation":{"origin":[-5.824375,12.376595,12.616363],"angle":-45.0,"axis":"y"}}],"display":{"gui":{"rotation":[30,225,0]}}}