{"textures":{"0":"modelengine:entity/mso_taloc"},"elements":[{"from":[3.8933458,6.678912,-8.445156],"to":[12.142386,11.454673,-3.8864765],"faces":{"east":{"uv":[9.125,14.375,8.875,14.625],"tintindex":0,"rotation":0,"texture":"#0"},"south":{"uv":[13.375,1.375,13.0,1.625],"tintindex":0,"rotation":0,"texture":"#0"},"north":{"uv":[12.5,1.0,12.125,1.25],"tintindex":0,"rotation":0,"texture":"#0"},"west":{"uv":[14.625,8.4375,14.375,8.6875],"tintindex":0,"rotation":0,"texture":"#0"},"up":{"uv":[14.0,0.25,14.375,0.0],"tintindex":0,"rotation":0,"texture":"#0"},"down":{"uv":[14.0,11.3125,14.375,11.5625],"tintindex":0,"rotation":0,"texture":"#0"}},"rotation":{"origin":[9.103267,0.81775236,2.408844],"angle":-45.0,"axis":"x"}},{"from":[3.8933458,-1.6974945,0.845984],"to":[12.142386,7.854026,13.653704],"faces":{"east":{"uv":[13.25,3.625,12.625,4.0625],"tintindex":0,"rotation":0,"texture":"#0"},"south":{"uv":[13.625,5.625,13.25,6.0625],"tintindex":0,"rotation":0,"texture":"#0"},"north":{"uv":[3.0625,10.625,2.6875,11.0625],"tintindex":0,"rotation":0,"texture":"#0"},"west":{"uv":[12.625,3.625,13.25,4.0625],"tintindex":0,"rotation":0,"texture":"#0"},"up":{"uv":[1.875,6.75,2.25,6.125],"tintindex":0,"rotation":0,"texture":"#0"},"down":{"uv":[7.5,12.75,7.875,13.375],"tintindex":0,"rotation":0,"texture":"#0"}}},{"from":[12.279066,3.2056322,-9.0963955],"to":[14.449866,4.073952,3.2771635],"faces":{"east":{"uv":[4.3125,8.8125,4.875,8.875],"tintindex":0,"rotation":0,"texture":"#0"},"south":{"uv":[6.0625,8.375,6.1875,8.4375],"tintindex":0,"rotation":0,"texture":"#0"},"north":{"uv":[7.75,6.4375,7.875,6.5],"tintindex":0,"rotation":0,"texture":"#0"},"west":{"uv":[11.4375,0.625,12.0,0.6875],"tintindex":0,"rotation":0,"texture":"#0"},"up":{"uv":[3.4375,14.9375,3.3125,14.375],"tintindex":0,"rotation":0,"texture":"#0"},"down":{"uv":[5.1875,14.375,5.0625,14.9375],"tintindex":0,"rotation":0,"texture":"#0"}}},{"from":[3.6762667,-2.565814,-9.356775],"to":[12.359467,-0.1779337,16.909904],"faces":{"east":{"uv":[14.3125,7.5625,13.0625,7.6875],"tintindex":0,"rotation":0,"texture":"#0"},"south":{"uv":[12.8125,6.6875,12.375,6.8125],"tintindex":0,"rotation":0,"texture":"#0"},"north":{"uv":[12.375,6.6875,11.9375,6.8125],"tintindex":0,"rotation":0,"texture":"#0"},"west":{"uv":[14.0625,2.875,12.8125,3.0],"tintindex":0,"rotation":0,"texture":"#0"},"up":{"uv":[3.875,11.875,4.3125,10.625],"tintindex":0,"rotation":0,"texture":"#0"},"down":{"uv":[4.3125,10.625,4.75,11.875],"tintindex":0,"rotation":0,"texture":"#0"}}},{"from":[4.110427,-1.1809263,12.753645],"to":[11.925306,7.5022736,16.444006],"faces":{"east":{"uv":[13.5,14.0625,13.3125,14.5],"tintindex":0,"rotation":0,"texture":"#0"},"south":{"uv":[1.875,13.4375,1.5,13.875],"tintindex":0,"rotation":0,"texture":"#0"},"north":{"uv":[11.0625,13.375,10.6875,13.8125],"tintindex":0,"rotation":0,"texture":"#0"},"west":{"uv":[12.25,14.0625,12.0625,14.5],"tintindex":0,"rotation":0,"texture":"#0"},"up":{"uv":[3.9375,9.8125,4.3125,9.625],"tintindex":0,"rotation":0,"texture":"#0"},"down":{"uv":[12.3125,4.5625,12.6875,4.75],"tintindex":0,"rotation":0,"texture":"#0"}},"rotation":{"origin":[8.017866,0.6642537,14.164665],"angle":-22.5,"axis":"x"}},{"from":[1.5054655,3.2056322,-9.0963955],"to":[3.6762667,4.073952,3.2771635],"faces":{"east":{"uv":[12.0,0.625,11.4375,0.6875],"tintindex":0,"rotation":0,"texture":"#0"},"south":{"uv":[6.1875,8.375,6.0625,8.4375],"tintindex":0,"rotation":0,"texture":"#0"},"north":{"uv":[7.875,6.4375,7.75,6.5],"tintindex":0,"rotation":0,"texture":"#0"},"west":{"uv":[4.875,8.8125,4.3125,8.875],"tintindex":0,"rotation":0,"texture":"#0"},"up":{"uv":[3.3125,14.9375,3.4375,14.375],"tintindex":0,"rotation":0,"texture":"#0"},"down":{"uv":[5.0625,14.375,5.1875,14.9375],"tintindex":0,"rotation":0,"texture":"#0"}}},{"from":[10.017502,-6.3356094,-9.530556],"to":[14.793262,-1.1256895,3.4942436],"faces":{"east":{"uv":[13.4375,9.1875,14.0625,9.4375],"tintindex":0,"rotation":0,"texture":"#0"},"south":{"uv":[14.3125,13.5625,14.5625,13.8125],"tintindex":0,"rotation":0,"texture":"#0"},"north":{"uv":[13.0625,6.4375,13.3125,6.6875],"tintindex":0,"rotation":0,"texture":"#0"},"west":{"uv":[13.4375,9.8125,14.0625,10.0625],"tintindex":0,"rotation":0,"texture":"#0"},"up":{"uv":[2.375,14.375,2.125,13.75],"tintindex":0,"rotation":0,"texture":"#0"},"down":{"uv":[4.25,13.75,4.0,14.375],"tintindex":0,"rotation":0,"texture":"#0"}},"rotation":{"origin":[1.5513811,0.61095047,2.408844],"angle":22.5,"axis":"z"}},{"from":[1.1620722,-6.3356094,-9.530556],"to":[5.937832,-1.1256895,3.4942436],"faces":{"east":{"uv":[14.0625,9.8125,13.4375,10.0625],"tintindex":0,"rotation":0,"texture":"#0"},"south":{"uv":[14.5625,13.5625,14.3125,13.8125],"tintindex":0,"rotation":0,"texture":"#0"},"north":{"uv":[13.3125,6.4375,13.0625,6.6875],"tintindex":0,"rotation":0,"texture":"#0"},"west":{"uv":[14.0625,9.1875,13.4375,9.4375],"tintindex":0,"rotation":0,"texture":"#0"},"up":{"uv":[2.125,14.375,2.375,13.75],"tintindex":0,"rotation":0,"texture":"#0"},"down":{"uv":[4.0,13.75,4.25,14.375],"tintindex":0,"rotation":0,"texture":"#0"}},"rotation":{"origin":[14.403952,0.61095047,2.408844],"angle":-22.5,"axis":"z"}},{"from":[3.6762667,3.6411405,-6.3196964],"to":[12.359467,9.06814,5.185543],"faces":{"east":{"uv":[13.625,3.3125,14.1875,3.5625],"tintindex":0,"rotation":0,"texture":"#0"},"south":{"uv":[11.3125,2.3125,10.875,2.5625],"tintindex":0,"rotation":0,"texture":"#0"},"north":{"uv":[3.5,9.375,3.0625,9.625],"tintindex":0,"rotation":0,"texture":"#0"},"west":{"uv":[14.1875,3.3125,13.625,3.5625],"tintindex":0,"rotation":0,"texture":"#0"},"up":{"uv":[9.5,4.375,9.9375,3.8125],"tintindex":0,"rotation":0,"texture":"#0"},"down":{"uv":[9.25,12.8125,9.6875,13.375],"tintindex":0,"rotation":0,"texture":"#0"}},"rotation":{"origin":[9.103267,-1.7858601,4.5343037],"angle":-22.5,"axis":"x"}}],"display":{"gui":{"rotation":[30,225,0]}}}