{"textures":{"0":"modelengine:entity/mso_taloc"},"elements":[{"from":[-3.9393997,-11.230774,8.485558],"to":[19.9394,8.9576645,8.485558],"faces":{"south":{"uv":[7.75,0.0,8.875,0.9375],"tintindex":0,"rotation":0,"texture":"#0"},"north":{"uv":[7.6875,0.9375,8.8125,1.875],"tintindex":0,"rotation":0,"texture":"#0"}}}],"display":{"gui":{"rotation":[30,225,0]}}}