{"textures":{"0":"modelengine:entity/mso_taloc"},"elements":[{"from":[1.9217606,-5.0550995,2.3559198],"to":[14.078239,9.0550995,13.64408],"faces":{"east":{"uv":[14.0625,1.875,14.3125,2.25],"tintindex":0,"rotation":0,"texture":"#0"},"south":{"uv":[2.875,14.0,3.1875,14.375],"tintindex":0,"rotation":0,"texture":"#0"},"north":{"uv":[2.5625,14.0,2.875,14.375],"tintindex":0,"rotation":0,"texture":"#0"},"west":{"uv":[14.0625,4.875,14.3125,5.25],"tintindex":0,"rotation":0,"texture":"#0"},"up":{"uv":[14.5,7.3125,14.1875,7.0625],"tintindex":0,"rotation":0,"texture":"#0"},"down":{"uv":[8.375,14.1875,8.0625,14.4375],"tintindex":0,"rotation":0,"texture":"#0"}}}],"display":{"gui":{"rotation":[30,225,0]}}}