{"textures":{"0":"modelengine:entity/mso_taloc"},"elements":[{"from":[1.596138,-8.683201,2.3559208],"to":[14.403862,8.683201,13.644081],"faces":{"east":{"uv":[5.6875,13.9375,5.4375,14.375],"tintindex":0,"rotation":0,"texture":"#0"},"south":{"uv":[8.375,13.75,8.0625,14.1875],"tintindex":0,"rotation":0,"texture":"#0"},"north":{"uv":[14.0625,5.0,13.75,5.4375],"tintindex":0,"rotation":0,"texture":"#0"},"west":{"uv":[8.9375,13.875,8.6875,14.3125],"tintindex":0,"rotation":0,"texture":"#0"},"up":{"uv":[14.0625,9.4375,14.375,9.1875],"tintindex":0,"rotation":0,"texture":"#0"},"down":{"uv":[14.125,2.8125,14.4375,3.0625],"tintindex":0,"rotation":0,"texture":"#0"}}}],"display":{"gui":{"rotation":[30,225,0]}}}