{"textures":{"0":"modelengine:entity/mso_taloc"},"elements":[{"from":[-2.1326494,8.248383,0.036907673],"to":[-0.6362457,12.8056135,7.0428033],"faces":{"east":{"uv":[13.0625,6.0625,13.625,6.4375],"tintindex":0,"rotation":0,"texture":"#0"},"south":{"uv":[10.5625,14.375,10.4375,14.75],"tintindex":0,"rotation":0,"texture":"#0"},"north":{"uv":[10.4375,14.375,10.3125,14.75],"tintindex":0,"rotation":0,"texture":"#0"},"west":{"uv":[13.625,6.0625,13.0625,6.4375],"tintindex":0,"rotation":0,"texture":"#0"},"up":{"uv":[6.375,2.875,6.5,2.3125],"tintindex":0,"rotation":0,"texture":"#0"},"down":{"uv":[11.375,14.125,11.5,14.6875],"tintindex":0,"rotation":0,"texture":"#0"}},"rotation":{"origin":[15.61808,17.34547,9.76879],"angle":-45.0,"axis":"y"}},{"from":[-2.1326494,18.04303,2.3495336],"to":[-0.6362457,23.008377,7.450914],"faces":{"east":{"uv":[13.5625,13.5625,13.9375,13.9375],"tintindex":0,"rotation":0,"texture":"#0"},"south":{"uv":[0.4375,11.9375,0.3125,12.3125],"tintindex":0,"rotation":0,"texture":"#0"},"north":{"uv":[0.9375,8.625,0.8125,9.0],"tintindex":0,"rotation":0,"texture":"#0"},"west":{"uv":[13.9375,13.5625,13.5625,13.9375],"tintindex":0,"rotation":0,"texture":"#0"},"up":{"uv":[8.5625,13.75,8.6875,13.375],"tintindex":0,"rotation":0,"texture":"#0"},"down":{"uv":[9.6875,14.375,9.8125,14.75],"tintindex":0,"rotation":0,"texture":"#0"}},"rotation":{"origin":[15.61808,17.34547,9.76879],"angle":-45.0,"axis":"y"}},{"from":[8.317412,6.7519784,-3.9564505],"to":[13.282755,27.157497,7.0625305],"faces":{"east":{"uv":[4.9375,6.375,5.75,7.9375],"tintindex":0,"rotation":0,"texture":"#0"},"south":{"uv":[8.5625,10.1875,8.9375,11.75],"tintindex":0,"rotation":0,"texture":"#0"},"north":{"uv":[8.1875,10.1875,8.5625,11.75],"tintindex":0,"rotation":0,"texture":"#0"},"west":{"uv":[7.3125,2.3125,6.5,3.875],"tintindex":0,"rotation":0,"texture":"#0"},"up":{"uv":[12.25,12.9375,11.875,12.125],"tintindex":0,"rotation":0,"texture":"#0"},"down":{"uv":[7.125,12.1875,6.75,13.0],"tintindex":0,"rotation":0,"texture":"#0"}},"rotation":{"origin":[15.61808,17.34547,9.76879],"angle":45.0,"axis":"y"}},{"from":[-2.1326494,13.145706,0.71709156],"to":[-0.6362457,17.702942,7.0428033],"faces":{"east":{"uv":[4.0,13.375,4.5,13.75],"tintindex":0,"rotation":0,"texture":"#0"},"south":{"uv":[11.3125,14.375,11.1875,14.75],"tintindex":0,"rotation":0,"texture":"#0"},"north":{"uv":[11.1875,14.375,11.0625,14.75],"tintindex":0,"rotation":0,"texture":"#0"},"west":{"uv":[4.5,13.375,4.0,13.75],"tintindex":0,"rotation":0,"texture":"#0"},"up":{"uv":[9.875,5.9375,10.0,5.4375],"tintindex":0,"rotation":0,"texture":"#0"},"down":{"uv":[0.5,14.25,0.625,14.75],"tintindex":0,"rotation":0,"texture":"#0"}},"rotation":{"origin":[15.61808,17.34547,9.76879],"angle":-45.0,"axis":"y"}},{"from":[0.019020557,8.112346,0.22768307],"to":[2.5357022,23.416485,11.246665],"faces":{"east":{"uv":[8.6875,6.875,9.5,8.0],"tintindex":0,"rotation":0,"texture":"#0"},"south":{"uv":[5.125,12.875,5.3125,14.0],"tintindex":0,"rotation":0,"texture":"#0"},"north":{"uv":[7.875,12.75,8.0625,13.875],"tintindex":0,"rotation":0,"texture":"#0"},"west":{"uv":[4.3125,8.5,3.5,9.625],"tintindex":0,"rotation":0,"texture":"#0"},"up":{"uv":[0.8125,14.3125,0.625,13.5],"tintindex":0,"rotation":0,"texture":"#0"},"down":{"uv":[6.375,13.5,6.1875,14.3125],"tintindex":0,"rotation":0,"texture":"#0"}},"rotation":{"origin":[15.61808,17.34547,9.76879],"angle":-22.5,"axis":"y"}}],"display":{"gui":{"rotation":[30,225,0]}}}