{"textures":{"0":"modelengine:entity/mso_taloc"},"elements":[{"from":[6.39859,-13.8246765,-9.44455],"to":[9.958702,8.304459,25.444548],"faces":{"east":{"uv":[3.5,11.125,2.6875,11.6875],"tintindex":0,"rotation":0,"texture":"#0"},"south":{"uv":[8.0625,14.375,7.9375,14.9375],"tintindex":0,"rotation":0,"texture":"#0"},"north":{"uv":[7.9375,14.375,7.8125,14.9375],"tintindex":0,"rotation":0,"texture":"#0"},"west":{"uv":[11.875,6.875,11.0625,7.4375],"tintindex":0,"rotation":0,"texture":"#0"},"up":{"uv":[6.5625,14.875,6.6875,14.0625],"tintindex":0,"rotation":0,"texture":"#0"},"down":{"uv":[3.5,14.125,3.625,14.9375],"tintindex":0,"rotation":0,"texture":"#0"}},"rotation":{"origin":[8.178646,7.2255707,8.0],"angle":22.5,"axis":"z"}}],"display":{"gui":{"rotation":[30,225,0]}}}