{"textures":{"0":"modelengine:entity/mso_taloc"},"elements":[{"from":[6.812462,-5.12973,-8.498081],"to":[16.581055,18.31491,24.49808],"faces":{"east":{"uv":[11.25,10.125,12.0625,10.6875],"tintindex":0,"rotation":0,"texture":"#0"},"south":{"uv":[9.5,13.75,9.75,14.3125],"tintindex":0,"rotation":0,"texture":"#0"},"north":{"uv":[4.25,13.75,4.5,14.3125],"tintindex":0,"rotation":0,"texture":"#0"},"west":{"uv":[11.3125,0.6875,12.125,1.25],"tintindex":0,"rotation":0,"texture":"#0"},"up":{"uv":[13.5625,12.875,13.3125,12.0625],"tintindex":0,"rotation":0,"texture":"#0"},"down":{"uv":[13.5625,13.25,13.3125,14.0625],"tintindex":0,"rotation":0,"texture":"#0"}},"rotation":{"origin":[5.835602,7.780472,8.0],"angle":22.5,"axis":"z"}},{"from":[-1.8707428,-8.50053,-10.23472],"to":[13.541939,8.865868,26.23472],"faces":{"east":{"uv":[3.875,11.875,4.75,12.3125],"tintindex":0,"rotation":0,"texture":"#0"},"south":{"uv":[5.8125,13.5,6.1875,13.9375],"tintindex":0,"rotation":0,"texture":"#0"},"north":{"uv":[5.4375,13.5,5.8125,13.9375],"tintindex":0,"rotation":0,"texture":"#0"},"west":{"uv":[11.875,11.6875,12.75,12.125],"tintindex":0,"rotation":0,"texture":"#0"},"up":{"uv":[12.3125,6.6875,11.9375,5.8125],"tintindex":0,"rotation":0,"texture":"#0"},"down":{"uv":[9.6875,11.9375,9.3125,12.8125],"tintindex":0,"rotation":0,"texture":"#0"}}}],"display":{"gui":{"rotation":[30,225,0]}}}