{"textures":{"0":"modelengine:entity/mso_taloc"},"elements":[{"from":[7.0593204,-1.6698437,1.2958841],"to":[8.9406805,0.23725986,3.032524],"faces":{"east":{"uv":[3.4375,13.5625,3.3125,13.6875],"tintindex":0,"rotation":0,"texture":"#0"},"south":{"uv":[1.25,13.5625,1.125,13.6875],"tintindex":0,"rotation":0,"texture":"#0"},"north":{"uv":[9.875,13.375,9.75,13.5],"tintindex":0,"rotation":0,"texture":"#0"},"west":{"uv":[13.5625,10.0625,13.4375,10.1875],"tintindex":0,"rotation":0,"texture":"#0"},"up":{"uv":[13.875,4.5625,14.0,4.4375],"tintindex":0,"rotation":0,"texture":"#0"},"down":{"uv":[13.9375,1.875,14.0625,2.0],"tintindex":0,"rotation":0,"texture":"#0"}},"rotation":{"origin":[8.0,-1.8249998,2.0918436],"angle":-22.5,"axis":"x"}},{"from":[5.2503195,-7.1434593,5.709844],"to":[10.7496805,-4.82794,12.077525],"faces":{"east":{"uv":[14.5625,11.875,14.125,12.0625],"tintindex":0,"rotation":0,"texture":"#0"},"south":{"uv":[14.6875,0.75,14.3125,0.9375],"tintindex":0,"rotation":0,"texture":"#0"},"north":{"uv":[14.6875,0.5625,14.3125,0.75],"tintindex":0,"rotation":0,"texture":"#0"},"west":{"uv":[14.5,5.25,14.0625,5.4375],"tintindex":0,"rotation":0,"texture":"#0"},"up":{"uv":[13.3125,5.0,13.6875,4.5625],"tintindex":0,"rotation":0,"texture":"#0"},"down":{"uv":[13.3125,6.4375,13.6875,6.875],"tintindex":0,"rotation":0,"texture":"#0"}}},{"from":[5.498205,7.007164,-0.15131569],"to":[9.910432,8.834767,2.03584],"faces":{"east":{"uv":[13.1875,0.5625,13.0,0.6875],"tintindex":0,"rotation":0,"texture":"#0"},"south":{"uv":[13.75,7.6875,13.4375,7.8125],"tintindex":0,"rotation":0,"texture":"#0"},"north":{"uv":[13.0625,10.1875,12.75,10.3125],"tintindex":0,"rotation":0,"texture":"#0"},"west":{"uv":[12.75,2.25,12.5625,2.375],"tintindex":0,"rotation":0,"texture":"#0"},"up":{"uv":[14.375,6.25,14.6875,6.0625],"tintindex":0,"rotation":0,"texture":"#0"},"down":{"uv":[14.375,6.8125,14.6875,7.0],"tintindex":0,"rotation":0,"texture":"#0"}},"rotation":{"origin":[8.0,7.207128,0.9784417],"angle":-22.5,"axis":"z"}},{"from":[5.6121197,6.434476,-0.29603577],"to":[10.38788,7.9797797,2.2529202],"faces":{"east":{"uv":[13.625,9.4375,13.4375,9.5625],"tintindex":0,"rotation":0,"texture":"#0"},"south":{"uv":[14.875,4.9375,14.5,5.0625],"tintindex":0,"rotation":0,"texture":"#0"},"north":{"uv":[14.875,4.8125,14.5,4.9375],"tintindex":0,"rotation":0,"texture":"#0"},"west":{"uv":[13.5625,8.4375,13.375,8.5625],"tintindex":0,"rotation":0,"texture":"#0"},"up":{"uv":[14.25,6.6875,14.625,6.5],"tintindex":0,"rotation":0,"texture":"#0"},"down":{"uv":[14.25,11.0,14.625,11.1875],"tintindex":0,"rotation":0,"texture":"#0"}}},{"from":[4.52672,4.21706,3.5390444],"to":[11.473281,8.34158,12.366964],"faces":{"east":{"uv":[13.8125,2.5625,13.1875,2.875],"tintindex":0,"rotation":0,"texture":"#0"},"south":{"uv":[14.0625,13.25,13.5625,13.5625],"tintindex":0,"rotation":0,"texture":"#0"},"north":{"uv":[14.0625,12.375,13.5625,12.6875],"tintindex":0,"rotation":0,"texture":"#0"},"west":{"uv":[13.8125,2.25,13.1875,2.5625],"tintindex":0,"rotation":0,"texture":"#0"},"up":{"uv":[11.9375,11.3125,12.4375,10.6875],"tintindex":0,"rotation":0,"texture":"#0"},"down":{"uv":[1.875,12.0,2.375,12.625],"tintindex":0,"rotation":0,"texture":"#0"}}},{"from":[4.88852,-6.0580597,6.288724],"to":[11.111481,-1.4270201,12.945845],"faces":{"east":{"uv":[13.5,0.0,14.0,0.3125],"tintindex":0,"rotation":0,"texture":"#0"},"south":{"uv":[14.0625,5.9375,13.625,6.25],"tintindex":0,"rotation":0,"texture":"#0"},"north":{"uv":[10.0625,1.75,9.625,2.0625],"tintindex":0,"rotation":0,"texture":"#0"},"west":{"uv":[14.0,0.0,13.5,0.3125],"tintindex":0,"rotation":0,"texture":"#0"},"up":{"uv":[9.0625,3.4375,9.5,2.9375],"tintindex":0,"rotation":0,"texture":"#0"},"down":{"uv":[12.875,4.5625,13.3125,5.0625],"tintindex":0,"rotation":0,"texture":"#0"}},"rotation":{"origin":[8.0,-4.1766996,8.893684],"angle":22.5,"axis":"x"}},{"from":[4.52672,-5.0976925,5.1309643],"to":[11.473281,1.3226595,13.703312],"faces":{"east":{"uv":[4.5,12.625,5.125,13.0625],"tintindex":0,"rotation":0,"texture":"#0"},"south":{"uv":[6.5625,7.9375,6.0625,8.375],"tintindex":0,"rotation":0,"texture":"#0"},"north":{"uv":[2.9375,7.875,2.4375,8.3125],"tintindex":0,"rotation":0,"texture":"#0"},"west":{"uv":[5.125,12.625,4.5,13.0625],"tintindex":0,"rotation":0,"texture":"#0"},"up":{"uv":[12.125,4.25,12.625,3.625],"tintindex":0,"rotation":0,"texture":"#0"},"down":{"uv":[12.3125,2.375,12.8125,3.0],"tintindex":0,"rotation":0,"texture":"#0"}},"rotation":{"origin":[8.0,-4.1766996,8.893684],"angle":-22.5,"axis":"x"}},{"from":[4.16492,-0.63105965,3.1772442],"to":[11.835081,4.21706,12.7287655],"faces":{"east":{"uv":[13.4375,9.8125,12.75,10.1875],"tintindex":0,"rotation":0,"texture":"#0"},"south":{"uv":[13.4375,9.8125,12.75,10.1875],"tintindex":0,"rotation":0,"texture":"#0"},"north":{"uv":[13.5625,1.0,13.0,1.375],"tintindex":0,"rotation":0,"texture":"#0"},"west":{"uv":[13.4375,9.8125,12.75,10.1875],"tintindex":0,"rotation":0,"texture":"#0"},"up":{"uv":[6.1875,12.4375,6.75,11.75],"tintindex":0,"rotation":0,"texture":"#0"},"down":{"uv":[10.25,11.8125,10.8125,12.5],"tintindex":0,"rotation":0,"texture":"#0"}}},{"from":[7.0593204,2.256575,-0.35721207],"to":[8.9406805,4.1636796,2.1030273],"faces":{"east":{"uv":[1.125,6.0,0.9375,6.125],"tintindex":0,"rotation":0,"texture":"#0"},"south":{"uv":[10.5,0.8125,10.375,0.9375],"tintindex":0,"rotation":0,"texture":"#0"},"north":{"uv":[7.375,3.875,7.25,4.0],"tintindex":0,"rotation":0,"texture":"#0"},"west":{"uv":[1.8125,4.5625,1.625,4.6875],"tintindex":0,"rotation":0,"texture":"#0"},"up":{"uv":[6.375,3.0625,6.5,2.875],"tintindex":0,"rotation":0,"texture":"#0"},"down":{"uv":[9.4375,10.625,9.5625,10.8125],"tintindex":0,"rotation":0,"texture":"#0"}},"rotation":{"origin":[8.0,2.4865274,0.14930725],"angle":-45.0,"axis":"x"}},{"from":[7.0593204,-5.9033575,1.9839897],"to":[8.9406805,-3.996254,4.44423],"faces":{"east":{"uv":[5.6875,12.3125,5.5,12.4375],"tintindex":0,"rotation":0,"texture":"#0"},"south":{"uv":[14.3125,13.0,14.1875,13.125],"tintindex":0,"rotation":0,"texture":"#0"},"north":{"uv":[3.3125,14.0,3.1875,14.125],"tintindex":0,"rotation":0,"texture":"#0"},"west":{"uv":[10.4375,9.25,10.25,9.375],"tintindex":0,"rotation":0,"texture":"#0"},"up":{"uv":[5.6875,10.875,5.8125,10.6875],"tintindex":0,"rotation":0,"texture":"#0"},"down":{"uv":[1.375,13.6875,1.5,13.875],"tintindex":0,"rotation":0,"texture":"#0"}}},{"from":[4.52672,-10.037861,6.795244],"to":[11.473281,-6.275139,10.992125],"faces":{"east":{"uv":[7.0,14.125,6.6875,14.375],"tintindex":0,"rotation":0,"texture":"#0"},"south":{"uv":[14.25,7.6875,13.75,7.9375],"tintindex":0,"rotation":0,"texture":"#0"},"north":{"uv":[14.25,0.3125,13.75,0.5625],"tintindex":0,"rotation":0,"texture":"#0"},"west":{"uv":[7.0,14.125,6.6875,14.375],"tintindex":0,"rotation":0,"texture":"#0"},"up":{"uv":[13.5625,1.3125,14.0625,1.0],"tintindex":0,"rotation":0,"texture":"#0"},"down":{"uv":[13.5625,12.0625,14.0625,12.375],"tintindex":0,"rotation":0,"texture":"#0"}}},{"from":[4.6714406,-9.422096,6.04119],"to":[11.328561,-6.0935364,7.77783],"faces":{"east":{"uv":[11.875,12.625,11.75,12.875],"tintindex":0,"rotation":0,"texture":"#0"},"south":{"uv":[14.375,8.5625,13.875,8.8125],"tintindex":0,"rotation":0,"texture":"#0"},"north":{"uv":[14.375,8.3125,13.875,8.5625],"tintindex":0,"rotation":0,"texture":"#0"},"west":{"uv":[9.4375,11.625,9.3125,11.875],"tintindex":0,"rotation":0,"texture":"#0"},"up":{"uv":[9.875,0.9375,10.375,0.8125],"tintindex":0,"rotation":0,"texture":"#0"},"down":{"uv":[10.75,0.6875,11.25,0.8125],"tintindex":0,"rotation":0,"texture":"#0"}},"rotation":{"origin":[8.0,-8.119617,7.85019],"angle":-22.5,"axis":"x"}},{"from":[5.6121197,-7.8670607,4.2626443],"to":[10.38788,-4.46614,5.709844],"faces":{"east":{"uv":[14.625,7.0,14.5,7.25],"tintindex":0,"rotation":0,"texture":"#0"},"south":{"uv":[12.25,7.1875,11.875,7.4375],"tintindex":0,"rotation":0,"texture":"#0"},"north":{"uv":[10.875,1.5,10.5,1.75],"tintindex":0,"rotation":0,"texture":"#0"},