{"textures":{"0":"modelengine:entity/mso_taloc"},"elements":[{"from":[-1.0088196,-0.30330658,-1.3344402],"to":[17.00882,16.303314,17.33444],"faces":{"east":{"uv":[10.5,0.9375,9.625,1.75],"tintindex":0,"rotation":0,"texture":"#0"},"south":{"uv":[9.9375,4.625,10.8125,5.4375],"tintindex":0,"rotation":0,"texture":"#0"},"north":{"uv":[10.8125,4.625,9.9375,5.4375],"tintindex":0,"rotation":0,"texture":"#0"},"west":{"uv":[10.4375,9.375,9.5625,10.1875],"tintindex":0,"rotation":0,"texture":"#0"},"up":{"uv":[9.5,3.8125,10.375,2.9375],"tintindex":0,"rotation":0,"texture":"#0"},"down":{"uv":[9.5,6.8125,10.375,7.6875],"tintindex":0,"rotation":0,"texture":"#0"}}},{"from":[-3.7223206,-14.196426,0.83636],"to":[9.95372,11.961716,15.16364],"faces":{"east":{"uv":[8.1875,9.125,7.5,10.375],"tintindex":0,"rotation":0,"texture":"#0"},"south":{"uv":[9.5625,9.375,8.9375,10.625],"tintindex":0,"rotation":0,"texture":"#0"},"north":{"uv":[3.0625,9.375,2.4375,10.625],"tintindex":0,"rotation":0,"texture":"#0"},"west":{"uv":[7.5,9.125,6.8125,10.375],"tintindex":0,"rotation":0,"texture":"#0"},"up":{"uv":[11.3125,3.0,11.9375,2.3125],"tintindex":0,"rotation":0,"texture":"#0"},"down":{"uv":[11.3125,3.0,11.9375,3.6875],"tintindex":0,"rotation":0,"texture":"#0"}}}],"display":{"gui":{"rotation":[30,225,0]}}}