{"textures":{"0":"modelengine:entity/mso_taloc"},"elements":[{"from":[4.671439,-9.422096,6.04119],"to":[11.32856,-6.0935364,7.77783],"faces":{"east":{"uv":[9.3125,11.625,9.4375,11.875],"tintindex":0,"rotation":0,"texture":"#0"},"south":{"uv":[13.875,8.5625,14.375,8.8125],"tintindex":0,"rotation":0,"texture":"#0"},"north":{"uv":[13.875,8.3125,14.375,8.5625],"tintindex":0,"rotation":0,"texture":"#0"},"west":{"uv":[11.75,12.625,11.875,12.875],"tintindex":0,"rotation":0,"texture":"#0"},"up":{"uv":[10.375,0.9375,9.875,0.8125],"tintindex":0,"rotation":0,"texture":"#0"},"down":{"uv":[11.25,0.6875,10.75,0.8125],"tintindex":0,"rotation":0,"texture":"#0"}},"rotation":{"origin":[8.0,-8.119617,7.85019],"angle":-22.5,"axis":"x"}},{"from":[4.5267196,-5.0976925,5.1309643],"to":[11.47328,1.3226595,13.703312],"faces":{"east":{"uv":[4.5,12.625,5.125,13.0625],"tintindex":0,"rotation":0,"texture":"#0"},"south":{"uv":[6.0625,7.9375,6.5625,8.375],"tintindex":0,"rotation":0,"texture":"#0"},"north":{"uv":[2.4375,7.875,2.9375,8.3125],"tintindex":0,"rotation":0,"texture":"#0"},"west":{"uv":[5.125,12.625,4.5,13.0625],"tintindex":0,"rotation":0,"texture":"#0"},"up":{"uv":[12.625,4.25,12.125,3.625],"tintindex":0,"rotation":0,"texture":"#0"},"down":{"uv":[12.8125,2.375,12.3125,3.0],"tintindex":0,"rotation":0,"texture":"#0"}},"rotation":{"origin":[8.0,-4.1766996,8.893684],"angle":-22.5,"axis":"x"}},{"from":[6.0895677,7.007164,-0.15131569],"to":[10.501795,8.834767,2.03584],"faces":{"east":{"uv":[12.5625,2.25,12.75,2.375],"tintindex":0,"rotation":0,"texture":"#0"},"south":{"uv":[13.4375,7.6875,13.75,7.8125],"tintindex":0,"rotation":0,"texture":"#0"},"north":{"uv":[12.75,10.1875,13.0625,10.3125],"tintindex":0,"rotation":0,"texture":"#0"},"west":{"uv":[13.0,0.5625,13.1875,0.6875],"tintindex":0,"rotation":0,"texture":"#0"},"up":{"uv":[14.6875,6.25,14.375,6.0625],"tintindex":0,"rotation":0,"texture":"#0"},"down":{"uv":[14.6875,6.8125,14.375,7.0],"tintindex":0,"rotation":0,"texture":"#0"}},"rotation":{"origin":[8.0,7.207128,0.9784417],"angle":22.5,"axis":"z"}},{"from":[5.6121197,6.434476,-0.29603577],"to":[10.38788,7.9797797,2.2529202],"faces":{"east":{"uv":[13.375,8.4375,13.5625,8.5625],"tintindex":0,"rotation":0,"texture":"#0"},"south":{"uv":[14.5,4.9375,14.875,5.0625],"tintindex":0,"rotation":0,"texture":"#0"},"north":{"uv":[14.5,4.8125,14.875,4.9375],"tintindex":0,"rotation":0,"texture":"#0"},"west":{"uv":[13.4375,9.4375,13.625,9.5625],"tintindex":0,"rotation":0,"texture":"#0"},"up":{"uv":[14.625,6.6875,14.25,6.5],"tintindex":0,"rotation":0,"texture":"#0"},"down":{"uv":[14.625,11.0,14.25,11.1875],"tintindex":0,"rotation":0,"texture":"#0"}}},{"from":[4.5267196,-10.037861,6.795244],"to":[11.47328,-6.275139,10.992125],"faces":{"east":{"uv":[6.6875,14.125,7.0,14.375],"tintindex":0,"rotation":0,"texture":"#0"},"south":{"uv":[13.75,7.6875,14.25,7.9375],"tintindex":0,"rotation":0,"texture":"#0"},"north":{"uv":[13.75,0.3125,14.25,0.5625],"tintindex":0,"rotation":0,"texture":"#0"},"west":{"uv":[6.6875,14.125,7.0,14.375],"tintindex":0,"rotation":0,"texture":"#0"},"up":{"uv":[14.0625,1.3125,13.5625,1.0],"tintindex":0,"rotation":0,"texture":"#0"},"down":{"uv":[14.0625,12.0625,13.5625,12.375],"tintindex":0,"rotation":0,"texture":"#0"}}},{"from":[5.6121197,-7.8670607,4.2626443],"to":[10.38788,-4.46614,5.709844],"faces":{"east":{"uv":[1.3125,14.5,1.4375,14.75],"tintindex":0,"rotation":0,"texture":"#0"},"south":{"uv":[11.875,7.1875,12.25,7.4375],"tintindex":0,"rotation":0,"texture":"#0"},"north":{"uv":[10.5,1.5,10.875,1.75],"tintindex":0,"rotation":0,"texture":"#0"},"west":{"uv":[14.5,7.0,14.625,7.25],"tintindex":0,"rotation":0,"texture":"#0"},"up":{"uv":[14.875,2.75,14.5,2.625],"tintindex":0,"rotation":0,"texture":"#0"},"down":{"uv":[14.875,4.6875,14.5,4.8125],"tintindex":0,"rotation":0,"texture":"#0"}}},{"from":[7.05932,-5.9033575,1.9839897],"to":[8.94068,-3.996254,4.44423],"faces":{"east":{"uv":[10.25,9.25,10.4375,9.375],"tintindex":0,"rotation":0,"texture":"#0"},"south":{"uv":[14.1875,13.0,14.3125,13.125],"tintindex":0,"rotation":0,"texture":"#0"},"north":{"uv":[3.1875,14.0,3.3125,14.125],"tintindex":0,"rotation":0,"texture":"#0"},"west":{"uv":[5.5,12.3125,5.6875,12.4375],"tintindex":0,"rotation":0,"texture":"#0"},"up":{"uv":[5.8125,10.875,5.6875,10.6875],"tintindex":0,"rotation":0,"texture":"#0"},"down":{"uv":[1.5,13.6875,1.375,13.875],"tintindex":0,"rotation":0,"texture":"#0"}}},{"from":[7.05932,-1.6698437,1.2958841],"to":[8.94068,0.23725986,3.032524],"faces":{"east":{"uv":[13.4375,10.0625,13.5625,10.1875],"tintindex":0,"rotation":0,"texture":"#0"},"south":{"uv":[1.125,13.5625,1.25,13.6875],"tintindex":0,"rotation":0,"texture":"#0"},"north":{"uv":[9.75,13.375,9.875,13.5],"tintindex":0,"rotation":0,"texture":"#0"},"west":{"uv":[3.3125,13.5625,3.4375,13.6875],"tintindex":0,"rotation":0,"texture":"#0"},"up":{"uv":[14.0,4.5625,13.875,4.4375],"tintindex":0,"rotation":0,"texture":"#0"},"down":{"uv":[14.0625,1.875,13.9375,2.0],"tintindex":0,"rotation":0,"texture":"#0"}},"rotation":{"origin":[8.0,-1.8249998,2.0918436],"angle":-22.5,"axis":"x"}},{"from":[5.2503195,-5.2878447,3.032524],"to":[10.7496805,6.7496605,5.87092],"faces":{"east":{"uv":[7.5,13.375,7.6875,14.25],"tintindex":0,"rotation":0,"texture":"#0"},"south":{"uv":[11.9375,2.375,12.3125,3.25],"tintindex":0,"rotation":0,"texture":"#0"},"north":{"uv":[1.5,11.9375,1.875,12.8125],"tintindex":0,"rotation":0,"texture":"#0"},"west":{"uv":[7.6875,13.375,7.875,14.25],"tintindex":0,"rotation":0,"texture":"#0"},"up":{"uv":[12.6875,8.75,12.3125,8.5625],"tintindex":0,"rotation":0,"texture":"#0"},"down":{"uv":[13.0,4.0625,12.625,4.25],"tintindex":0,"rotation":0,"texture":"#0"}},"rotation":{"origin":[8.0,-1.8249998,2.0918436],"angle":-22.5,"axis":"x"}},{"from":[5.2503195,-7.1434593,5.709844],"to":[10.7496805,-4.82794,12.077525],"faces":{"east":{"uv":[14.0625,5.25,14.5,5.4375],"tintindex":0,"rotation":0,"texture":"#0"},"south":{"uv":[14.3125,0.75,14.6875,0.9375],"tintindex":0,"rotation":0,"texture":"#0"},"north":{"uv":[14.3125,0.5625,14.6875,0.75],"tintindex":0,"rotation":0,"texture":"#0"},"west":{"uv":[14.125,11.875,14.5625,12.0625],"tintindex":0,"rotation":0,"texture":"#0"},"up":{"uv":[13.6875,5.0,13.3125,4.5625],"tintindex":0,"rotation":0,"texture":"#0"},"down":{"uv":[13.6875,6.4375,13.3125,6.875],"tintindex":0,"rotation":0,"texture":"#0"}}},{"from":[4.16492,-0.63105965,3.1772442],"to":[11.83508,4.21706,12.7287655],"faces":{"east":{"uv":[12.75,9.8125,13.4375,10.1875],"tintindex":0,"rotation":0,"texture":"#0"},"south":{"uv":[12.75,9.8125,13.4375,10.1875],"tintindex":0,"rotation":0,"texture":"#0"},"north":{"uv":[13.0,1.0,13.5625,1.375],"tintindex":0,"rotation":0,"texture":"#0"},"west":{"uv":[12.75,9.8125,13.4375,10.1875],"tintindex":0,"rotation":0,"texture":"#0"},"up":{"uv":[6.75,12.4375,6.1875,11.75],"tintindex":0,"rotation":0,"texture":"#0"},"down":{"uv":[10.8125,11.8125,10.25,12.5],"tintindex":0,"rotation":0,"texture":"#0"}}},{"from":[4.5267196,4.21706,3.5390444],"to":[11.47328,8.34158,12.366964],"faces":{"east":{"uv":[13.1875,2.25,13.8125,2.5625],"tintindex":0,"rotation":0,"texture":"#0"},"south":{"uv":[13.5625,13.25,14.0625,13.5625],"tintindex":0,"rotation":0,"texture":"#0"},"north":{"uv":[13.5625,12.375,14.0625,12.6875],"tintindex":0,"rotation":0,"texture":"#0"},"west":{"uv":[13.1875,2.5625,13.8125,2.875],"tintindex":0,"rotation":0,"texture":"#0"},"up":{"uv":[12.4375,11.3125,11.9375,10.6875],"tintindex":0,"rotation":0,"texture":"#0"},"down":{"uv":[2.375,12.0,1.875,12.625],"tintindex":0,"rotation":0,"texture":"#0"}}},{"from":[7.05932,2.256575,-0.35721207],"to":[8.94068,4.1636796,2.1030273],"faces":{"east":{"uv":[1.625,4.5625,1.8125,4.6875],"tintindex":0,"rotation":0,"texture":"#0"},"south":{"uv":[10.375,0.8125,10.5,0.9375],"tintindex":0,"rotation":0,"texture":"#0"},"north":{"uv":[7.25,3.875,7.375,4.0],"tintindex":0,"rotation":0,"texture":"#0"},"west":{"uv":[0.9375,6.0,1.125,6.125],"tintindex":0,"rotation":0,"texture":"#0"},