{"textures":{"0":"modelengine:entity/mso_taloc"},"elements":[{"from":[7.696678,1.8773117,-1.3344402],"to":[18.116516,8.389713,17.33444],"faces":{"east":{"uv":[13.4375,1.625,12.5625,1.9375],"tintindex":0,"rotation":0,"texture":"#0"},"south":{"uv":[13.9375,1.6875,13.4375,2.0],"tintindex":0,"rotation":0,"texture":"#0"},"north":{"uv":[13.0625,13.375,12.5625,13.6875],"tintindex":0,"rotation":0,"texture":"#0"},"west":{"uv":[13.3125,11.0,12.4375,11.3125],"tintindex":0,"rotation":0,"texture":"#0"},"up":{"uv":[6.25,11.75,6.75,10.875],"tintindex":0,"rotation":0,"texture":"#0"},"down":{"uv":[10.5625,10.9375,11.0625,11.8125],"tintindex":0,"rotation":0,"texture":"#0"}}},{"from":[-5.111042,-2.6813698,3.2242403],"to":[0.31595612,9.909271,12.775761],"faces":{"east":{"uv":[13.0625,7.1875,12.625,7.8125],"tintindex":0,"rotation":0,"texture":"#0"},"south":{"uv":[11.5625,13.5,11.3125,14.125],"tintindex":0,"rotation":0,"texture":"#0"},"north":{"uv":[11.3125,13.5,11.0625,14.125],"tintindex":0,"rotation":0,"texture":"#0"},"west":{"uv":[13.0625,6.0625,12.625,6.6875],"tintindex":0,"rotation":0,"texture":"#0"},"up":{"uv":[8.6875,8.4375,8.9375,8.0],"tintindex":0,"rotation":0,"texture":"#0"},"down":{"uv":[13.875,4.0,14.125,4.4375],"tintindex":0,"rotation":0,"texture":"#0"}},"rotation":{"origin":[9.107697,5.1335106,8.0],"angle":-22.5,"axis":"z"}},{"from":[-3.157322,1.6602325,-1.1173601],"to":[8.999157,7.738472,17.11736],"faces":{"east":{"uv":[13.625,8.875,12.75,9.1875],"tintindex":0,"rotation":0,"texture":"#0"},"south":{"uv":[14.0,1.375,13.4375,1.6875],"tintindex":0,"rotation":0,"texture":"#0"},"north":{"uv":[13.875,6.875,13.3125,7.1875],"tintindex":0,"rotation":0,"texture":"#0"},"west":{"uv":[13.625,8.5625,12.75,8.875],"tintindex":0,"rotation":0,"texture":"#0"},"up":{"uv":[0.4375,11.6875,1.0,10.8125],"tintindex":0,"rotation":0,"texture":"#0"},"down":{"uv":[1.0,10.8125,1.5625,11.6875],"tintindex":0,"rotation":0,"texture":"#0"}},"rotation":{"origin":[9.107697,5.1335106,8.0],"angle":-22.5,"axis":"z"}},{"from":[-2.0719223,12.29715,4.30964],"to":[2.2696762,18.592468,11.69036],"faces":{"east":{"uv":[14.3125,13.5625,13.9375,13.875],"tintindex":0,"rotation":0,"texture":"#0"},"south":{"uv":[6.875,14.375,6.6875,14.6875],"tintindex":0,"rotation":0,"texture":"#0"},"north":{"uv":[6.1875,14.375,6.0,14.6875],"tintindex":0,"rotation":0,"texture":"#0"},"west":{"uv":[13.9375,13.9375,13.5625,14.25],"tintindex":0,"rotation":0,"texture":"#0"},"up":{"uv":[11.5625,13.875,11.75,13.5],"tintindex":0,"rotation":0,"texture":"#0"},"down":{"uv":[2.375,14.25,2.5625,14.625],"tintindex":0,"rotation":0,"texture":"#0"}}},{"from":[-8.473469,-9.016834,5.39504],"to":[-3.731369,5.599758,10.6049595],"faces":{"east":{"uv":[13.3125,13.25,13.0625,13.9375],"tintindex":0,"rotation":0,"texture":"#0"},"south":{"uv":[10.0,13.5,9.75,14.1875],"tintindex":0,"rotation":0,"texture":"#0"},"north":{"uv":[9.1875,13.5,8.9375,14.1875],"tintindex":0,"rotation":0,"texture":"#0"},"west":{"uv":[8.9375,13.1875,8.6875,13.875],"tintindex":0,"rotation":0,"texture":"#0"},"up":{"uv":[3.9375,14.625,4.1875,14.375],"tintindex":0,"rotation":0,"texture":"#0"},"down":{"uv":[14.375,4.0625,14.625,4.3125],"tintindex":0,"rotation":0,"texture":"#0"}},"rotation":{"origin":[-2.1032677,8.132484,8.0],"angle":22.5,"axis":"z"}},{"from":[-2.614624,-13.318287,-1.3344402],"to":[18.116516,-6.805889,17.33444],"faces":{"east":{"uv":[13.4375,1.9375,12.5625,2.25],"tintindex":0,"rotation":0,"texture":"#0"},"south":{"uv":[13.4375,1.9375,12.5625,2.25],"tintindex":0,"rotation":0,"texture":"#0"},"north":{"uv":[13.4375,1.9375,12.5625,2.25],"tintindex":0,"rotation":0,"texture":"#0"},"west":{"uv":[13.4375,1.9375,12.5625,2.25],"tintindex":0,"rotation":0,"texture":"#0"},"up":{"uv":[9.0,6.8125,10.0,5.9375],"tintindex":0,"rotation":0,"texture":"#0"},"down":{"uv":[9.0625,2.0625,10.0625,2.9375],"tintindex":0,"rotation":0,"texture":"#0"}}},{"from":[-2.3975449,-8.108368,-0.2490406],"to":[16.488417,8.389713,16.249039],"faces":{"east":{"uv":[10.875,1.75,10.0625,2.5625],"tintindex":0,"rotation":0,"texture":"#0"},"south":{"uv":[3.0625,9.625,3.9375,10.4375],"tintindex":0,"rotation":0,"texture":"#0"},"north":{"uv":[3.9375,9.625,3.0625,10.4375],"tintindex":0,"rotation":0,"texture":"#0"},"west":{"uv":[1.6875,10.0,0.875,10.8125],"tintindex":0,"rotation":0,"texture":"#0"},"up":{"uv":[9.875,0.8125,10.75,0.0],"tintindex":0,"rotation":0,"texture":"#0"},"down":{"uv":[9.9375,3.8125,10.8125,4.625],"tintindex":0,"rotation":0,"texture":"#0"}}}],"display":{"gui":{"rotation":[30,225,0]}}}