{"textures":{"0":"modelengine:entity/mso_taloc"},"elements":[{"from":[5.4493103,27.466616,-7.6343565],"to":[10.55069,30.06832,2.0582657],"faces":{"east":{"uv":[12.75,5.125,13.75,5.375],"tintindex":0,"rotation":0,"texture":"#0"},"south":{"uv":[13.8125,2.25,14.3125,2.5],"tintindex":0,"rotation":0,"texture":"#0"},"north":{"uv":[13.75,10.9375,14.25,11.1875],"tintindex":0,"rotation":0,"texture":"#0"},"west":{"uv":[12.75,5.375,13.75,5.625],"tintindex":0,"rotation":0,"texture":"#0"},"up":{"uv":[9.4375,11.625,8.9375,10.625],"tintindex":0,"rotation":0,"texture":"#0"},"down":{"uv":[5.25,10.6875,4.75,11.6875],"tintindex":0,"rotation":0,"texture":"#0"}},"rotation":{"origin":[8.0,19.080027,0.95503664],"angle":22.5,"axis":"x"}},{"from":[0.858068,7.791811,-3.973176],"to":[15.141932,14.423605,9.290412],"faces":{"east":{"uv":[8.9375,8.0,10.25,8.6875],"tintindex":0,"rotation":0,"texture":"#0"},"south":{"uv":[7.5,8.4375,8.9375,9.125],"tintindex":0,"rotation":0,"texture":"#0"},"north":{"uv":[6.0625,8.4375,7.5,9.125],"tintindex":0,"rotation":0,"texture":"#0"},"west":{"uv":[8.9375,8.6875,10.25,9.375],"tintindex":0,"rotation":0,"texture":"#0"},"up":{"uv":[3.25,4.6875,1.8125,3.375],"tintindex":0,"rotation":0,"texture":"#0"},"down":{"uv":[4.6875,3.375,3.25,4.6875],"tintindex":0,"rotation":0,"texture":"#0"}}},{"from":[-0.9274149,11.527758,-7.953293],"to":[16.927414,20.81227,10.258634],"faces":{"east":{"uv":[3.5625,2.125,5.375,3.0625],"tintindex":0,"rotation":0,"texture":"#0"},"south":{"uv":[4.6875,3.0625,6.5,4.0],"tintindex":0,"rotation":0,"texture":"#0"},"north":{"uv":[2.25,4.6875,4.0625,5.625],"tintindex":0,"rotation":0,"texture":"#0"},"west":{"uv":[5.375,2.125,3.5625,3.0625],"tintindex":0,"rotation":0,"texture":"#0"},"up":{"uv":[1.8125,1.8125,0.0,0.0],"tintindex":0,"rotation":0,"texture":"#0"},"down":{"uv":[1.8125,1.8125,0.0,3.625],"tintindex":0,"rotation":0,"texture":"#0"}},"rotation":{"origin":[8.0,19.080027,0.95503664],"angle":-22.5,"axis":"x"}},{"from":[1.368206,10.911844,8.843382],"to":[14.631794,20.298384,12.924485],"faces":{"east":{"uv":[2.6875,11.6875,3.125,12.625],"tintindex":0,"rotation":0,"texture":"#0"},"south":{"uv":[6.5625,6.5,7.875,7.4375],"tintindex":0,"rotation":0,"texture":"#0"},"north":{"uv":[6.4375,0.0,7.75,0.9375],"tintindex":0,"rotation":0,"texture":"#0"},"west":{"uv":[4.75,11.6875,5.1875,12.625],"tintindex":0,"rotation":0,"texture":"#0"},"up":{"uv":[11.75,9.6875,10.4375,9.25],"tintindex":0,"rotation":0,"texture":"#0"},"down":{"uv":[11.75,9.6875,10.4375,10.125],"tintindex":0,"rotation":0,"texture":"#0"}},"rotation":{"origin":[8.0,19.080027,0.95503664],"angle":22.5,"axis":"x"}},{"from":[5.653365,10.464666,8.718187],"to":[10.346635,19.377752,12.27698],"faces":{"east":{"uv":[12.25,12.125,12.625,13.0],"tintindex":0,"rotation":0,"texture":"#0"},"south":{"uv":[11.4375,1.25,11.9375,2.125],"tintindex":0,"rotation":0,"texture":"#0"},"north":{"uv":[7.625,11.1875,8.125,12.0625],"tintindex":0,"rotation":0,"texture":"#0"},"west":{"uv":[0.3125,12.3125,0.6875,13.1875],"tintindex":0,"rotation":0,"texture":"#0"},"up":{"uv":[9.75,13.75,9.25,13.375],"tintindex":0,"rotation":0,"texture":"#0"},"down":{"uv":[10.6875,13.375,10.1875,13.75],"tintindex":0,"rotation":0,"texture":"#0"}},"rotation":{"origin":[8.0,19.080027,0.95503664],"angle":-22.5,"axis":"x"}},{"from":[2.6435509,15.077406,-7.682726],"to":[13.356449,26.402468,-3.6016216],"faces":{"east":{"uv":[10.8125,3.8125,11.25,4.9375],"tintindex":0,"rotation":0,"texture":"#0"},"south":{"uv":[1.875,6.75,2.9375,7.875],"tintindex":0,"rotation":0,"texture":"#0"},"north":{"uv":[6.625,0.9375,7.6875,2.0625],"tintindex":0,"rotation":0,"texture":"#0"},"west":{"uv":[9.4375,10.8125,9.875,11.9375],"tintindex":0,"rotation":0,"texture":"#0"},"up":{"uv":[11.875,5.375,10.8125,4.9375],"tintindex":0,"rotation":0,"texture":"#0"},"down":{"uv":[12.0625,5.375,11.0,5.8125],"tintindex":0,"rotation":0,"texture":"#0"}},"rotation":{"origin":[8.0,19.080027,0.95503664],"angle":-45.0,"axis":"x"}},{"from":[-0.6723461,17.1757,-6.630601],"to":[16.672346,24.062563,9.999898],"faces":{"east":{"uv":[7.375,4.5625,9.0625,5.25],"tintindex":0,"rotation":0,"texture":"#0"},"south":{"uv":[7.3125,2.75,9.0625,3.4375],"tintindex":0,"rotation":0,"texture":"#0"},"north":{"uv":[7.3125,2.0625,9.0625,2.75],"tintindex":0,"rotation":0,"texture":"#0"},"west":{"uv":[9.0625,4.5625,7.375,5.25],"tintindex":0,"rotation":0,"texture":"#0"},"up":{"uv":[3.5625,1.6875,1.8125,0.0],"tintindex":0,"rotation":0,"texture":"#0"},"down":{"uv":[3.5625,1.6875,1.8125,3.375],"tintindex":0,"rotation":0,"texture":"#0"}},"rotation":{"origin":[8.0,19.080027,0.95503664],"angle":-45.0,"axis":"x"}},{"from":[5.5513377,26.827204,-2.230751],"to":[10.448662,29.654074,5.012692],"faces":{"east":{"uv":[9.5,7.6875,10.25,8.0],"tintindex":0,"rotation":0,"texture":"#0"},"south":{"uv":[13.625,5.625,14.125,5.9375],"tintindex":0,"rotation":0,"texture":"#0"},"north":{"uv":[13.625,3.0,14.125,3.3125],"tintindex":0,"rotation":0,"texture":"#0"},"west":{"uv":[12.875,3.25,13.625,3.5625],"tintindex":0,"rotation":0,"texture":"#0"},"up":{"uv":[4.0,6.375,3.5,5.625],"tintindex":0,"rotation":0,"texture":"#0"},"down":{"uv":[6.1875,11.6875,5.6875,12.4375],"tintindex":0,"rotation":0,"texture":"#0"}},"rotation":{"origin":[8.0,19.080027,0.95503664],"angle":45.0,"axis":"x"}},{"from":[5.755393,10.097818,11.391303],"to":[10.244607,20.993872,15.052839],"faces":{"east":{"uv":[3.5,11.125,3.875,12.25],"tintindex":0,"rotation":0,"texture":"#0"},"south":{"uv":[0.0,10.8125,0.4375,11.9375],"tintindex":0,"rotation":0,"texture":"#0"},"north":{"uv":[5.25,10.6875,5.6875,11.8125],"tintindex":0,"rotation":0,"texture":"#0"},"west":{"uv":[9.875,11.5,10.25,12.625],"tintindex":0,"rotation":0,"texture":"#0"},"up":{"uv":[13.75,10.9375,13.3125,10.5625],"tintindex":0,"rotation":0,"texture":"#0"},"down":{"uv":[13.75,10.9375,13.3125,11.3125],"tintindex":0,"rotation":0,"texture":"#0"}},"rotation":{"origin":[8.0,19.080027,0.95503664],"angle":22.5,"axis":"x"}},{"from":[2.388482,13.947958,-9.16477],"to":[13.611518,28.282839,0.017713547],"faces":{"east":{"uv":[0.0,6.0,0.9375,7.4375],"tintindex":0,"rotation":0,"texture":"#0"},"south":{"uv":[1.125,4.6875,2.25,6.125],"tintindex":0,"rotation":0,"texture":"#0"},"north":{"uv":[0.0,4.5625,1.125,6.0],"tintindex":0,"rotation":0,"texture":"#0"},"west":{"uv":[0.9375,6.0,0.0,7.4375],"tintindex":0,"rotation":0,"texture":"#0"},"up":{"uv":[9.0,6.875,7.875,5.9375],"tintindex":0,"rotation":0,"texture":"#0"},"down":{"uv":[6.0625,7.9375,4.9375,8.875],"tintindex":0,"rotation":0,"texture":"#0"}},"rotation":{"origin":[8.0,19.080027,0.95503664],"angle":22.5,"axis":"x"}}],"display":{"gui":{"rotation":[30,225,0]}}}