{"textures":{"0":"modelengine:entity/mso_taloc"},"elements":[{"from":[1.9217606,-6.0550995,2.3559198],"to":[14.078239,8.0550995,13.64408],"faces":{"east":{"uv":[14.25,6.25,14.0,6.625],"tintindex":0,"rotation":0,"texture":"#0"},"south":{"uv":[14.25,13.875,13.9375,14.25],"tintindex":0,"rotation":0,"texture":"#0"},"north":{"uv":[10.375,2.5625,10.0625,2.9375],"tintindex":0,"rotation":0,"texture":"#0"},"west":{"uv":[5.3125,14.0,5.0625,14.375],"tintindex":0,"rotation":0,"texture":"#0"},"up":{"uv":[14.1875,2.75,14.5,2.5],"tintindex":0,"rotation":0,"texture":"#0"},"down":{"uv":[14.1875,3.3125,14.5,3.5625],"tintindex":0,"rotation":0,"texture":"#0"}}}],"display":{"gui":{"rotation":[30,225,0]}}}