{"textures":{"0":"modelengine:entity/mso_taloc"},"elements":[{"from":[7.000843,1.6602325,-1.1173601],"to":[19.157322,7.738472,17.11736],"faces":{"east":{"uv":[12.75,8.5625,13.625,8.875],"tintindex":0,"rotation":0,"texture":"#0"},"south":{"uv":[13.4375,1.375,14.0,1.6875],"tintindex":0,"rotation":0,"texture":"#0"},"north":{"uv":[13.3125,6.875,13.875,7.1875],"tintindex":0,"rotation":0,"texture":"#0"},"west":{"uv":[12.75,8.875,13.625,9.1875],"tintindex":0,"rotation":0,"texture":"#0"},"up":{"uv":[1.0,11.6875,0.4375,10.8125],"tintindex":0,"rotation":0,"texture":"#0"},"down":{"uv":[1.5625,10.8125,1.0,11.6875],"tintindex":0,"rotation":0,"texture":"#0"}},"rotation":{"origin":[6.8923035,5.1335106,8.0],"angle":22.5,"axis":"z"}},{"from":[-2.116516,1.8773117,-1.3344402],"to":[8.303322,8.389713,17.33444],"faces":{"east":{"uv":[12.4375,11.0,13.3125,11.3125],"tintindex":0,"rotation":0,"texture":"#0"},"south":{"uv":[13.4375,1.6875,13.9375,2.0],"tintindex":0,"rotation":0,"texture":"#0"},"north":{"uv":[12.5625,13.375,13.0625,13.6875],"tintindex":0,"rotation":0,"texture":"#0"},"west":{"uv":[12.5625,1.625,13.4375,1.9375],"tintindex":0,"rotation":0,"texture":"#0"},"up":{"uv":[6.75,11.75,6.25,10.875],"tintindex":0,"rotation":0,"texture":"#0"},"down":{"uv":[11.0625,10.9375,10.5625,11.8125],"tintindex":0,"rotation":0,"texture":"#0"}}},{"from":[13.730324,12.29715,4.30964],"to":[18.071922,18.592468,11.69036],"faces":{"east":{"uv":[13.5625,13.9375,13.9375,14.25],"tintindex":0,"rotation":0,"texture":"#0"},"south":{"uv":[6.6875,14.375,6.875,14.6875],"tintindex":0,"rotation":0,"texture":"#0"},"north":{"uv":[6.0,14.375,6.1875,14.6875],"tintindex":0,"rotation":0,"texture":"#0"},"west":{"uv":[13.9375,13.5625,14.3125,13.875],"tintindex":0,"rotation":0,"texture":"#0"},"up":{"uv":[11.75,13.875,11.5625,13.5],"tintindex":0,"rotation":0,"texture":"#0"},"down":{"uv":[2.5625,14.25,2.375,14.625],"tintindex":0,"rotation":0,"texture":"#0"}}},{"from":[-2.116516,-13.318287,-1.3344402],"to":[18.614624,-6.805889,17.33444],"faces":{"east":{"uv":[12.5625,1.9375,13.4375,2.25],"tintindex":0,"rotation":0,"texture":"#0"},"south":{"uv":[12.5625,1.9375,13.4375,2.25],"tintindex":0,"rotation":0,"texture":"#0"},"north":{"uv":[12.5625,1.9375,13.4375,2.25],"tintindex":0,"rotation":0,"texture":"#0"},"west":{"uv":[12.5625,1.9375,13.4375,2.25],"tintindex":0,"rotation":0,"texture":"#0"},"up":{"uv":[10.0,6.8125,9.0,5.9375],"tintindex":0,"rotation":0,"texture":"#0"},"down":{"uv":[10.0625,2.0625,9.0625,2.9375],"tintindex":0,"rotation":0,"texture":"#0"}}},{"from":[15.684044,-2.6813698,3.2242403],"to":[21.111042,9.909271,12.775761],"faces":{"east":{"uv":[12.625,6.0625,13.0625,6.6875],"tintindex":0,"rotation":0,"texture":"#0"},"south":{"uv":[11.3125,13.5,11.5625,14.125],"tintindex":0,"rotation":0,"texture":"#0"},"north":{"uv":[11.0625,13.5,11.3125,14.125],"tintindex":0,"rotation":0,"texture":"#0"},"west":{"uv":[12.625,7.1875,13.0625,7.8125],"tintindex":0,"rotation":0,"texture":"#0"},"up":{"uv":[8.9375,8.4375,8.6875,8.0],"tintindex":0,"rotation":0,"texture":"#0"},"down":{"uv":[14.125,4.0,13.875,4.4375],"tintindex":0,"rotation":0,"texture":"#0"}},"rotation":{"origin":[6.8923035,5.1335106,8.0],"angle":22.5,"axis":"z"}},{"from":[-0.48841667,-8.108368,-0.2490406],"to":[18.397545,8.389713,16.249039],"faces":{"east":{"uv":[0.875,10.0,1.6875,10.8125],"tintindex":0,"rotation":0,"texture":"#0"},"south":{"uv":[3.9375,9.625,3.0625,10.4375],"tintindex":0,"rotation":0,"texture":"#0"},"north":{"uv":[3.0625,9.625,3.9375,10.4375],"tintindex":0,"rotation":0,"texture":"#0"},"west":{"uv":[10.0625,1.75,10.875,2.5625],"tintindex":0,"rotation":0,"texture":"#0"},"up":{"uv":[10.75,0.8125,9.875,0.0],"tintindex":0,"rotation":0,"texture":"#0"},"down":{"uv":[10.8125,3.8125,9.9375,4.625],"tintindex":0,"rotation":0,"texture":"#0"}}},{"from":[19.731369,-9.016834,5.39504],"to":[24.473469,5.599758,10.6049595],"faces":{"east":{"uv":[8.6875,13.1875,8.9375,13.875],"tintindex":0,"rotation":0,"texture":"#0"},"south":{"uv":[9.75,13.5,10.0,14.1875],"tintindex":0,"rotation":0,"texture":"#0"},"north":{"uv":[8.9375,13.5,9.1875,14.1875],"tintindex":0,"rotation":0,"texture":"#0"},"west":{"uv":[13.0625,13.25,13.3125,13.9375],"tintindex":0,"rotation":0,"texture":"#0"},"up":{"uv":[4.1875,14.625,3.9375,14.375],"tintindex":0,"rotation":0,"texture":"#0"},"down":{"uv":[14.625,4.0625,14.375,4.3125],"tintindex":0,"rotation":0,"texture":"#0"}},"rotation":{"origin":[18.103268,8.132484,8.0],"angle":-22.5,"axis":"z"}}],"display":{"gui":{"rotation":[30,225,0]}}}