{"textures":{"0":"modelengine:entity/mso_taloc"},"elements":[{"from":[5.959448,-4.7280807,1.9270973],"to":[10.040552,-0.15742493,8.022339],"faces":{"east":{"uv":[12.25,14.1875,12.5,14.5],"tintindex":0,"rotation":0,"texture":"#0"},"south":{"uv":[0.8125,14.4375,1.0,14.6875],"tintindex":0,"rotation":0,"texture":"#0"},"north":{"uv":[1.6875,7.5625,1.875,7.875],"tintindex":0,"rotation":0,"texture":"#0"},"west":{"uv":[14.1875,12.6875,14.4375,13.0],"tintindex":0,"rotation":0,"texture":"#0"},"up":{"uv":[2.5625,14.625,2.75,14.375],"tintindex":0,"rotation":0,"texture":"#0"},"down":{"uv":[14.625,2.75,14.4375,3.0],"tintindex":0,"rotation":0,"texture":"#0"}},"rotation":{"origin":[8.0,10.383186,-19.76228],"angle":-22.5,"axis":"x"}}],"display":{"gui":{"rotation":[30,225,0]}}}