{"textures":{"0":"modelengine:entity/mso_taloc"},"elements":[{"from":[6.0215883,-1.4965572,-3.5221558],"to":[10.363189,13.047806,19.488325],"faces":{"east":{"uv":[3.5625,0.0,5.1875,1.0625],"tintindex":0,"rotation":0,"texture":"#0"},"south":{"uv":[0.0,11.9375,0.3125,13.0],"tintindex":0,"rotation":0,"texture":"#0"},"north":{"uv":[5.1875,11.8125,5.5,12.875],"tintindex":0,"rotation":0,"texture":"#0"},"west":{"uv":[3.5625,1.0625,5.1875,2.125],"tintindex":0,"rotation":0,"texture":"#0"},"up":{"uv":[2.375,12.0,2.0625,10.375],"tintindex":0,"rotation":0,"texture":"#0"},"down":{"uv":[2.6875,10.625,2.375,12.25],"tintindex":0,"rotation":0,"texture":"#0"}}},{"from":[6.0939493,8.56957,13.887669],"to":[10.290829,15.588486,26.044147],"faces":{"east":{"uv":[6.75,11.1875,7.625,11.6875],"tintindex":0,"rotation":0,"texture":"#0"},"south":{"uv":[6.375,13.5625,6.6875,14.0625],"tintindex":0,"rotation":0,"texture":"#0"},"north":{"uv":[0.8125,13.5625,1.125,14.0625],"tintindex":0,"rotation":0,"texture":"#0"},"west":{"uv":[11.25,3.8125,12.125,4.3125],"tintindex":0,"rotation":0,"texture":"#0"},"up":{"uv":[10.1875,13.5,9.875,12.625],"tintindex":0,"rotation":0,"texture":"#0"},"down":{"uv":[11.75,12.625,11.4375,13.5],"tintindex":0,"rotation":0,"texture":"#0"}},"rotation":{"origin":[8.1923895,6.4349465,19.748829],"angle":-45.0,"axis":"x"}},{"from":[25.22704,-7.0628157,1.8324842],"to":[28.30502,-2.359416,14.857285],"faces":{"east":{"uv":[11.9375,3.25,12.875,3.625],"tintindex":0,"rotation":0,"texture":"#0"},"south":{"uv":[14.125,5.5625,14.375,5.9375],"tintindex":0,"rotation":0,"texture":"#0"},"north":{"uv":[14.125,4.0625,14.375,4.4375],"tintindex":0,"rotation":0,"texture":"#0"},"west":{"uv":[11.9375,11.3125,12.875,11.6875],"tintindex":0,"rotation":0,"texture":"#0"},"up":{"uv":[12.0,13.875,11.75,12.9375],"tintindex":0,"rotation":0,"texture":"#0"},"down":{"uv":[12.25,12.9375,12.0,13.875],"tintindex":0,"rotation":0,"texture":"#0"}},"rotation":{"origin":[24.386288,-1.0958462,8.344885],"angle":22.5,"axis":"z"}},{"from":[16.616198,-3.5171766,0.9641638],"to":[22.02598,9.719243,15.725605],"faces":{"east":{"uv":[2.4375,8.4375,3.5,9.375],"tintindex":0,"rotation":0,"texture":"#0"},"south":{"uv":[3.5,11.6875,3.125,12.625],"tintindex":0,"rotation":0,"texture":"#0"},"north":{"uv":[3.125,11.6875,3.5,12.625],"tintindex":0,"rotation":0,"texture":"#0"},"west":{"uv":[8.4375,3.4375,9.5,4.375],"tintindex":0,"rotation":0,"texture":"#0"},"up":{"uv":[9.3125,12.6875,8.9375,11.625],"tintindex":0,"rotation":0,"texture":"#0"},"down":{"uv":[1.5,11.6875,1.125,12.75],"tintindex":0,"rotation":0,"texture":"#0"}},"rotation":{"origin":[16.601175,2.008738,8.344885],"angle":-45.0,"axis":"z"}},{"from":[16.76092,11.745326,6.7529645],"to":[19.05922,15.001526,9.936805],"faces":{"east":{"uv":[9.125,14.375,9.375,14.625],"tintindex":0,"rotation":0,"texture":"#0"},"south":{"uv":[14.5,2.375,14.6875,2.625],"tintindex":0,"rotation":0,"texture":"#0"},"north":{"uv":[14.5,2.125,14.6875,2.375],"tintindex":0,"rotation":0,"texture":"#0"},"west":{"uv":[14.375,9.1875,14.625,9.4375],"tintindex":0,"rotation":0,"texture":"#0"},"up":{"uv":[14.6875,3.5,14.5,3.25],"tintindex":0,"rotation":0,"texture":"#0"},"down":{"uv":[14.6875,4.4375,14.5,4.6875],"tintindex":0,"rotation":0,"texture":"#0"}},"rotation":{"origin":[16.167015,2.008738,8.344885],"angle":-45.0,"axis":"z"}},{"from":[15.458439,-2.359416,1.1088839],"to":[27.581417,2.690465,15.580885],"faces":{"east":{"uv":[11.875,4.75,12.875,5.125],"tintindex":0,"rotation":0,"texture":"#0"},"south":{"uv":[13.3125,10.625,12.4375,11.0],"tintindex":0,"rotation":0,"texture":"#0"},"north":{"uv":[12.4375,10.625,13.3125,11.0],"tintindex":0,"rotation":0,"texture":"#0"},"west":{"uv":[11.875,6.8125,12.875,7.1875],"tintindex":0,"rotation":0,"texture":"#0"},"up":{"uv":[1.6875,10.0,0.8125,9.0],"tintindex":0,"rotation":0,"texture":"#0"},"down":{"uv":[9.9375,4.375,9.0625,5.375],"tintindex":0,"rotation":0,"texture":"#0"}},"rotation":{"origin":[24.386288,-1.0958462,8.344885],"angle":22.5,"axis":"z"}},{"from":[13.112869,12.034765,6.4635243],"to":[15.862551,15.290965,10.226245],"faces":{"east":{"uv":[2.125,14.375,2.375,14.625],"tintindex":0,"rotation":0,"texture":"#0"},"south":{"uv":[14.375,12.4375,14.5625,12.6875],"tintindex":0,"rotation":0,"texture":"#0"},"north":{"uv":[10.0,13.5,10.1875,13.75],"tintindex":0,"rotation":0,"texture":"#0"},"west":{"uv":[2.5625,14.375,2.8125,14.625],"tintindex":0,"rotation":0,"texture":"#0"},"up":{"uv":[6.625,1.1875,6.4375,0.9375],"tintindex":0,"rotation":0,"texture":"#0"},"down":{"uv":[0.8125,9.75,0.625,10.0],"tintindex":0,"rotation":0,"texture":"#0"}}},{"from":[5.1532693,9.719243,3.5691242],"to":[16.586151,12.034765,13.1206455],"faces":{"east":{"uv":[12.625,8.0625,13.3125,8.25],"tintindex":0,"rotation":0,"texture":"#0"},"south":{"uv":[13.625,9.4375,14.4375,9.625],"tintindex":0,"rotation":0,"texture":"#0"},"north":{"uv":[7.6875,1.875,8.5,2.0625],"tintindex":0,"rotation":0,"texture":"#0"},"west":{"uv":[13.875,8.8125,14.5625,9.0],"tintindex":0,"rotation":0,"texture":"#0"},"up":{"uv":[3.875,11.125,3.0625,10.4375],"tintindex":0,"rotation":0,"texture":"#0"},"down":{"uv":[11.3125,0.8125,10.5,1.5],"tintindex":0,"rotation":0,"texture":"#0"}}},{"from":[15.747878,9.719243,3.8585644],"to":[22.02598,11.745326,12.831205],"faces":{"east":{"uv":[8.4375,4.375,9.0625,4.5625],"tintindex":0,"rotation":0,"texture":"#0"},"south":{"uv":[9.75,14.1875,10.1875,14.375],"tintindex":0,"rotation":0,"texture":"#0"},"north":{"uv":[8.9375,14.1875,9.375,14.375],"tintindex":0,"rotation":0,"texture":"#0"},"west":{"uv":[11.25,4.75,11.875,4.9375],"tintindex":0,"rotation":0,"texture":"#0"},"up":{"uv":[6.5625,13.0625,6.125,12.4375],"tintindex":0,"rotation":0,"texture":"#0"},"down":{"uv":[13.0,1.0,12.5625,1.625],"tintindex":0,"rotation":0,"texture":"#0"}},"rotation":{"origin":[16.601175,2.008738,8.344885],"angle":-45.0,"axis":"z"}},{"from":[15.14334,10.42359,6.608245],"to":[17.96099,13.67979,10.081525],"faces":{"east":{"uv":[2.8125,14.375,3.0625,14.625],"tintindex":0,"rotation":0,"texture":"#0"},"south":{"uv":[14.375,13.25,14.5625,13.5],"tintindex":0,"rotation":0,"texture":"#0"},"north":{"uv":[13.0,14.375,13.1875,14.625],"tintindex":0,"rotation":0,"texture":"#0"},"west":{"uv":[3.0625,14.375,3.3125,14.625],"tintindex":0,"rotation":0,"texture":"#0"},"up":{"uv":[1.6875,11.9375,1.5,11.6875],"tintindex":0,"rotation":0,"texture":"#0"},"down":{"uv":[12.0625,5.125,11.875,5.375],"tintindex":0,"rotation":0,"texture":"#0"}},"rotation":{"origin":[19.26347,2.0129037,8.344885],"angle":-22.5,"axis":"z"}},{"from":[6.1549225,-5.6934357,0.6747236],"to":[16.586151,9.719243,16.015045],"faces":{"east":{"uv":[2.9375,7.3125,4.0,8.4375],"tintindex":0,"rotation":0,"texture":"#0"},"south":{"uv":[6.0625,8.875,5.3125,10.0],"tintindex":0,"rotation":0,"texture":"#0"},"north":{"uv":[5.3125,8.875,6.0625,10.0],"tintindex":0,"rotation":0,"texture":"#0"},"west":{"uv":[7.375,3.4375,8.4375,4.5625],"tintindex":0,"rotation":0,"texture":"#0"},"up":{"uv":[8.9375,10.1875,8.1875,9.125],"tintindex":0,"rotation":0,"texture":"#0"},"down":{"uv":[2.4375,9.3125,1.6875,10.375],"tintindex":0,"rotation":0,"texture":"#0"}}},{"from":[10.363189,-1.4965572,-2.074956],"to":[12.823429,11.600607,18.041124],"faces":{"east":{"uv":[5.9375,4.0,7.375,4.9375],"tintindex":0,"rotation":0,"texture":"#0"},"south":{"uv":[3.8125,13.375,4.0,14.3125],"tintindex":0,"rotation":0,"texture":"#0"},"north":{"uv":[5.1875,1.1875,5.375,2.125],"tintindex":0,"rotation":0,"texture":"#0"},"west":{"uv":[3.5,6.375,4.9375,7.3125],"tintindex":0,"rotation":0,"texture":"#0"},"up":{"uv":[8.9375,13.1875,8.75,11.75],"tintindex":0,"rotation":0,"texture":"#0"},"down":{"uv":[9.875,11.9375,9.6875,13.375],"tintindex":0,"rotation":0,"texture":"#0"}}},{"from":[13.84086,-6.127594,0.81944466],"to":[19.76999,8.1080675,15.870325],"faces":{"east":{"uv":[6.5625,7.4375,7.625,8.4375],"tintindex":0,"rotation":0,"texture":"#0"},"south":{"uv":[11.9375,5.8125,11.5,6.8125],"tintindex":0,"rotation":0,"texture":"#0"},