{"textures":{"0":"modelengine:entity/mso_taloc"},"elements":[{"from":[-0.23114014,-13.553539,3.89957],"to":[14.09614,-3.4226227,14.030487],"faces":{"east":{"uv":[7.875,5.9375,7.375,6.4375],"tintindex":0,"rotation":0,"texture":"#0"},"south":{"uv":[12.75,5.125,12.0625,5.625],"tintindex":0,"rotation":0,"texture":"#0"},"north":{"uv":[11.5,12.0,10.8125,12.5],"tintindex":0,"rotation":0,"texture":"#0"},"west":{"uv":[3.4375,6.75,2.9375,7.25],"tintindex":0,"rotation":0,"texture":"#0"},"up":{"uv":[12.0625,9.25,12.75,8.75],"tintindex":0,"rotation":0,"texture":"#0"},"down":{"uv":[12.0625,9.8125,12.75,10.3125],"tintindex":0,"rotation":0,"texture":"#0"}},"rotation":{"origin":[6.9325,-4.219097,6.866847],"angle":-45.0,"axis":"x"}},{"from":[-0.4482193,-5.7540855,4.205471],"to":[14.31322,10.743992,18.532751],"faces":{"east":{"uv":[11.25,10.125,10.5625,10.9375],"tintindex":0,"rotation":0,"texture":"#0"},"south":{"uv":[11.0625,6.8125,10.375,7.625],"tintindex":0,"rotation":0,"texture":"#0"},"north":{"uv":[7.5,10.375,6.8125,11.1875],"tintindex":0,"rotation":0,"texture":"#0"},"west":{"uv":[8.1875,10.375,7.5,11.1875],"tintindex":0,"rotation":0,"texture":"#0"},"up":{"uv":[10.75,0.6875,11.4375,0.0],"tintindex":0,"rotation":0,"texture":"#0"},"down":{"uv":[9.875,10.8125,10.5625,11.5],"tintindex":0,"rotation":0,"texture":"#0"}}}],"display":{"gui":{"rotation":[30,225,0]}}}