{"textures":{"0":"modelengine:entity/mso_taloc"},"elements":[{"from":[-0.58615017,9.719243,3.5691242],"to":[10.846731,12.034765,13.1206455],"faces":{"east":{"uv":[14.5625,8.8125,13.875,9.0],"tintindex":0,"rotation":0,"texture":"#0"},"south":{"uv":[14.4375,9.4375,13.625,9.625],"tintindex":0,"rotation":0,"texture":"#0"},"north":{"uv":[8.5,1.875,7.6875,2.0625],"tintindex":0,"rotation":0,"texture":"#0"},"west":{"uv":[13.3125,8.0625,12.625,8.25],"tintindex":0,"rotation":0,"texture":"#0"},"up":{"uv":[3.0625,11.125,3.875,10.4375],"tintindex":0,"rotation":0,"texture":"#0"},"down":{"uv":[10.5,0.8125,11.3125,1.5],"tintindex":0,"rotation":0,"texture":"#0"}}},{"from":[-0.58615017,-5.6934357,0.6747236],"to":[9.8450775,9.719243,16.015045],"faces":{"east":{"uv":[8.4375,3.4375,7.375,4.5625],"tintindex":0,"rotation":0,"texture":"#0"},"south":{"uv":[5.3125,8.875,6.0625,10.0],"tintindex":0,"rotation":0,"texture":"#0"},"north":{"uv":[6.0625,8.875,5.3125,10.0],"tintindex":0,"rotation":0,"texture":"#0"},"west":{"uv":[4.0,7.3125,2.9375,8.4375],"tintindex":0,"rotation":0,"texture":"#0"},"up":{"uv":[8.1875,10.1875,8.9375,9.125],"tintindex":0,"rotation":0,"texture":"#0"},"down":{"uv":[1.6875,9.3125,2.4375,10.375],"tintindex":0,"rotation":0,"texture":"#0"}}},{"from":[5.9986115,2.3466082,-8.686501],"to":[9.6166115,19.206488,4.0488586],"faces":{"east":{"uv":[4.0,7.3125,4.9375,8.5],"tintindex":0,"rotation":0,"texture":"#0"},"south":{"uv":[0.9375,12.3125,0.6875,13.5],"tintindex":0,"rotation":0,"texture":"#0"},"north":{"uv":[2.625,12.25,2.375,13.4375],"tintindex":0,"rotation":0,"texture":"#0"},"west":{"uv":[4.9375,7.3125,4.0,8.5],"tintindex":0,"rotation":0,"texture":"#0"},"up":{"uv":[3.25,13.5625,3.5,12.625],"tintindex":0,"rotation":0,"texture":"#0"},"down":{"uv":[1.25,12.75,1.5,13.6875],"tintindex":0,"rotation":0,"texture":"#0"}},"rotation":{"origin":[7.807611,9.61879,-4.272541],"angle":45.0,"axis":"x"}},{"from":[-6.02598,9.719243,3.8585644],"to":[0.25212193,11.745326,12.831205],"faces":{"east":{"uv":[11.875,4.75,11.25,4.9375],"tintindex":0,"rotation":0,"texture":"#0"},"south":{"uv":[10.1875,14.1875,9.75,14.375],"tintindex":0,"rotation":0,"texture":"#0"},"north":{"uv":[9.375,14.1875,8.9375,14.375],"tintindex":0,"rotation":0,"texture":"#0"},"west":{"uv":[9.0625,4.375,8.4375,4.5625],"tintindex":0,"rotation":0,"texture":"#0"},"up":{"uv":[6.125,13.0625,6.5625,12.4375],"tintindex":0,"rotation":0,"texture":"#0"},"down":{"uv":[12.5625,1.0,13.0,1.625],"tintindex":0,"rotation":0,"texture":"#0"}},"rotation":{"origin":[-0.6011753,2.008738,8.344885],"angle":45.0,"axis":"z"}},{"from":[5.6368113,-1.4965572,-3.5221558],"to":[9.978412,13.047806,19.488325],"faces":{"east":{"uv":[5.1875,1.0625,3.5625,2.125],"tintindex":0,"rotation":0,"texture":"#0"},"south":{"uv":[0.3125,11.9375,0.0,13.0],"tintindex":0,"rotation":0,"texture":"#0"},"north":{"uv":[5.5,11.8125,5.1875,12.875],"tintindex":0,"rotation":0,"texture":"#0"},"west":{"uv":[5.1875,0.0,3.5625,1.0625],"tintindex":0,"rotation":0,"texture":"#0"},"up":{"uv":[2.0625,12.0,2.375,10.375],"tintindex":0,"rotation":0,"texture":"#0"},"down":{"uv":[2.375,10.625,2.6875,12.25],"tintindex":0,"rotation":0,"texture":"#0"}}},{"from":[-11.581417,-2.359416,1.1088839],"to":[0.5415611,2.690465,15.580885],"faces":{"east":{"uv":[12.875,6.8125,11.875,7.1875],"tintindex":0,"rotation":0,"texture":"#0"},"south":{"uv":[12.4375,10.625,13.3125,11.0],"tintindex":0,"rotation":0,"texture":"#0"},"north":{"uv":[13.3125,10.625,12.4375,11.0],"tintindex":0,"rotation":0,"texture":"#0"},"west":{"uv":[12.875,4.75,11.875,5.125],"tintindex":0,"rotation":0,"texture":"#0"},"up":{"uv":[0.8125,10.0,1.6875,9.0],"tintindex":0,"rotation":0,"texture":"#0"},"down":{"uv":[9.0625,4.375,9.9375,5.375],"tintindex":0,"rotation":0,"texture":"#0"}},"rotation":{"origin":[-8.386288,-1.0958462,8.344885],"angle":-22.5,"axis":"z"}},{"from":[5.7091713,8.56957,13.887669],"to":[9.906051,15.588486,26.044147],"faces":{"east":{"uv":[12.125,3.8125,11.25,4.3125],"tintindex":0,"rotation":0,"texture":"#0"},"south":{"uv":[6.6875,13.5625,6.375,14.0625],"tintindex":0,"rotation":0,"texture":"#0"},"north":{"uv":[1.125,13.5625,0.8125,14.0625],"tintindex":0,"rotation":0,"texture":"#0"},"west":{"uv":[7.625,11.1875,6.75,11.6875],"tintindex":0,"rotation":0,"texture":"#0"},"up":{"uv":[9.875,13.5,10.1875,12.625],"tintindex":0,"rotation":0,"texture":"#0"},"down":{"uv":[11.4375,12.625,11.75,13.5],"tintindex":0,"rotation":0,"texture":"#0"}},"rotation":{"origin":[7.807611,6.4349465,19.748829],"angle":-45.0,"axis":"x"}},{"from":[-3.0592184,11.745326,6.7529645],"to":[-0.7609196,15.001526,9.936805],"faces":{"east":{"uv":[14.625,9.1875,14.375,9.4375],"tintindex":0,"rotation":0,"texture":"#0"},"south":{"uv":[14.6875,2.375,14.5,2.625],"tintindex":0,"rotation":0,"texture":"#0"},"north":{"uv":[14.6875,2.125,14.5,2.375],"tintindex":0,"rotation":0,"texture":"#0"},"west":{"uv":[9.375,14.375,9.125,14.625],"tintindex":0,"rotation":0,"texture":"#0"},"up":{"uv":[14.5,3.5,14.6875,3.25],"tintindex":0,"rotation":0,"texture":"#0"},"down":{"uv":[14.5,4.4375,14.6875,4.6875],"tintindex":0,"rotation":0,"texture":"#0"}},"rotation":{"origin":[-0.16701412,2.008738,8.344885],"angle":45.0,"axis":"z"}},{"from":[-1.96099,10.42359,6.608245],"to":[0.8566599,13.67979,10.081525],"faces":{"east":{"uv":[3.3125,14.375,3.0625,14.625],"tintindex":0,"rotation":0,"texture":"#0"},"south":{"uv":[14.5625,13.25,14.375,13.5],"tintindex":0,"rotation":0,"texture":"#0"},"north":{"uv":[13.1875,14.375,13.0,14.625],"tintindex":0,"rotation":0,"texture":"#0"},"west":{"uv":[3.0625,14.375,2.8125,14.625],"tintindex":0,"rotation":0,"texture":"#0"},"up":{"uv":[1.5,11.9375,1.6875,11.6875],"tintindex":0,"rotation":0,"texture":"#0"},"down":{"uv":[11.875,5.125,12.0625,5.375],"tintindex":0,"rotation":0,"texture":"#0"}},"rotation":{"origin":[-3.2634697,2.0129037,8.344885],"angle":22.5,"axis":"z"}},{"from":[-12.305017,-7.0628157,1.8324842],"to":[-9.227039,-2.359416,14.857285],"faces":{"east":{"uv":[12.875,11.3125,11.9375,11.6875],"tintindex":0,"rotation":0,"texture":"#0"},"south":{"uv":[14.375,5.5625,14.125,5.9375],"tintindex":0,"rotation":0,"texture":"#0"},"north":{"uv":[14.375,4.0625,14.125,4.4375],"tintindex":0,"rotation":0,"texture":"#0"},"west":{"uv":[12.875,3.25,11.9375,3.625],"tintindex":0,"rotation":0,"texture":"#0"},"up":{"uv":[11.75,13.875,12.0,12.9375],"tintindex":0,"rotation":0,"texture":"#0"},"down":{"uv":[12.0,12.9375,12.25,13.875],"tintindex":0,"rotation":0,"texture":"#0"}},"rotation":{"origin":[-8.386288,-1.0958462,8.344885],"angle":-22.5,"axis":"z"}},{"from":[-3.769991,8.1080675,3.7138448],"to":[3.0274606,10.42359,12.9759245],"faces":{"east":{"uv":[14.625,1.6875,13.9375,1.875],"tintindex":0,"rotation":0,"texture":"#0"},"south":{"uv":[11.9375,2.125,11.4375,2.3125],"tintindex":0,"rotation":0,"texture":"#0"},"north":{"uv":[5.3125,9.8125,4.8125,10.0],"tintindex":0,"rotation":0,"texture":"#0"},"west":{"uv":[12.25,13.875,11.5625,14.0625],"tintindex":0,"rotation":0,"texture":"#0"},"up":{"uv":[7.5625,12.75,8.0625,12.0625],"tintindex":0,"rotation":0,"texture":"#0"},"down":{"uv":[12.125,0.0,12.625,0.6875],"tintindex":0,"rotation":0,"texture":"#0"}},"rotation":{"origin":[-3.2634697,2.0129037,8.344885],"angle":22.5,"axis":"z"}},{"from":[3.176571,-1.4965572,-2.074956],"to":[5.6368113,11.600607,18.041124],"faces":{"east":{"uv":[4.9375,6.375,3.5,7.3125],"tintindex":0,"rotation":0,"texture":"#0"},"south":{"uv":[4.0,13.375,3.8125,14.3125],"tintindex":0,"rotation":0,"texture":"#0"},"north":{"uv":[5.375,1.1875,5.1875,2.125],"tintindex":0,"rotation":0,"texture":"#0"},"west":{"uv":[7.375,4.0,5.9375,4.9375],"tintindex":0,"rotation":0,"texture":"#0"},"up":{"uv":[8.75,13.1875,8.9375,11.75],"tintindex":0,"rotation":0,"texture":"#0"},"down":{"uv":[9.6875,11.9375,9.875,13.375],"tintindex":0,"rotation":0,"texture":"#0"}}},{"from":[-6.02598,-3.5171766,0.9641638],"to":[-0.6161976,9.719243,15.725605],"faces":{"east":{"uv":[9.5,3.4375,8.4375,4.375],"tintindex":0,"rotation":0,"texture":"#0"},