{"textures":{"0":"modelengine:entity/skeletonbow"},"elements":[{"from":[7.4447227,0.09999943,6.0],"to":[10.144722,3.3000002,8.6],"faces":{"east":{"uv":[5.375,4.875,5.6875,5.28125],"tintindex":0,"rotation":0,"texture":"#0"},"south":{"uv":[1.375,5.125,1.71875,5.53125],"tintindex":0,"rotation":0,"texture":"#0"},"north":{"uv":[1.0,5.125,1.34375,5.53125],"tintindex":0,"rotation":0,"texture":"#0"},"west":{"uv":[5.125,5.375,5.4375,5.78125],"tintindex":0,"rotation":0,"texture":"#0"},"up":{"uv":[5.84375,5.6875,5.5,5.375],"tintindex":0,"rotation":0,"texture":"#0"},"down":{"uv":[1.34375,5.625,1.0,5.9375],"tintindex":0,"rotation":0,"texture":"#0"}}},{"from":[7.1447225,2.3000002,6.8],"to":[9.144722,6.5,8.3],"faces":{"east":{"uv":[2.5,5.75,2.6875,6.28125],"tintindex":0,"rotation":0,"texture":"#0"},"south":{"uv":[0.25,5.375,0.5,5.90625],"tintindex":0,"rotation":0,"texture":"#0"},"north":{"uv":[0.0,5.375,0.25,5.90625],"tintindex":0,"rotation":0,"texture":"#0"},"west":{"uv":[5.75,4.5,5.9375,5.03125],"tintindex":0,"rotation":0,"texture":"#0"},"up":{"uv":[2.25,7.8125,2.0,7.625],"tintindex":0,"rotation":0,"texture":"#0"},"down":{"uv":[2.5,7.625,2.25,7.8125],"tintindex":0,"rotation":0,"texture":"#0"}}},{"from":[8.544723,1.2564964,5.0],"to":[9.744722,2.4564972,9.0],"faces":{"east":{"uv":[6.625,3.0,7.125,3.15625],"tintindex":0,"rotation":0,"texture":"#0"},"south":{"uv":[7.75,5.75,7.90625,5.90625],"tintindex":0,"rotation":0,"texture":"#0"},"north":{"uv":[7.75,5.5,7.90625,5.65625],"tintindex":0,"rotation":0,"texture":"#0"},"west":{"uv":[6.625,3.25,7.125,3.40625],"tintindex":0,"rotation":0,"texture":"#0"},"up":{"uv":[1.40625,7.125,1.25,6.625],"tintindex":0,"rotation":0,"texture":"#0"},"down":{"uv":[2.03125,6.625,1.875,7.125],"tintindex":0,"rotation":0,"texture":"#0"}}},{"from":[2.5396972,8.264824,6.5],"to":[4.739697,10.464823,8.6],"faces":{"east":{"uv":[5.375,6.75,5.625,7.03125],"tintindex":0,"rotation":0,"texture":"#0"},"south":{"uv":[1.875,6.25,2.15625,6.53125],"tintindex":0,"rotation":0,"texture":"#0"},"north":{"uv":[6.125,5.375,6.40625,5.65625],"tintindex":0,"rotation":0,"texture":"#0"},"west":{"uv":[6.75,6.125,7.0,6.40625],"tintindex":0,"rotation":0,"texture":"#0"},"up":{"uv":[0.28125,7.125,0.0,6.875],"tintindex":0,"rotation":0,"texture":"#0"},"down":{"uv":[1.03125,6.875,0.75,7.125],"tintindex":0,"rotation":0,"texture":"#0"}},"rotation":{"origin":[8.8,13.5,8.4],"angle":45.0,"axis":"z"}}],"display":{"gui":{"rotation":[30,225,0]}}}