{"textures":{"0":"modelengine:entity/skeletonbow"},"elements":[{"from":[11.2603035,8.264824,6.5],"to":[13.460302,10.464823,8.6],"faces":{"east":{"uv":[2.125,7.0,2.375,7.28125],"tintindex":0,"rotation":0,"texture":"#0"},"south":{"uv":[6.0,6.25,6.28125,6.53125],"tintindex":0,"rotation":0,"texture":"#0"},"north":{"uv":[6.25,3.875,6.53125,4.15625],"tintindex":0,"rotation":0,"texture":"#0"},"west":{"uv":[3.5,7.0,3.75,7.28125],"tintindex":0,"rotation":0,"texture":"#0"},"up":{"uv":[7.28125,2.375,7.0,2.125],"tintindex":0,"rotation":0,"texture":"#0"},"down":{"uv":[4.03125,7.0,3.75,7.25],"tintindex":0,"rotation":0,"texture":"#0"}},"rotation":{"origin":[7.2,13.5,8.4],"angle":-45.0,"axis":"z"}},{"from":[5.8552775,0.09999943,6.0],"to":[8.555277,3.3000002,8.6],"faces":{"east":{"uv":[5.5,0.0,5.8125,0.40625],"tintindex":0,"rotation":0,"texture":"#0"},"south":{"uv":[2.125,5.125,2.46875,5.53125],"tintindex":0,"rotation":0,"texture":"#0"},"north":{"uv":[1.75,5.125,2.09375,5.53125],"tintindex":0,"rotation":0,"texture":"#0"},"west":{"uv":[5.5,0.5,5.8125,0.90625],"tintindex":0,"rotation":0,"texture":"#0"},"up":{"uv":[1.71875,5.9375,1.375,5.625],"tintindex":0,"rotation":0,"texture":"#0"},"down":{"uv":[5.96875,1.5,5.625,1.8125],"tintindex":0,"rotation":0,"texture":"#0"}}},{"from":[6.8552775,2.3000002,6.8],"to":[8.855278,6.5,8.3],"faces":{"east":{"uv":[5.875,0.0,6.0625,0.53125],"tintindex":0,"rotation":0,"texture":"#0"},"south":{"uv":[3.375,5.375,3.625,5.90625],"tintindex":0,"rotation":0,"texture":"#0"},"north":{"uv":[3.125,5.375,3.375,5.90625],"tintindex":0,"rotation":0,"texture":"#0"},"west":{"uv":[0.5,5.875,0.6875,6.40625],"tintindex":0,"rotation":0,"texture":"#0"},"up":{"uv":[3.625,7.8125,3.375,7.625],"tintindex":0,"rotation":0,"texture":"#0"},"down":{"uv":[7.875,3.5,7.625,3.6875],"tintindex":0,"rotation":0,"texture":"#0"}}}],"display":{"gui":{"rotation":[30,225,0]}}}