{"textures":{"0":"modelengine:entity/skeletonbow"},"elements":[{"from":[7.7,13.199604,11.002205],"to":[8.3,14.821363,11.679366],"faces":{"east":{"uv":[7.875,6.375,7.96875,6.5625],"tintindex":0,"rotation":0,"texture":"#0"},"south":{"uv":[7.875,7.125,7.9375,7.3125],"tintindex":0,"rotation":0,"texture":"#0"},"north":{"uv":[7.125,7.875,7.1875,8.0625],"tintindex":0,"rotation":0,"texture":"#0"},"west":{"uv":[6.625,7.875,6.71875,8.0625],"tintindex":0,"rotation":0,"texture":"#0"},"up":{"uv":[8.0625,0.09375,8.0,0.0],"tintindex":0,"rotation":0,"texture":"#0"},"down":{"uv":[0.1875,8.0,0.125,8.09375],"tintindex":0,"rotation":0,"texture":"#0"}},"rotation":{"origin":[-1.5,9.185326,7.1430144],"angle":22.5,"axis":"x"}},{"from":[7.5,5.985326,10.143015],"to":[8.5,7.4330845,13.143015],"faces":{"east":{"uv":[0.375,7.0,0.75,7.1875],"tintindex":0,"rotation":0,"texture":"#0"},"south":{"uv":[7.875,3.0,8.0,3.1875],"tintindex":0,"rotation":0,"texture":"#0"},"north":{"uv":[2.375,7.875,2.5,8.0625],"tintindex":0,"rotation":0,"texture":"#0"},"west":{"uv":[7.0,1.0,7.375,1.1875],"tintindex":0,"rotation":0,"texture":"#0"},"up":{"uv":[3.75,2.125,3.625,1.75],"tintindex":0,"rotation":0,"texture":"#0"},"down":{"uv":[3.25,4.125,3.125,4.5],"tintindex":0,"rotation":0,"texture":"#0"}},"rotation":{"origin":[-1.5,0.18532562,7.1430144],"angle":-22.5,"axis":"x"}},{"from":[7.6,6.468541,8.618431],"to":[8.4,7.1756477,12.779054],"faces":{"east":{"uv":[7.5,4.125,8.03125,4.21875],"tintindex":0,"rotation":0,"texture":"#0"},"south":{"uv":[7.875,7.75,7.96875,7.84375],"tintindex":0,"rotation":0,"texture":"#0"},"north":{"uv":[7.75,7.875,7.84375,7.96875],"tintindex":0,"rotation":0,"texture":"#0"},"west":{"uv":[7.5,4.25,8.03125,4.34375],"tintindex":0,"rotation":0,"texture":"#0"},"up":{"uv":[3.96875,8.03125,3.875,7.5],"tintindex":0,"rotation":0,"texture":"#0"},"down":{"uv":[4.21875,7.5,4.125,8.03125],"tintindex":0,"rotation":0,"texture":"#0"}},"rotation":{"origin":[-1.5,9.185326,7.1430144],"angle":-45.0,"axis":"x"}}],"display":{"gui":{"rotation":[30,225,0]}}}