{"textures":{"0":"modelengine:entity/skeletonbow"},"elements":[{"from":[7.6,6.468541,3.2209463],"to":[8.4,7.1756477,7.381569],"faces":{"east":{"uv":[4.75,7.5,5.28125,7.59375],"tintindex":0,"rotation":0,"texture":"#0"},"south":{"uv":[0.0,8.0,0.09375,8.09375],"tintindex":0,"rotation":0,"texture":"#0"},"north":{"uv":[7.875,7.875,7.96875,7.96875],"tintindex":0,"rotation":0,"texture":"#0"},"west":{"uv":[7.5,5.0,8.03125,5.09375],"tintindex":0,"rotation":0,"texture":"#0"},"up":{"uv":[4.34375,8.03125,4.25,7.5],"tintindex":0,"rotation":0,"texture":"#0"},"down":{"uv":[5.46875,7.5,5.375,8.03125],"tintindex":0,"rotation":0,"texture":"#0"}},"rotation":{"origin":[-1.5,9.185326,8.856985],"angle":45.0,"axis":"x"}},{"from":[7.5,5.985326,2.856986],"to":[8.5,7.4330845,5.8569856],"faces":{"east":{"uv":[7.0,1.25,7.375,1.4375],"tintindex":0,"rotation":0,"texture":"#0"},"south":{"uv":[3.25,7.875,3.375,8.0625],"tintindex":0,"rotation":0,"texture":"#0"},"north":{"uv":[3.125,7.875,3.25,8.0625],"tintindex":0,"rotation":0,"texture":"#0"},"west":{"uv":[7.0,1.5,7.375,1.6875],"tintindex":0,"rotation":0,"texture":"#0"},"up":{"uv":[5.375,3.375,5.25,3.0],"tintindex":0,"rotation":0,"texture":"#0"},"down":{"uv":[5.375,3.75,5.25,4.125],"tintindex":0,"rotation":0,"texture":"#0"}},"rotation":{"origin":[-1.5,0.18532562,8.856985],"angle":22.5,"axis":"x"}},{"from":[7.7,13.199604,4.320634],"to":[8.3,14.821363,4.9977946],"faces":{"east":{"uv":[7.875,6.625,7.96875,6.8125],"tintindex":0,"rotation":0,"texture":"#0"},"south":{"uv":[7.375,7.875,7.4375,8.0625],"tintindex":0,"rotation":0,"texture":"#0"},"north":{"uv":[7.25,7.875,7.3125,8.0625],"tintindex":0,"rotation":0,"texture":"#0"},"west":{"uv":[6.75,7.875,6.84375,8.0625],"tintindex":0,"rotation":0,"texture":"#0"},"up":{"uv":[8.0625,0.21875,8.0,0.125],"tintindex":0,"rotation":0,"texture":"#0"},"down":{"uv":[0.3125,8.0,0.25,8.09375],"tintindex":0,"rotation":0,"texture":"#0"}},"rotation":{"origin":[-1.5,9.185326,8.856985],"angle":-22.5,"axis":"x"}}],"display":{"gui":{"rotation":[30,225,0]}}}