{"textures":{"0":"modelengine:entity/skeletonking"},"elements":[{"from":[5.95,5.2,12.8],"to":[8.25,8.4,17.0],"faces":{"east":{"uv":[2.625,11.0,3.15625,11.40625],"tintindex":0,"rotation":0,"texture":"#0"},"south":{"uv":[11.75,8.625,12.03125,9.03125],"tintindex":0,"rotation":0,"texture":"#0"},"north":{"uv":[8.375,11.75,8.65625,12.15625],"tintindex":0,"rotation":0,"texture":"#0"},"west":{"uv":[4.125,11.0,4.65625,11.40625],"tintindex":0,"rotation":0,"texture":"#0"},"up":{"uv":[10.90625,12.03125,10.625,11.5],"tintindex":0,"rotation":0,"texture":"#0"},"down":{"uv":[11.28125,11.5,11.0,12.03125],"tintindex":0,"rotation":0,"texture":"#0"}},"rotation":{"origin":[11.2,26.0,10.0],"angle":22.5,"axis":"x"}},{"from":[4.45,3.8975706,4.406925],"to":[5.75,7.0975704,6.606925],"faces":{"east":{"uv":[7.625,11.75,7.90625,12.15625],"tintindex":0,"rotation":0,"texture":"#0"},"south":{"uv":[12.125,10.5,12.28125,10.90625],"tintindex":0,"rotation":0,"texture":"#0"},"north":{"uv":[10.5,12.125,10.65625,12.53125],"tintindex":0,"rotation":0,"texture":"#0"},"west":{"uv":[8.0,11.75,8.28125,12.15625],"tintindex":0,"rotation":0,"texture":"#0"},"up":{"uv":[8.40625,12.53125,8.25,12.25],"tintindex":0,"rotation":0,"texture":"#0"},"down":{"uv":[8.65625,12.25,8.5,12.53125],"tintindex":0,"rotation":0,"texture":"#0"}},"rotation":{"origin":[5.2,5.0,4.0],"angle":22.5,"axis":"y"}},{"from":[8.45,3.8975706,4.406925],"to":[9.75,7.0975704,6.606925],"faces":{"east":{"uv":[8.75,11.75,9.03125,12.15625],"tintindex":0,"rotation":0,"texture":"#0"},"south":{"uv":[11.0,12.125,11.15625,12.53125],"tintindex":0,"rotation":0,"texture":"#0"},"north":{"uv":[10.75,12.125,10.90625,12.53125],"tintindex":0,"rotation":0,"texture":"#0"},"west":{"uv":[9.125,11.75,9.40625,12.15625],"tintindex":0,"rotation":0,"texture":"#0"},"up":{"uv":[8.90625,12.53125,8.75,12.25],"tintindex":0,"rotation":0,"texture":"#0"},"down":{"uv":[9.15625,12.25,9.0,12.53125],"tintindex":0,"rotation":0,"texture":"#0"}},"rotation":{"origin":[9.0,5.0,4.0],"angle":-22.5,"axis":"y"}},{"from":[6.05,3.3000002,10.9],"to":[8.15,6.4,13.1],"faces":{"east":{"uv":[11.875,0.375,12.15625,0.75],"tintindex":0,"rotation":0,"texture":"#0"},"south":{"uv":[1.125,8.5,1.375,8.875],"tintindex":0,"rotation":0,"texture":"#0"},"north":{"uv":[3.125,7.25,3.375,7.625],"tintindex":0,"rotation":0,"texture":"#0"},"west":{"uv":[11.875,0.75,12.15625,1.125],"tintindex":0,"rotation":0,"texture":"#0"},"up":{"uv":[4.125,12.40625,3.875,12.125],"tintindex":0,"rotation":0,"texture":"#0"},"down":{"uv":[5.625,12.125,5.375,12.40625],"tintindex":0,"rotation":0,"texture":"#0"}},"rotation":{"origin":[3.0,26.0,10.0],"angle":22.5,"axis":"x"}}],"display":{"gui":{"rotation":[30,225,0]}}}