{"textures":{"0":"modelengine:entity/skeletonking"},"elements":[{"from":[7.75,5.2,12.8],"to":[10.05,8.4,17.0],"faces":{"east":{"uv":[10.625,11.0,11.15625,11.40625],"tintindex":0,"rotation":0,"texture":"#0"},"south":{"uv":[11.75,10.5,12.03125,10.90625],"tintindex":0,"rotation":0,"texture":"#0"},"north":{"uv":[9.875,11.75,10.15625,12.15625],"tintindex":0,"rotation":0,"texture":"#0"},"west":{"uv":[0.0,11.125,0.53125,11.53125],"tintindex":0,"rotation":0,"texture":"#0"},"up":{"uv":[11.65625,12.03125,11.375,11.5],"tintindex":0,"rotation":0,"texture":"#0"},"down":{"uv":[0.28125,11.625,0.0,12.15625],"tintindex":0,"rotation":0,"texture":"#0"}},"rotation":{"origin":[4.8,26.0,10.0],"angle":22.5,"axis":"x"}},{"from":[10.25,3.8975706,4.406925],"to":[11.55,7.0975704,6.606925],"faces":{"east":{"uv":[11.75,9.125,12.03125,9.53125],"tintindex":0,"rotation":0,"texture":"#0"},"south":{"uv":[11.25,12.125,11.40625,12.53125],"tintindex":0,"rotation":0,"texture":"#0"},"north":{"uv":[12.125,11.0,12.28125,11.40625],"tintindex":0,"rotation":0,"texture":"#0"},"west":{"uv":[9.5,11.75,9.78125,12.15625],"tintindex":0,"rotation":0,"texture":"#0"},"up":{"uv":[9.40625,12.53125,9.25,12.25],"tintindex":0,"rotation":0,"texture":"#0"},"down":{"uv":[9.65625,12.25,9.5,12.53125],"tintindex":0,"rotation":0,"texture":"#0"}},"rotation":{"origin":[10.8,5.0,4.0],"angle":-22.5,"axis":"y"}},{"from":[6.25,3.8975706,4.406925],"to":[7.55,7.0975704,6.606925],"faces":{"east":{"uv":[11.75,11.0,12.03125,11.40625],"tintindex":0,"rotation":0,"texture":"#0"},"south":{"uv":[12.125,11.5,12.28125,11.90625],"tintindex":0,"rotation":0,"texture":"#0"},"north":{"uv":[11.5,12.125,11.65625,12.53125],"tintindex":0,"rotation":0,"texture":"#0"},"west":{"uv":[11.75,11.5,12.03125,11.90625],"tintindex":0,"rotation":0,"texture":"#0"},"up":{"uv":[9.90625,12.53125,9.75,12.25],"tintindex":0,"rotation":0,"texture":"#0"},"down":{"uv":[10.15625,12.25,10.0,12.53125],"tintindex":0,"rotation":0,"texture":"#0"}},"rotation":{"origin":[7.0,5.0,4.0],"angle":22.5,"axis":"y"}},{"from":[7.85,3.3000002,10.9],"to":[9.95,6.4,13.1],"faces":{"east":{"uv":[11.875,1.125,12.15625,1.5],"tintindex":0,"rotation":0,"texture":"#0"},"south":{"uv":[0.375,11.625,0.625,12.0],"tintindex":0,"rotation":0,"texture":"#0"},"north":{"uv":[6.625,9.625,6.875,10.0],"tintindex":0,"rotation":0,"texture":"#0"},"west":{"uv":[11.875,1.5,12.15625,1.875],"tintindex":0,"rotation":0,"texture":"#0"},"up":{"uv":[5.875,12.40625,5.625,12.125],"tintindex":0,"rotation":0,"texture":"#0"},"down":{"uv":[7.375,12.125,7.125,12.40625],"tintindex":0,"rotation":0,"texture":"#0"}},"rotation":{"origin":[13.0,26.0,10.0],"angle":22.5,"axis":"x"}}],"display":{"gui":{"rotation":[30,225,0]}}}