{"textures":{"0":"modelengine:entity/skeletonking"},"elements":[{"from":[9.253767,7.299999,6.929761],"to":[10.453768,8.5,8.729761],"faces":{"east":{"uv":[12.375,9.5,12.59375,9.65625],"tintindex":0,"rotation":0,"texture":"#0"},"south":{"uv":[12.0,12.375,12.15625,12.53125],"tintindex":0,"rotation":0,"texture":"#0"},"north":{"uv":[11.75,12.375,11.90625,12.53125],"tintindex":0,"rotation":0,"texture":"#0"},"west":{"uv":[12.375,9.75,12.59375,9.90625],"tintindex":0,"rotation":0,"texture":"#0"},"up":{"uv":[12.53125,10.59375,12.375,10.375],"tintindex":0,"rotation":0,"texture":"#0"},"down":{"uv":[12.53125,10.625,12.375,10.84375],"tintindex":0,"rotation":0,"texture":"#0"}},"rotation":{"origin":[8.0,8.199999,8.0],"angle":22.5,"axis":"y"}},{"from":[6.945916,7.199999,7.005237],"to":[8.054571,8.599998,8.399839],"faces":{"east":{"uv":[3.25,12.375,3.4375,12.5625],"tintindex":0,"rotation":0,"texture":"#0"},"south":{"uv":[12.5,0.75,12.625,0.9375],"tintindex":0,"rotation":0,"texture":"#0"},"north":{"uv":[12.5,0.5,12.625,0.6875],"tintindex":0,"rotation":0,"texture":"#0"},"west":{"uv":[3.5,12.375,3.6875,12.5625],"tintindex":0,"rotation":0,"texture":"#0"},"up":{"uv":[12.625,1.1875,12.5,1.0],"tintindex":0,"rotation":0,"texture":"#0"},"down":{"uv":[12.625,1.25,12.5,1.4375],"tintindex":0,"rotation":0,"texture":"#0"}},"rotation":{"origin":[8.0,8.199999,8.0],"angle":-22.5,"axis":"y"}},{"from":[7.046232,7.299999,6.270239],"to":[8.246232,8.5,8.070239],"faces":{"east":{"uv":[12.375,8.5,12.59375,8.65625],"tintindex":0,"rotation":0,"texture":"#0"},"south":{"uv":[12.375,11.625,12.53125,11.78125],"tintindex":0,"rotation":0,"texture":"#0"},"north":{"uv":[12.375,11.375,12.53125,11.53125],"tintindex":0,"rotation":0,"texture":"#0"},"west":{"uv":[12.375,8.75,12.59375,8.90625],"tintindex":0,"rotation":0,"texture":"#0"},"up":{"uv":[12.53125,9.21875,12.375,9.0],"tintindex":0,"rotation":0,"texture":"#0"},"down":{"uv":[12.53125,9.25,12.375,9.46875],"tintindex":0,"rotation":0,"texture":"#0"}},"rotation":{"origin":[8.0,8.199999,8.0],"angle":-45.0,"axis":"y"}},{"from":[8.50016,7.199999,5.8459167],"to":[9.894763,8.599998,6.9545717],"faces":{"east":{"uv":[12.5,1.5,12.625,1.6875],"tintindex":0,"rotation":0,"texture":"#0"},"south":{"uv":[12.375,4.25,12.5625,4.4375],"tintindex":0,"rotation":0,"texture":"#0"},"north":{"uv":[12.375,4.0,12.5625,4.1875],"tintindex":0,"rotation":0,"texture":"#0"},"west":{"uv":[1.75,12.5,1.875,12.6875],"tintindex":0,"rotation":0,"texture":"#0"},"up":{"uv":[2.0625,9.0,1.875,8.875],"tintindex":0,"rotation":0,"texture":"#0"},"down":{"uv":[3.4375,9.0,3.25,9.125],"tintindex":0,"rotation":0,"texture":"#0"}}}],"display":{"gui":{"rotation":[30,225,0]}}}