{"textures":{"0":"modelengine:entity/skeletonking"},"elements":[{"from":[4.193174,15.300001,6.5],"to":[5.30183,16.694603,9.6],"faces":{"east":{"uv":[12.125,4.875,12.5,5.0625],"tintindex":0,"rotation":0,"texture":"#0"},"south":{"uv":[12.5,0.25,12.625,0.4375],"tintindex":0,"rotation":0,"texture":"#0"},"north":{"uv":[0.125,12.5,0.25,12.6875],"tintindex":0,"rotation":0,"texture":"#0"},"west":{"uv":[12.125,5.125,12.5,5.3125],"tintindex":0,"rotation":0,"texture":"#0"},"up":{"uv":[10.75,7.5,10.625,7.125],"tintindex":0,"rotation":0,"texture":"#0"},"down":{"uv":[11.125,0.0,11.0,0.375],"tintindex":0,"rotation":0,"texture":"#0"}},"rotation":{"origin":[18.6,14.9,7.1],"angle":45.0,"axis":"z"}},{"from":[7.2,5.9000006,6.7],"to":[8.4,7.700001,9.4],"faces":{"east":{"uv":[12.0,7.875,12.34375,8.09375],"tintindex":0,"rotation":0,"texture":"#0"},"south":{"uv":[12.375,7.75,12.53125,7.96875],"tintindex":0,"rotation":0,"texture":"#0"},"north":{"uv":[12.375,7.0,12.53125,7.21875],"tintindex":0,"rotation":0,"texture":"#0"},"west":{"uv":[12.0,8.125,12.34375,8.34375],"tintindex":0,"rotation":0,"texture":"#0"},"up":{"uv":[12.40625,3.71875,12.25,3.375],"tintindex":0,"rotation":0,"texture":"#0"},"down":{"uv":[4.28125,12.25,4.125,12.59375],"tintindex":0,"rotation":0,"texture":"#0"}}},{"from":[8.2,5.1000004,6.7],"to":[10.0,6.3,9.4],"faces":{"east":{"uv":[12.25,6.5,12.59375,6.65625],"tintindex":0,"rotation":0,"texture":"#0"},"south":{"uv":[12.375,8.25,12.59375,8.40625],"tintindex":0,"rotation":0,"texture":"#0"},"north":{"uv":[12.375,8.0,12.59375,8.15625],"tintindex":0,"rotation":0,"texture":"#0"},"west":{"uv":[12.25,7.25,12.59375,7.40625],"tintindex":0,"rotation":0,"texture":"#0"},"up":{"uv":[11.96875,12.34375,11.75,12.0],"tintindex":0,"rotation":0,"texture":"#0"},"down":{"uv":[12.21875,12.0,12.0,12.34375],"tintindex":0,"rotation":0,"texture":"#0"}}},{"from":[6.8931746,7.3,6.5],"to":[8.001829,8.694603,9.6],"faces":{"east":{"uv":[4.375,12.125,4.75,12.3125],"tintindex":0,"rotation":0,"texture":"#0"},"south":{"uv":[12.5,0.0,12.625,0.1875],"tintindex":0,"rotation":0,"texture":"#0"},"north":{"uv":[0.0,12.5,0.125,12.6875],"tintindex":0,"rotation":0,"texture":"#0"},"west":{"uv":[12.125,4.625,12.5,4.8125],"tintindex":0,"rotation":0,"texture":"#0"},"up":{"uv":[5.25,9.5,5.125,9.125],"tintindex":0,"rotation":0,"texture":"#0"},"down":{"uv":[10.5,4.375,10.375,4.75],"tintindex":0,"rotation":0,"texture":"#0"}}}],"display":{"gui":{"rotation":[30,225,0]}}}