{"textures":{"0":"modelengine:entity/skeletonking"},"elements":[{"from":[3.994975,7.908327,6.5],"to":[6.694975,10.608326,9.6],"faces":{"east":{"uv":[1.5,11.625,1.875,11.96875],"tintindex":0,"rotation":0,"texture":"#0"},"south":{"uv":[11.75,2.375,12.09375,2.71875],"tintindex":0,"rotation":0,"texture":"#0"},"north":{"uv":[11.625,8.25,11.96875,8.59375],"tintindex":0,"rotation":0,"texture":"#0"},"west":{"uv":[6.125,11.625,6.5,11.96875],"tintindex":0,"rotation":0,"texture":"#0"},"up":{"uv":[6.84375,12.0,6.5,11.625],"tintindex":0,"rotation":0,"texture":"#0"},"down":{"uv":[11.96875,6.5,11.625,6.875],"tintindex":0,"rotation":0,"texture":"#0"}},"rotation":{"origin":[8.155277,11.943502,10.4],"angle":45.0,"axis":"z"}},{"from":[6.5,-0.25649643,6.8],"to":[9.5,7.9435024,9.3],"faces":{"east":{"uv":[2.625,9.875,2.9375,10.90625],"tintindex":0,"rotation":0,"texture":"#0"},"south":{"uv":[1.5,9.625,1.875,10.65625],"tintindex":0,"rotation":0,"texture":"#0"},"north":{"uv":[1.125,9.625,1.5,10.65625],"tintindex":0,"rotation":0,"texture":"#0"},"west":{"uv":[9.875,7.5,10.1875,8.53125],"tintindex":0,"rotation":0,"texture":"#0"},"up":{"uv":[12.125,5.4375,11.75,5.125],"tintindex":0,"rotation":0,"texture":"#0"},"down":{"uv":[7.625,11.75,7.25,12.0625],"tintindex":0,"rotation":0,"texture":"#0"}}}],"display":{"gui":{"rotation":[30,225,0]}}}