{"textures":{"0":"modelengine:entity/skeletonking"},"elements":[{"from":[-7.440008,3.113348,1.3907676],"to":[-5.5400066,9.313347,3.8907676],"faces":{"east":{"uv":[10.625,0.625,10.9375,1.40625],"tintindex":0,"rotation":0,"texture":"#0"},"south":{"uv":[1.25,11.25,1.5,12.03125],"tintindex":0,"rotation":0,"texture":"#0"},"north":{"uv":[1.0,11.25,1.25,12.03125],"tintindex":0,"rotation":0,"texture":"#0"},"west":{"uv":[5.125,10.625,5.4375,11.40625],"tintindex":0,"rotation":0,"texture":"#0"},"up":{"uv":[12.25,3.6875,12.0,3.375],"tintindex":0,"rotation":0,"texture":"#0"},"down":{"uv":[6.375,12.0,6.125,12.3125],"tintindex":0,"rotation":0,"texture":"#0"}},"rotation":{"origin":[6.6,-11.5,2.6999998],"angle":-22.5,"axis":"z"}},{"from":[2.2202306,1.6907673,5.2],"to":[7.4202304,10.190769,10.8],"faces":{"east":{"uv":[6.125,1.125,6.8125,2.1875],"tintindex":0,"rotation":0,"texture":"#0"},"south":{"uv":[1.75,6.375,2.40625,7.4375],"tintindex":0,"rotation":0,"texture":"#0"},"north":{"uv":[6.25,6.25,6.90625,7.3125],"tintindex":0,"rotation":0,"texture":"#0"},"west":{"uv":[6.125,2.25,6.8125,3.3125],"tintindex":0,"rotation":0,"texture":"#0"},"up":{"uv":[6.78125,9.5625,6.125,8.875],"tintindex":0,"rotation":0,"texture":"#0"},"down":{"uv":[2.53125,9.0,1.875,9.6875],"tintindex":0,"rotation":0,"texture":"#0"}}},{"from":[3.9202304,-2.609232,6.3],"to":[8.12023,3.6907692,9.7],"faces":{"east":{"uv":[0.625,9.75,1.0625,10.53125],"tintindex":0,"rotation":0,"texture":"#0"},"south":{"uv":[3.25,9.125,3.78125,9.90625],"tintindex":0,"rotation":0,"texture":"#0"},"north":{"uv":[9.125,3.0,9.65625,3.78125],"tintindex":0,"rotation":0,"texture":"#0"},"west":{"uv":[9.75,1.125,10.1875,1.90625],"tintindex":0,"rotation":0,"texture":"#0"},"up":{"uv":[11.40625,6.6875,10.875,6.25],"tintindex":0,"rotation":0,"texture":"#0"},"down":{"uv":[7.78125,10.875,7.25,11.3125],"tintindex":0,"rotation":0,"texture":"#0"}}},{"from":[-0.67349815,5.09581,12.090767],"to":[1.226502,11.295811,14.590767],"faces":{"east":{"uv":[5.5,10.625,5.8125,11.40625],"tintindex":0,"rotation":0,"texture":"#0"},"south":{"uv":[2.125,11.25,2.375,12.03125],"tintindex":0,"rotation":0,"texture":"#0"},"north":{"uv":[1.875,11.25,2.125,12.03125],"tintindex":0,"rotation":0,"texture":"#0"},"west":{"uv":[5.875,10.625,6.1875,11.40625],"tintindex":0,"rotation":0,"texture":"#0"},"up":{"uv":[6.625,12.3125,6.375,12.0],"tintindex":0,"rotation":0,"texture":"#0"},"down":{"uv":[12.25,6.5,12.0,6.8125],"tintindex":0,"rotation":0,"texture":"#0"}},"rotation":{"origin":[5.0,6.5,9.7],"angle":-22.5,"axis":"z"}},{"from":[1.257236,6.390476,4.9],"to":[4.1572356,9.890476,11.1],"faces":{"east":{"uv":[9.625,9.25,10.40625,9.6875],"tintindex":0,"rotation":0,"texture":"#0"},"south":{"uv":[11.375,9.25,11.75,9.6875],"tintindex":0,"rotation":0,"texture":"#0"},"north":{"uv":[11.375,8.75,11.75,9.1875],"tintindex":0,"rotation":0,"texture":"#0"},"west":{"uv":[9.75,0.625,10.53125,1.0625],"tintindex":0,"rotation":0,"texture":"#0"},"up":{"uv":[0.375,10.78125,0.0,10.0],"tintindex":0,"rotation":0,"texture":"#0"},"down":{"uv":[3.375,10.0,3.0,10.78125],"tintindex":0,"rotation":0,"texture":"#0"}},"rotation":{"origin":[5.0,6.5,9.7],"angle":22.5,"axis":"z"}},{"from":[3.2202306,-0.50923157,5.7],"to":[5.4202304,7.7907677,10.3],"faces":{"east":{"uv":[4.625,7.375,5.1875,8.40625],"tintindex":0,"rotation":0,"texture":"#0"},"south":{"uv":[9.125,10.125,9.40625,11.15625],"tintindex":0,"rotation":0,"texture":"#0"},"north":{"uv":[3.75,10.125,4.03125,11.15625],"tintindex":0,"rotation":0,"texture":"#0"},"west":{"uv":[5.875,7.375,6.4375,8.40625],"tintindex":0,"rotation":0,"texture":"#0"},"up":{"uv":[11.78125,2.1875,11.5,1.625],"tintindex":0,"rotation":0,"texture":"#0"},"down":{"uv":[2.90625,11.5,2.625,12.0625],"tintindex":0,"rotation":0,"texture":"#0"}}},{"from":[-0.67349815,5.186577,3.8999996],"to":[1.226502,7.686577,12.1],"faces":{"east":{"uv":[9.125,9.75,10.15625,10.0625],"tintindex":0,"rotation":0,"texture":"#0"},"south":{"uv":[3.25,12.0,3.5,12.3125],"tintindex":0,"rotation":0,"texture":"#0"},"north":{"uv":[12.0,3.0,12.25,3.3125],"tintindex":0,"rotation":0,"texture":"#0"},"west":{"uv":[9.875,0.0,10.90625,0.3125],"tintindex":0,"rotation":0,"texture":"#0"},"up":{"uv":[5.125,11.28125,4.875,10.25],"tintindex":0,"rotation":0,"texture":"#0"},"down":{"uv":[10.75,3.875,10.5,4.90625],"tintindex":0,"rotation":0,"texture":"#0"}},"rotation":{"origin":[5.0,6.5,9.7],"angle":-22.5,"axis":"z"}},{"from":[1.726502,2.2865772,5.0],"to":[4.6265016,5.7865753,11.0],"faces":{"east":{"uv":[9.75,3.0,10.5,3.4375],"tintindex":0,"rotation":0,"texture":"#0"},"south":{"uv":[11.5,0.5,11.875,0.9375],"tintindex":0,"rotation":0,"texture":"#0"},"north":{"uv":[10.25,11.375,10.625,11.8125],"tintindex":0,"rotation":0,"texture":"#0"},"west":{"uv":[4.375,9.75,5.125,10.1875],"tintindex":0,"rotation":0,"texture":"#0"},"up":{"uv":[4.5,11.0,4.125,10.25],"tintindex":0,"rotation":0,"texture":"#0"},"down":{"uv":[4.875,10.25,4.5,11.0],"tintindex":0,"rotation":0,"texture":"#0"}},"rotation":{"origin":[5.0,6.5,9.7],"angle":-22.5,"axis":"z"}}],"display":{"gui":{"rotation":[30,225,0]}}}