{"textures":{"0":"modelengine:entity/skeletonking"},"elements":[{"from":[3.4,25.611904,16.204327],"to":[12.6,28.611904,17.204327],"faces":{"east":{"uv":[7.75,11.375,7.875,11.75],"tintindex":0,"rotation":0,"texture":"#0"},"south":{"uv":[9.0,6.0,10.15625,6.375],"tintindex":0,"rotation":0,"texture":"#0"},"north":{"uv":[9.0,5.625,10.15625,6.0],"tintindex":0,"rotation":0,"texture":"#0"},"west":{"uv":[4.625,11.5,4.75,11.875],"tintindex":0,"rotation":0,"texture":"#0"},"up":{"uv":[12.53125,5.875,11.375,5.75],"tintindex":0,"rotation":0,"texture":"#0"},"down":{"uv":[12.65625,2.25,11.5,2.375],"tintindex":0,"rotation":0,"texture":"#0"}},"rotation":{"origin":[8.0,-11.388096,41.204327],"angle":-22.5,"axis":"x"}},{"from":[3.4,6.0,3.7999997],"to":[12.6,8.0,11.8],"faces":{"east":{"uv":[10.25,6.0,11.25,6.25],"tintindex":0,"rotation":0,"texture":"#0"},"south":{"uv":[9.875,0.375,11.03125,0.625],"tintindex":0,"rotation":0,"texture":"#0"},"north":{"uv":[9.5,5.0,10.65625,5.25],"tintindex":0,"rotation":0,"texture":"#0"},"west":{"uv":[10.5,3.0,11.5,3.25],"tintindex":0,"rotation":0,"texture":"#0"},"up":{"uv":[4.90625,1.0,3.75,0.0],"tintindex":0,"rotation":0,"texture":"#0"},"down":{"uv":[5.15625,1.0,4.0,2.0],"tintindex":0,"rotation":0,"texture":"#0"}}},{"from":[13.834531,12.542072,3.8999996],"to":[17.03453,19.842072,11.7],"faces":{"east":{"uv":[4.75,4.25,5.71875,5.15625],"tintindex":0,"rotation":0,"texture":"#0"},"south":{"uv":[5.625,9.625,6.03125,10.53125],"tintindex":0,"rotation":0,"texture":"#0"},"north":{"uv":[5.125,9.625,5.53125,10.53125],"tintindex":0,"rotation":0,"texture":"#0"},"west":{"uv":[5.0,0.0,5.96875,0.90625],"tintindex":0,"rotation":0,"texture":"#0"},"up":{"uv":[4.28125,10.09375,3.875,9.125],"tintindex":0,"rotation":0,"texture":"#0"},"down":{"uv":[9.53125,8.75,9.125,9.71875],"tintindex":0,"rotation":0,"texture":"#0"}},"rotation":{"origin":[20.03453,-15.95793,14.2],"angle":22.5,"axis":"z"}},{"from":[-1.0345306,12.542072,3.8999996],"to":[2.1654692,19.842072,11.7],"faces":{"east":{"uv":[5.125,2.0,6.09375,2.90625],"tintindex":0,"rotation":0,"texture":"#0"},"south":{"uv":[8.625,9.625,9.03125,10.53125],"tintindex":0,"rotation":0,"texture":"#0"},"north":{"uv":[6.125,9.625,6.53125,10.53125],"tintindex":0,"rotation":0,"texture":"#0"},"west":{"uv":[5.125,3.0,6.09375,3.90625],"tintindex":0,"rotation":0,"texture":"#0"},"up":{"uv":[9.65625,1.59375,9.25,0.625],"tintindex":0,"rotation":0,"texture":"#0"},"down":{"uv":[9.65625,1.625,9.25,2.59375],"tintindex":0,"rotation":0,"texture":"#0"}},"rotation":{"origin":[-4.0345306,-15.95793,14.2],"angle":-22.5,"axis":"z"}},{"from":[3.4,8.0,3.8000002],"to":[12.6,16.0,11.8],"faces":{"east":{"uv":[1.25,4.5,2.25,5.5],"tintindex":0,"rotation":0,"texture":"#0"},"south":{"uv":[2.75,3.25,3.90625,4.25],"tintindex":0,"rotation":0,"texture":"#0"},"north":{"uv":[2.75,2.25,3.90625,3.25],"tintindex":0,"rotation":0,"texture":"#0"},"west":{"uv":[0.0,4.75,1.0,5.75],"tintindex":0,"rotation":0,"texture":"#0"},"up":{"uv":[2.40625,4.5,1.25,3.5],"tintindex":0,"rotation":0,"texture":"#0"},"down":{"uv":[1.15625,3.75,0.0,4.75],"tintindex":0,"rotation":0,"texture":"#0"}}},{"from":[3.5,24.563854,-1.732687],"to":[12.5,27.563854,-0.732687],"faces":{"east":{"uv":[4.75,11.0,4.875,11.375],"tintindex":0,"rotation":0,"texture":"#0"},"south":{"uv":[9.0,6.75,10.125,7.125],"tintindex":0,"rotation":0,"texture":"#0"},"north":{"uv":[9.0,6.375,10.125,6.75],"tintindex":0,"rotation":0,"texture":"#0"},"west":{"uv":[1.5,11.25,1.625,11.625],"tintindex":0,"rotation":0,"texture":"#0"},"up":{"uv":[12.625,6.375,11.5,6.25],"tintindex":0,"rotation":0,"texture":"#0"},"down":{"uv":[12.625,6.375,11.5,6.5],"tintindex":0,"rotation":0,"texture":"#0"}},"rotation":{"origin":[8.0,-12.536146,-22.732687],"angle":22.5,"axis":"x"}},{"from":[3.4,16.0,2.8000002],"to":[12.6,19.0,12.9],"faces":{"east":{"uv":[7.875,3.0,9.125,3.375],"tintindex":0,"rotation":0,"texture":"#0"},"south":{"uv":[9.0,5.25,10.15625,5.625],"tintindex":0,"rotation":0,"texture":"#0"},"north":{"uv":[8.75,2.625,9.90625,3.0],"tintindex":0,"rotation":0,"texture":"#0"},"west":{"uv":[8.25,7.125,9.5,7.5],"tintindex":0,"rotation":0,"texture":"#0"},"up":{"uv":[1.15625,3.75,0.0,2.5],"tintindex":0,"rotation":0,"texture":"#0"},"down":{"uv":[3.65625,0.0,2.5,1.25],"tintindex":0,"rotation":0,"texture":"#0"}}}],"display":{"gui":{"rotation":[30,225,0]}}}