{"textures":{"0":"modelengine:entity/skeletonking"},"elements":[{"from":[21.540007,3.113348,1.3907676],"to":[23.440008,9.313347,3.8907676],"faces":{"east":{"uv":[10.5,6.25,10.8125,7.03125],"tintindex":0,"rotation":0,"texture":"#0"},"south":{"uv":[4.5,5.375,4.75,6.15625],"tintindex":0,"rotation":0,"texture":"#0"},"north":{"uv":[2.25,4.5,2.5,5.28125],"tintindex":0,"rotation":0,"texture":"#0"},"west":{"uv":[10.5,8.75,10.8125,9.53125],"tintindex":0,"rotation":0,"texture":"#0"},"up":{"uv":[10.5,12.1875,10.25,11.875],"tintindex":0,"rotation":0,"texture":"#0"},"down":{"uv":[0.625,12.0,0.375,12.3125],"tintindex":0,"rotation":0,"texture":"#0"}},"rotation":{"origin":[9.4,-11.5,2.6999998],"angle":22.5,"axis":"z"}},{"from":[14.773499,5.09581,12.090767],"to":[16.673498,11.295811,14.590767],"faces":{"east":{"uv":[10.25,10.5,10.5625,11.28125],"tintindex":0,"rotation":0,"texture":"#0"},"south":{"uv":[1.625,10.75,1.875,11.53125],"tintindex":0,"rotation":0,"texture":"#0"},"north":{"uv":[0.75,5.75,1.0,6.53125],"tintindex":0,"rotation":0,"texture":"#0"},"west":{"uv":[0.625,10.625,0.9375,11.40625],"tintindex":0,"rotation":0,"texture":"#0"},"up":{"uv":[1.75,12.3125,1.5,12.0],"tintindex":0,"rotation":0,"texture":"#0"},"down":{"uv":[3.25,12.0,3.0,12.3125],"tintindex":0,"rotation":0,"texture":"#0"}},"rotation":{"origin":[11.0,6.5,9.7],"angle":22.5,"axis":"z"}},{"from":[10.579769,-0.50923157,5.7],"to":[12.77977,7.7907677,10.3],"faces":{"east":{"uv":[5.25,7.25,5.8125,8.28125],"tintindex":0,"rotation":0,"texture":"#0"},"south":{"uv":[6.625,10.0,6.90625,11.03125],"tintindex":0,"rotation":0,"texture":"#0"},"north":{"uv":[3.375,10.0,3.65625,11.03125],"tintindex":0,"rotation":0,"texture":"#0"},"west":{"uv":[4.0,7.375,4.5625,8.40625],"tintindex":0,"rotation":0,"texture":"#0"},"up":{"uv":[0.90625,12.0625,0.625,11.5],"tintindex":0,"rotation":0,"texture":"#0"},"down":{"uv":[11.78125,1.0,11.5,1.5625],"tintindex":0,"rotation":0,"texture":"#0"}}},{"from":[14.773499,5.186577,3.8999996],"to":[16.673498,7.686577,12.1],"faces":{"east":{"uv":[9.5,7.125,10.53125,7.4375],"tintindex":0,"rotation":0,"texture":"#0"},"south":{"uv":[11.875,9.625,12.125,9.9375],"tintindex":0,"rotation":0,"texture":"#0"},"north":{"uv":[5.875,11.875,6.125,12.1875],"tintindex":0,"rotation":0,"texture":"#0"},"west":{"uv":[9.75,3.5,10.78125,3.8125],"tintindex":0,"rotation":0,"texture":"#0"},"up":{"uv":[0.625,11.03125,0.375,10.0],"tintindex":0,"rotation":0,"texture":"#0"},"down":{"uv":[7.25,10.0,7.0,11.03125],"tintindex":0,"rotation":0,"texture":"#0"}},"rotation":{"origin":[11.0,6.5,9.7],"angle":22.5,"axis":"z"}},{"from":[7.87977,-1.609232,6.3],"to":[12.079769,4.690769,9.7],"faces":{"east":{"uv":[1.75,5.5,2.1875,6.28125],"tintindex":0,"rotation":0,"texture":"#0"},"south":{"uv":[0.0,9.125,0.53125,9.90625],"tintindex":0,"rotation":0,"texture":"#0"},"north":{"uv":[2.625,9.0,3.15625,9.78125],"tintindex":0,"rotation":0,"texture":"#0"},"west":{"uv":[4.0,6.5,4.4375,7.28125],"tintindex":0,"rotation":0,"texture":"#0"},"up":{"uv":[11.28125,7.5625,10.75,7.125],"tintindex":0,"rotation":0,"texture":"#0"},"down":{"uv":[11.28125,7.625,10.75,8.0625],"tintindex":0,"rotation":0,"texture":"#0"}}},{"from":[8.579769,1.6907673,5.2],"to":[13.77977,10.190769,10.8],"faces":{"east":{"uv":[5.75,4.0,6.4375,5.0625],"tintindex":0,"rotation":0,"texture":"#0"},"south":{"uv":[6.25,5.125,6.90625,6.1875],"tintindex":0,"rotation":0,"texture":"#0"},"north":{"uv":[4.5,6.25,5.15625,7.3125],"tintindex":0,"rotation":0,"texture":"#0"},"west":{"uv":[6.0,0.0,6.6875,1.0625],"tintindex":0,"rotation":0,"texture":"#0"},"up":{"uv":[9.40625,5.1875,8.75,4.5],"tintindex":0,"rotation":0,"texture":"#0"},"down":{"uv":[1.78125,8.875,1.125,9.5625],"tintindex":0,"rotation":0,"texture":"#0"}}},{"from":[11.842764,6.390476,4.9],"to":[14.7427635,9.890476,11.1],"faces":{"east":{"uv":[9.5,4.5,10.28125,4.9375],"tintindex":0,"rotation":0,"texture":"#0"},"south":{"uv":[6.25,10.625,6.625,11.0625],"tintindex":0,"rotation":0,"texture":"#0"},"north":{"uv":[8.375,0.625,8.75,1.0625],"tintindex":0,"rotation":0,"texture":"#0"},"west":{"uv":[9.625,8.75,10.40625,9.1875],"tintindex":0,"rotation":0,"texture":"#0"},"up":{"uv":[1.75,7.40625,1.375,6.625],"tintindex":0,"rotation":0,"texture":"#0"},"down":{"uv":[2.5,7.5,2.125,8.28125],"tintindex":0,"rotation":0,"texture":"#0"}},"rotation":{"origin":[11.0,6.5,9.7],"angle":-22.5,"axis":"z"}},{"from":[11.373499,2.2865772,5.0],"to":[14.273499,5.7865753,11.0],"faces":{"east":{"uv":[1.875,9.75,2.625,10.1875],"tintindex":0,"rotation":0,"texture":"#0"},"south":{"uv":[4.75,11.375,5.125,11.8125],"tintindex":0,"rotation":0,"texture":"#0"},"north":{"uv":[3.75,11.25,4.125,11.6875],"tintindex":0,"rotation":0,"texture":"#0"},"west":{"uv":[9.75,2.0,10.5,2.4375],"tintindex":0,"rotation":0,"texture":"#0"},"up":{"uv":[10.5,7.125,10.125,6.375],"tintindex":0,"rotation":0,"texture":"#0"},"down":{"uv":[10.625,1.125,10.25,1.875],"tintindex":0,"rotation":0,"texture":"#0"}},"rotation":{"origin":[11.0,6.5,9.7],"angle":22.5,"axis":"z"}}],"display":{"gui":{"rotation":[30,225,0]}}}