{"textures":{"0":"modelengine:entity/wolfmob39"},"elements":[{"from":[2.0,7.2975044,4.40205],"to":[14.0,18.297504,10.40205],"faces":{"east":{"uv":[3.0625,5.0625,3.4375,5.75],"tintindex":0,"rotation":0,"texture":"#0"},"south":{"uv":[4.25,3.75,5.0,4.4375],"tintindex":0,"rotation":0,"texture":"#0"},"north":{"uv":[3.5,3.75,4.25,4.4375],"tintindex":0,"rotation":0,"texture":"#0"},"west":{"uv":[1.5,5.5625,1.875,6.25],"tintindex":0,"rotation":0,"texture":"#0"},"up":{"uv":[6.25,3.8125,5.5,3.4375],"tintindex":0,"rotation":0,"texture":"#0"},"down":{"uv":[6.25,3.8125,5.5,4.1875],"tintindex":0,"rotation":0,"texture":"#0"}}},{"from":[2.0,9.297504,3.1020503],"to":[8.0,13.297504,6.1020503],"faces":{"east":{"uv":[5.5625,8.5625,5.75,8.8125],"tintindex":0,"rotation":0,"texture":"#0"},"south":{"uv":[8.0625,6.0,8.4375,6.25],"tintindex":0,"rotation":0,"texture":"#0"},"north":{"uv":[8.0625,5.75,8.4375,6.0],"tintindex":0,"rotation":0,"texture":"#0"},"west":{"uv":[5.75,8.5625,5.9375,8.8125],"tintindex":0,"rotation":0,"texture":"#0"},"up":{"uv":[8.625,5.375,8.25,5.1875],"tintindex":0,"rotation":0,"texture":"#0"},"down":{"uv":[8.625,7.875,8.25,8.0625],"tintindex":0,"rotation":0,"texture":"#0"}},"rotation":{"origin":[6.5,14.297504,2.9020505],"angle":-22.5,"axis":"z"}},{"from":[10.0,11.297504,2.4020505],"to":[17.0,16.297504,7.4020505],"faces":{"east":{"uv":[7.9375,5.0625,8.25,5.375],"tintindex":0,"rotation":0,"texture":"#0"},"south":{"uv":[7.4375,3.0,7.875,3.3125],"tintindex":0,"rotation":0,"texture":"#0"},"north":{"uv":[3.0,7.4375,3.4375,7.75],"tintindex":0,"rotation":0,"texture":"#0"},"west":{"uv":[6.9375,7.9375,7.25,8.25],"tintindex":0,"rotation":0,"texture":"#0"},"up":{"uv":[7.875,3.625,7.4375,3.3125],"tintindex":0,"rotation":0,"texture":"#0"},"down":{"uv":[7.875,3.625,7.4375,3.9375],"tintindex":0,"rotation":0,"texture":"#0"}},"rotation":{"origin":[9.5,14.297504,2.9020505],"angle":22.5,"axis":"z"}},{"from":[-4.0,9.297504,7.4020505],"to":[2.0,16.297504,11.40205],"faces":{"east":{"uv":[7.8125,5.75,8.0625,6.1875],"tintindex":0,"rotation":0,"texture":"#0"},"south":{"uv":[7.0,1.6875,7.375,2.125],"tintindex":0,"rotation":0,"texture":"#0"},"north":{"uv":[7.0,1.25,7.375,1.6875],"tintindex":0,"rotation":0,"texture":"#0"},"west":{"uv":[7.8125,6.1875,8.0625,6.625],"tintindex":0,"rotation":0,"texture":"#0"},"up":{"uv":[8.4375,6.5,8.0625,6.25],"tintindex":0,"rotation":0,"texture":"#0"},"down":{"uv":[8.4375,6.5,8.0625,6.75],"tintindex":0,"rotation":0,"texture":"#0"}},"rotation":{"origin":[0.0,15.297504,6.9020505],"angle":45.0,"axis":"z"}},{"from":[6.0,21.297504,9.40205],"to":[10.0,23.297504,10.40205],"faces":{"east":{"uv":[6.125,5.0625,6.1875,5.1875],"tintindex":0,"rotation":0,"texture":"#0"},"south":{"uv":[5.875,5.0625,6.125,5.1875],"tintindex":0,"rotation":0,"texture":"#0"},"north":{"uv":[4.75,3.625,5.0,3.75],"tintindex":0,"rotation":0,"texture":"#0"},"west":{"uv":[7.3125,6.3125,7.375,6.4375],"tintindex":0,"rotation":0,"texture":"#0"},"up":{"uv":[5.5,1.375,5.25,1.3125],"tintindex":0,"rotation":0,"texture":"#0"},"down":{"uv":[7.8125,2.1875,7.5625,2.25],"tintindex":0,"rotation":0,"texture":"#0"}}},{"from":[10.0,21.297504,4.40205],"to":[11.0,23.297504,10.40205],"faces":{"east":{"uv":[4.375,3.625,4.75,3.75],"tintindex":0,"rotation":0,"texture":"#0"},"south":{"uv":[8.1875,4.25,8.25,4.375],"tintindex":0,"rotation":0,"texture":"#0"},"north":{"uv":[0.3125,8.0,0.375,8.125],"tintindex":0,"rotation":0,"texture":"#0"},"west":{"uv":[5.5625,3.0,5.9375,3.125],"tintindex":0,"rotation":0,"texture":"#0"},"up":{"uv":[4.25,6.75,4.1875,6.375],"tintindex":0,"rotation":0,"texture":"#0"},"down":{"uv":[8.8125,1.125,8.75,1.5],"tintindex":0,"rotation":0,"texture":"#0"}}},{"from":[-5.0,14.197506,6.4020505],"to":[2.0,20.197506,12.40205],"faces":{"east":{"uv":[0.0,7.3125,0.375,7.6875],"tintindex":0,"rotation":0,"texture":"#0"},"south":{"uv":[6.9375,4.4375,7.375,4.8125],"tintindex":0,"rotation":0,"texture":"#0"},"north":{"uv":[6.875,6.0625,7.3125,6.4375],"tintindex":0,"rotation":0,"texture":"#0"},"west":{"uv":[7.3125,0.375,7.6875,0.75],"tintindex":0,"rotation":0,"texture":"#0"},"up":{"uv":[7.375,5.75,6.9375,5.375],"tintindex":0,"rotation":0,"texture":"#0"},"down":{"uv":[7.375,6.4375,6.9375,6.8125],"tintindex":0,"rotation":0,"texture":"#0"}},"rotation":{"origin":[-4.0,16.197506,8.90205],"angle":-22.5,"axis":"z"}},{"from":[-2.0,15.297504,1.4020505],"to":[4.0,17.297504,4.40205],"faces":{"east":{"uv":[5.9375,8.75,6.125,8.875],"tintindex":0,"rotation":0,"texture":"#0"},"south":{"uv":[8.625,5.0,9.0,5.125],"tintindex":0,"rotation":0,"texture":"#0"},"north":{"uv":[2.9375,8.625,3.3125,8.75],"tintindex":0,"rotation":0,"texture":"#0"},"west":{"uv":[6.125,8.75,6.3125,8.875],"tintindex":0,"rotation":0,"texture":"#0"},"up":{"uv":[8.6875,3.0,8.3125,2.8125],"tintindex":0,"rotation":0,"texture":"#0"},"down":{"uv":[8.6875,3.0,8.3125,3.1875],"tintindex":0,"rotation":0,"texture":"#0"}},"rotation":{"origin":[6.5,14.297504,2.9020505],"angle":-22.5,"axis":"z"}},{"from":[14.0,9.297504,7.4020505],"to":[20.0,16.297504,11.40205],"faces":{"east":{"uv":[6.5,1.5625,6.75,2.0],"tintindex":0,"rotation":0,"texture":"#0"},"south":{"uv":[6.8125,3.25,7.1875,3.6875],"tintindex":0,"rotation":0,"texture":"#0"},"north":{"uv":[2.0,6.8125,2.375,7.25],"tintindex":0,"rotation":0,"texture":"#0"},"west":{"uv":[6.6875,7.75,6.9375,8.1875],"tintindex":0,"rotation":0,"texture":"#0"},"up":{"uv":[5.875,1.375,5.5,1.125],"tintindex":0,"rotation":0,"texture":"#0"},"down":{"uv":[5.875,4.1875,5.5,4.4375],"tintindex":0,"rotation":0,"texture":"#0"}},"rotation":{"origin":[16.0,15.297504,6.9020505],"angle":-45.0,"axis":"z"}},{"from":[12.0,15.297504,1.4020505],"to":[18.0,17.297504,4.40205],"faces":{"east":{"uv":[8.75,3.9375,8.9375,4.0625],"tintindex":0,"rotation":0,"texture":"#0"},"south":{"uv":[8.4375,8.5625,8.8125,8.6875],"tintindex":0,"rotation":0,"texture":"#0"},"north":{"uv":[8.4375,2.6875,8.8125,2.8125],"tintindex":0,"rotation":0,"texture":"#0"},"west":{"uv":[8.75,4.0625,8.9375,4.1875],"tintindex":0,"rotation":0,"texture":"#0"},"up":{"uv":[8.6875,2.25,8.3125,2.0625],"tintindex":0,"rotation":0,"texture":"#0"},"down":{"uv":[8.6875,2.25,8.3125,2.4375],"tintindex":0,"rotation":0,"texture":"#0"}},"rotation":{"origin":[9.5,14.297504,2.9020505],"angle":22.5,"axis":"z"}},{"from":[-1.0,11.297504,2.4020505],"to":[6.0,16.297504,7.4020505],"faces":{"east":{"uv":[7.9375,7.4375,8.25,7.75],"tintindex":0,"rotation":0,"texture":"#0"},"south":{"uv":[7.5,5.0625,7.9375,5.375],"tintindex":0,"rotation":0,"texture":"#0"},"north":{"uv":[7.5,4.75,7.9375,5.0625],"tintindex":0,"rotation":0,"texture":"#0"},"west":{"uv":[7.9375,7.75,8.25,8.0625],"tintindex":0,"rotation":0,"texture":"#0"},"up":{"uv":[7.9375,6.9375,7.5,6.625],"tintindex":0,"rotation":0,"texture":"#0"},"down":{"uv":[7.9375,6.9375,7.5,7.25],"tintindex":0,"rotation":0,"texture":"#0"}},"rotation":{"origin":[6.5,14.297504,2.9020505],"angle":-22.5,"axis":"z"}},{"from":[14.0,14.197506,6.4020505],"to":[21.0,20.197506,12.40205],"faces":{"east":{"uv":[5.625,7.25,6.0,7.625],"tintindex":0,"rotation":0,"texture":"#0"},"south":{"uv":[6.8125,4.0625,7.25,4.4375],"tintindex":0,"rotation":0,"texture":"#0"},"north":{"uv":[6.8125,3.6875,7.25,4.0625],"tintindex":0,"rotation":0,"texture":"#0"},"west":{"uv":[6.9375,7.25,7.3125,7.625],"tintindex":0,"rotation":0,"texture":"#0"},"up":{"uv":[7.25,5.375,6.8125,5.0],"tintindex":0,"rotation":0,"texture":"#0"},"down":{"uv":[7.3125,0.4375,6.875,0.8125],"tintindex":0,"rotation":0,"texture":"#0"}},"rotation":{"origin":[20.0,16.197506,8.90205],"angle":22.5,"axis":"z"}},{"from":[0.0,13.697506,8.20205],"to":[16.0,19.697506,13.202051],"faces":{"east":{"uv":[7.8125,1.8125,8.125,2.1875],"tintindex":0,"rotation":0,"texture":"#0"},"south":{"uv":[4.875,4.8125,5.875,5.1875],"tintindex":0,"rotation":0,"texture":"#0"},"north":{"uv":[4.875,4.4375,5.875,4.8125],"tintindex":0,"rotation":0,"texture":"#0"},"west":{"uv":[7.8125,2.1875,8.125,2.5625],"tintindex":0,"rotation":0,"texture":"#0"},"up":{"uv":[6.0625,3.4375,5.0625,3.125],