{"textures":{"0":"modelengine:entity/wolfmob39"},"elements":[{"from":[5.935107,17.420914,12.89653],"to":[7.935107,21.420914,13.89653],"faces":{"east":{"uv":[8.8125,6.75,8.875,7.0],"tintindex":0,"rotation":0,"texture":"#0"},"south":{"uv":[8.6875,8.3125,8.8125,8.5625],"tintindex":0,"rotation":0,"texture":"#0"},"north":{"uv":[7.25,4.1875,7.375,4.4375],"tintindex":0,"rotation":0,"texture":"#0"},"west":{"uv":[6.875,8.8125,6.9375,9.0625],"tintindex":0,"rotation":0,"texture":"#0"},"up":{"uv":[8.0,4.4375,7.875,4.375],"tintindex":0,"rotation":0,"texture":"#0"},"down":{"uv":[8.625,7.8125,8.5,7.875],"tintindex":0,"rotation":0,"texture":"#0"}},"rotation":{"origin":[3.4351072,9.920914,7.79653],"angle":22.5,"axis":"x"}},{"from":[5.935107,-2.5790863,4.8965297],"to":[8.935107,2.4209137,5.8965297],"faces":{"east":{"uv":[5.375,8.8125,5.4375,9.125],"tintindex":0,"rotation":0,"texture":"#0"},"south":{"uv":[3.3125,8.5625,3.5,8.875],"tintindex":0,"rotation":0,"texture":"#0"},"north":{"uv":[1.5,8.5625,1.6875,8.875],"tintindex":0,"rotation":0,"texture":"#0"},"west":{"uv":[5.4375,8.8125,5.5,9.125],"tintindex":0,"rotation":0,"texture":"#0"},"up":{"uv":[7.125,8.875,6.9375,8.8125],"tintindex":0,"rotation":0,"texture":"#0"},"down":{"uv":[9.0,7.0,8.8125,7.0625],"tintindex":0,"rotation":0,"texture":"#0"}}},{"from":[2.9351072,3.4209137,4.8965297],"to":[7.935107,10.420914,10.696529],"faces":{"east":{"uv":[7.0,2.125,7.375,2.5625],"tintindex":0,"rotation":0,"texture":"#0"},"south":{"uv":[7.5625,0.75,7.875,1.1875],"tintindex":0,"rotation":0,"texture":"#0"},"north":{"uv":[7.5,7.25,7.8125,7.6875],"tintindex":0,"rotation":0,"texture":"#0"},"west":{"uv":[3.5,7.125,3.875,7.5625],"tintindex":0,"rotation":0,"texture":"#0"},"up":{"uv":[2.9375,8.1875,2.625,7.8125],"tintindex":0,"rotation":0,"texture":"#0"},"down":{"uv":[4.375,7.8125,4.0625,8.1875],"tintindex":0,"rotation":0,"texture":"#0"}},"rotation":{"origin":[3.4351072,9.920914,7.79653],"angle":22.5,"axis":"z"}},{"from":[4.935107,2.4209137,9.89653],"to":[9.935107,14.420914,13.89653],"faces":{"east":{"uv":[6.25,6.4375,6.5,7.1875],"tintindex":0,"rotation":0,"texture":"#0"},"south":{"uv":[5.6875,5.8125,6.0,6.5625],"tintindex":0,"rotation":0,"texture":"#0"},"north":{"uv":[5.375,5.8125,5.6875,6.5625],"tintindex":0,"rotation":0,"texture":"#0"},"west":{"uv":[6.5,0.8125,6.75,1.5625],"tintindex":0,"rotation":0,"texture":"#0"},"up":{"uv":[8.5625,0.25,8.25,0.0],"tintindex":0,"rotation":0,"texture":"#0"},"down":{"uv":[8.5625,0.25,8.25,0.5],"tintindex":0,"rotation":0,"texture":"#0"}},"rotation":{"origin":[3.4351072,9.920914,7.79653],"angle":22.5,"axis":"x"}},{"from":[5.935107,14.420914,11.89653],"to":[7.935107,19.420914,12.89653],"faces":{"east":{"uv":[5.125,8.8125,5.1875,9.125],"tintindex":0,"rotation":0,"texture":"#0"},"south":{"uv":[4.0,8.6875,4.125,9.0],"tintindex":0,"rotation":0,"texture":"#0"},"north":{"uv":[8.6875,2.8125,8.8125,3.125],"tintindex":0,"rotation":0,"texture":"#0"},"west":{"uv":[5.1875,8.8125,5.25,9.125],"tintindex":0,"rotation":0,"texture":"#0"},"up":{"uv":[8.9375,7.25,8.8125,7.1875],"tintindex":0,"rotation":0,"texture":"#0"},"down":{"uv":[8.9375,7.25,8.8125,7.3125],"tintindex":0,"rotation":0,"texture":"#0"}},"rotation":{"origin":[3.4351072,9.920914,7.79653],"angle":22.5,"axis":"x"}},{"from":[4.935107,8.420914,5.8965297],"to":[9.935107,12.420914,11.696529],"faces":{"east":{"uv":[0.3125,8.125,0.6875,8.375],"tintindex":0,"rotation":0,"texture":"#0"},"south":{"uv":[8.1875,8.0625,8.5,8.3125],"tintindex":0,"rotation":0,"texture":"#0"},"north":{"uv":[4.3125,8.1875,4.625,8.4375],"tintindex":0,"rotation":0,"texture":"#0"},"west":{"uv":[8.125,1.8125,8.5,2.0625],"tintindex":0,"rotation":0,"texture":"#0"},"up":{"uv":[4.6875,8.1875,4.375,7.8125],"tintindex":0,"rotation":0,"texture":"#0"},"down":{"uv":[8.125,5.375,7.8125,5.75],"tintindex":0,"rotation":0,"texture":"#0"}},"rotation":{"origin":[3.4351072,9.920914,7.79653],"angle":22.5,"axis":"z"}},{"from":[5.935107,-3.5790863,5.8965297],"to":[9.935107,7.4209137,9.89653],"faces":{"east":{"uv":[6.6875,5.375,6.9375,6.0625],"tintindex":0,"rotation":0,"texture":"#0"},"south":{"uv":[6.6875,6.4375,6.9375,7.125],"tintindex":0,"rotation":0,"texture":"#0"},"north":{"uv":[0.25,6.625,0.5,7.3125],"tintindex":0,"rotation":0,"texture":"#0"},"west":{"uv":[0.5,6.75,0.75,7.4375],"tintindex":0,"rotation":0,"texture":"#0"},"up":{"uv":[8.75,1.875,8.5,1.625],"tintindex":0,"rotation":0,"texture":"#0"},"down":{"uv":[8.75,3.1875,8.5,3.4375],"tintindex":0,"rotation":0,"texture":"#0"}}},{"from":[9.935107,-0.5790863,5.8965297],"to":[11.235107,7.4209137,10.89653],"faces":{"east":{"uv":[4.75,7.1875,5.0625,7.6875],"tintindex":0,"rotation":0,"texture":"#0"},"south":{"uv":[8.4375,8.6875,8.5,9.1875],"tintindex":0,"rotation":0,"texture":"#0"},"north":{"uv":[7.875,8.6875,7.9375,9.1875],"tintindex":0,"rotation":0,"texture":"#0"},"west":{"uv":[2.0,7.25,2.3125,7.75],"tintindex":0,"rotation":0,"texture":"#0"},"up":{"uv":[8.875,3.8125,8.8125,3.5],"tintindex":0,"rotation":0,"texture":"#0"},"down":{"uv":[5.125,8.8125,5.0625,9.125],"tintindex":0,"rotation":0,"texture":"#0"}}},{"from":[5.935107,8.420914,12.89653],"to":[8.935107,17.420914,14.89653],"faces":{"east":{"uv":[8.4375,0.5,8.5625,1.0625],"tintindex":0,"rotation":0,"texture":"#0"},"south":{"uv":[7.875,0.625,8.0625,1.1875],"tintindex":0,"rotation":0,"texture":"#0"},"north":{"uv":[2.125,7.75,2.3125,8.3125],"tintindex":0,"rotation":0,"texture":"#0"},"west":{"uv":[8.4375,1.0625,8.5625,1.625],"tintindex":0,"rotation":0,"texture":"#0"},"up":{"uv":[8.9375,7.75,8.75,7.625],"tintindex":0,"rotation":0,"texture":"#0"},"down":{"uv":[8.9375,8.6875,8.75,8.8125],"tintindex":0,"rotation":0,"texture":"#0"}},"rotation":{"origin":[3.4351072,9.920914,7.79653],"angle":22.5,"axis":"x"}}],"display":{"gui":{"rotation":[30,225,0]}}}