{"textures":{"0":"modelengine:entity/wolfmob39"},"elements":[{"from":[6.1369,-7.666935,5.383582],"to":[10.1369,5.333065,8.383582],"faces":{"east":{"uv":[7.25,2.5625,7.4375,3.375],"tintindex":0,"rotation":0,"texture":"#0"},"south":{"uv":[6.0,6.125,6.25,6.9375],"tintindex":0,"rotation":0,"texture":"#0"},"north":{"uv":[6.0625,2.5,6.3125,3.3125],"tintindex":0,"rotation":0,"texture":"#0"},"west":{"uv":[7.25,3.375,7.4375,4.1875],"tintindex":0,"rotation":0,"texture":"#0"},"up":{"uv":[6.1875,8.75,5.9375,8.5625],"tintindex":0,"rotation":0,"texture":"#0"},"down":{"uv":[8.875,5.125,8.625,5.3125],"tintindex":0,"rotation":0,"texture":"#0"}}},{"from":[3.1369,-4.666935,5.9835825],"to":[6.1369,3.333065,8.9835825],"faces":{"east":{"uv":[6.0,8.0625,6.1875,8.5625],"tintindex":0,"rotation":0,"texture":"#0"},"south":{"uv":[8.0625,6.75,8.25,7.25],"tintindex":0,"rotation":0,"texture":"#0"},"north":{"uv":[4.875,8.0625,5.0625,8.5625],"tintindex":0,"rotation":0,"texture":"#0"},"west":{"uv":[7.25,8.0625,7.4375,8.5625],"tintindex":0,"rotation":0,"texture":"#0"},"up":{"uv":[8.875,5.9375,8.6875,5.75],"tintindex":0,"rotation":0,"texture":"#0"},"down":{"uv":[8.875,5.9375,8.6875,6.125],"tintindex":0,"rotation":0,"texture":"#0"}},"rotation":{"origin":[3.6369,3.333065,5.883582],"angle":22.5,"axis":"z"}},{"from":[5.1369,0.33306503,5.383582],"to":[9.1369,10.333065,11.383582],"faces":{"east":{"uv":[4.625,5.8125,5.0,6.4375],"tintindex":0,"rotation":0,"texture":"#0"},"south":{"uv":[4.5,7.1875,4.75,7.8125],"tintindex":0,"rotation":0,"texture":"#0"},"north":{"uv":[2.75,7.1875,3.0,7.8125],"tintindex":0,"rotation":0,"texture":"#0"},"west":{"uv":[5.0,5.8125,5.375,6.4375],"tintindex":0,"rotation":0,"texture":"#0"},"up":{"uv":[7.6875,8.4375,7.4375,8.0625],"tintindex":0,"rotation":0,"texture":"#0"},"down":{"uv":[7.9375,8.0625,7.6875,8.4375],"tintindex":0,"rotation":0,"texture":"#0"}},"rotation":{"origin":[5.6369,5.333065,5.883582],"angle":22.5,"axis":"x"}},{"from":[7.1369,-7.666935,8.383582],"to":[11.1369,4.333065,10.383582],"faces":{"east":{"uv":[7.9375,8.0625,8.0625,8.8125],"tintindex":0,"rotation":0,"texture":"#0"},"south":{"uv":[5.0,6.4375,5.25,7.1875],"tintindex":0,"rotation":0,"texture":"#0"},"north":{"uv":[4.75,6.4375,5.0,7.1875],"tintindex":0,"rotation":0,"texture":"#0"},"west":{"uv":[8.0625,8.0625,8.1875,8.8125],"tintindex":0,"rotation":0,"texture":"#0"},"up":{"uv":[8.9375,8.1875,8.6875,8.0625],"tintindex":0,"rotation":0,"texture":"#0"},"down":{"uv":[8.9375,8.1875,8.6875,8.3125],"tintindex":0,"rotation":0,"texture":"#0"}}},{"from":[4.1369,-0.66693497,5.5835824],"to":[8.1369,7.333065,9.583582],"faces":{"east":{"uv":[3.4375,7.5625,3.6875,8.0625],"tintindex":0,"rotation":0,"texture":"#0"},"south":{"uv":[7.5625,5.6875,7.8125,6.1875],"tintindex":0,"rotation":0,"texture":"#0"},"north":{"uv":[7.5625,1.6875,7.8125,2.1875],"tintindex":0,"rotation":0,"texture":"#0"},"west":{"uv":[6.0,7.5625,6.25,8.0625],"tintindex":0,"rotation":0,"texture":"#0"},"up":{"uv":[7.9375,8.6875,7.6875,8.4375],"tintindex":0,"rotation":0,"texture":"#0"},"down":{"uv":[8.6875,8.3125,8.4375,8.5625],"tintindex":0,"rotation":0,"texture":"#0"}},"rotation":{"origin":[3.6369,3.333065,5.883582],"angle":45.0,"axis":"z"}}],"display":{"gui":{"rotation":[30,225,0]}}}