{"textures":{"0":"modelengine:entity/wolfmob39"},"elements":[{"from":[6.064893,2.4209137,9.89653],"to":[11.064893,14.420914,13.89653],"faces":{"east":{"uv":[3.5,6.375,3.75,7.125],"tintindex":0,"rotation":0,"texture":"#0"},"south":{"uv":[2.6875,5.6875,3.0,6.4375],"tintindex":0,"rotation":0,"texture":"#0"},"north":{"uv":[2.375,5.6875,2.6875,6.4375],"tintindex":0,"rotation":0,"texture":"#0"},"west":{"uv":[3.75,6.375,4.0,7.125],"tintindex":0,"rotation":0,"texture":"#0"},"up":{"uv":[4.3125,8.4375,4.0,8.1875],"tintindex":0,"rotation":0,"texture":"#0"},"down":{"uv":[8.5,4.0,8.1875,4.25],"tintindex":0,"rotation":0,"texture":"#0"}},"rotation":{"origin":[12.564893,9.920914,7.79653],"angle":22.5,"axis":"x"}},{"from":[8.064893,17.420914,12.89653],"to":[10.064893,21.420914,13.89653],"faces":{"east":{"uv":[1.4375,6.0,1.5,6.25],"tintindex":0,"rotation":0,"texture":"#0"},"south":{"uv":[3.875,7.125,4.0,7.375],"tintindex":0,"rotation":0,"texture":"#0"},"north":{"uv":[6.25,3.9375,6.375,4.1875],"tintindex":0,"rotation":0,"texture":"#0"},"west":{"uv":[2.0,6.5625,2.0625,6.8125],"tintindex":0,"rotation":0,"texture":"#0"},"up":{"uv":[7.3125,0.4375,7.1875,0.375],"tintindex":0,"rotation":0,"texture":"#0"},"down":{"uv":[7.5,4.75,7.375,4.8125],"tintindex":0,"rotation":0,"texture":"#0"}},"rotation":{"origin":[12.564893,9.920914,7.79653],"angle":22.5,"axis":"x"}},{"from":[7.064893,-2.5790863,4.8965297],"to":[10.064893,2.4209137,5.8965297],"faces":{"east":{"uv":[2.9375,7.8125,3.0,8.125],"tintindex":0,"rotation":0,"texture":"#0"},"south":{"uv":[8.5625,0.625,8.75,0.9375],"tintindex":0,"rotation":0,"texture":"#0"},"north":{"uv":[0.625,8.5625,0.8125,8.875],"tintindex":0,"rotation":0,"texture":"#0"},"west":{"uv":[2.5625,7.875,2.625,8.1875],"tintindex":0,"rotation":0,"texture":"#0"},"up":{"uv":[2.0625,6.25,1.875,6.1875],"tintindex":0,"rotation":0,"texture":"#0"},"down":{"uv":[6.5625,4.9375,6.375,5.0],"tintindex":0,"rotation":0,"texture":"#0"}}},{"from":[8.064893,3.4209137,4.8965297],"to":[13.064893,10.420914,10.696529],"faces":{"east":{"uv":[6.9375,6.8125,7.3125,7.25],"tintindex":0,"rotation":0,"texture":"#0"},"south":{"uv":[7.4375,2.5625,7.75,3.0],"tintindex":0,"rotation":0,"texture":"#0"},"north":{"uv":[2.3125,7.4375,2.625,7.875],"tintindex":0,"rotation":0,"texture":"#0"},"west":{"uv":[7.0,0.8125,7.375,1.25],"tintindex":0,"rotation":0,"texture":"#0"},"up":{"uv":[0.6875,8.125,0.375,7.75],"tintindex":0,"rotation":0,"texture":"#0"},"down":{"uv":[2.125,7.75,1.8125,8.125],"tintindex":0,"rotation":0,"texture":"#0"}},"rotation":{"origin":[12.564893,9.920914,7.79653],"angle":-22.5,"axis":"z"}},{"from":[6.064893,-3.5790863,5.8965297],"to":[10.064893,7.4209137,9.89653],"faces":{"east":{"uv":[5.5,6.5625,5.75,7.25],"tintindex":0,"rotation":0,"texture":"#0"},"south":{"uv":[5.75,6.5625,6.0,7.25],"tintindex":0,"rotation":0,"texture":"#0"},"north":{"uv":[5.25,6.5625,5.5,7.25],"tintindex":0,"rotation":0,"texture":"#0"},"west":{"uv":[0.0,6.625,0.25,7.3125],"tintindex":0,"rotation":0,"texture":"#0"},"up":{"uv":[8.6875,5.0,8.4375,4.75],"tintindex":0,"rotation":0,"texture":"#0"},"down":{"uv":[8.6875,5.625,8.4375,5.875],"tintindex":0,"rotation":0,"texture":"#0"}}},{"from":[4.7648926,-0.5790863,5.8965297],"to":[6.064893,7.4209137,10.89653],"faces":{"east":{"uv":[4.1875,6.75,4.5,7.25],"tintindex":0,"rotation":0,"texture":"#0"},"south":{"uv":[7.8125,8.6875,7.875,9.1875],"tintindex":0,"rotation":0,"texture":"#0"},"north":{"uv":[4.4375,7.25,4.5,7.75],"tintindex":0,"rotation":0,"texture":"#0"},"west":{"uv":[1.0,7.1875,1.3125,7.6875],"tintindex":0,"rotation":0,"texture":"#0"},"up":{"uv":[4.6875,5.8125,4.625,5.5],"tintindex":0,"rotation":0,"texture":"#0"},"down":{"uv":[6.8125,2.875,6.75,3.1875],"tintindex":0,"rotation":0,"texture":"#0"}}},{"from":[7.064893,8.420914,12.89653],"to":[10.064893,17.420914,14.89653],"faces":{"east":{"uv":[2.0,8.125,2.125,8.6875],"tintindex":0,"rotation":0,"texture":"#0"},"south":{"uv":[1.125,7.6875,1.3125,8.25],"tintindex":0,"rotation":0,"texture":"#0"},"north":{"uv":[3.6875,7.5625,3.875,8.125],"tintindex":0,"rotation":0,"texture":"#0"},"west":{"uv":[8.25,6.75,8.375,7.3125],"tintindex":0,"rotation":0,"texture":"#0"},"up":{"uv":[2.0625,5.6875,1.875,5.5625],"tintindex":0,"rotation":0,"texture":"#0"},"down":{"uv":[6.25,3.3125,6.0625,3.4375],"tintindex":0,"rotation":0,"texture":"#0"}},"rotation":{"origin":[12.564893,9.920914,7.79653],"angle":22.5,"axis":"x"}},{"from":[8.064893,14.420914,11.89653],"to":[10.064893,19.420914,12.89653],"faces":{"east":{"uv":[8.25,0.5,8.3125,0.8125],"tintindex":0,"rotation":0,"texture":"#0"},"south":{"uv":[2.6875,8.6875,2.8125,9.0],"tintindex":0,"rotation":0,"texture":"#0"},"north":{"uv":[2.5625,8.6875,2.6875,9.0],"tintindex":0,"rotation":0,"texture":"#0"},"west":{"uv":[8.8125,1.125,8.875,1.4375],"tintindex":0,"rotation":0,"texture":"#0"},"up":{"uv":[7.6875,0.375,7.5625,0.3125],"tintindex":0,"rotation":0,"texture":"#0"},"down":{"uv":[7.875,2.9375,7.75,3.0],"tintindex":0,"rotation":0,"texture":"#0"}},"rotation":{"origin":[12.564893,9.920914,7.79653],"angle":22.5,"axis":"x"}},{"from":[6.064893,8.420914,5.8965297],"to":[11.064893,12.420914,11.696529],"faces":{"east":{"uv":[5.875,1.125,6.25,1.375],"tintindex":0,"rotation":0,"texture":"#0"},"south":{"uv":[8.1875,3.75,8.5,4.0],"tintindex":0,"rotation":0,"texture":"#0"},"north":{"uv":[2.5625,8.1875,2.875,8.4375],"tintindex":0,"rotation":0,"texture":"#0"},"west":{"uv":[8.0,3.25,8.375,3.5],"tintindex":0,"rotation":0,"texture":"#0"},"up":{"uv":[8.0625,2.9375,7.75,2.5625],"tintindex":0,"rotation":0,"texture":"#0"},"down":{"uv":[3.3125,7.75,3.0,8.125],"tintindex":0,"rotation":0,"texture":"#0"}},"rotation":{"origin":[12.564893,9.920914,7.79653],"angle":-22.5,"axis":"z"}}],"display":{"gui":{"rotation":[30,225,0]}}}