{"textures":{"0":"modelengine:entity/wolfmob39"},"elements":[{"from":[4.8630853,-7.666935,8.383582],"to":[8.863085,4.333065,10.383582],"faces":{"east":{"uv":[1.0,8.0625,1.125,8.8125],"tintindex":0,"rotation":0,"texture":"#0"},"south":{"uv":[4.5,6.4375,4.75,7.1875],"tintindex":0,"rotation":0,"texture":"#0"},"north":{"uv":[2.75,6.4375,3.0,7.1875],"tintindex":0,"rotation":0,"texture":"#0"},"west":{"uv":[1.6875,8.0625,1.8125,8.8125],"tintindex":0,"rotation":0,"texture":"#0"},"up":{"uv":[8.3125,2.9375,8.0625,2.8125],"tintindex":0,"rotation":0,"texture":"#0"},"down":{"uv":[8.9375,6.5,8.6875,6.625],"tintindex":0,"rotation":0,"texture":"#0"}}},{"from":[9.863085,-4.666935,5.9835825],"to":[12.863085,3.333065,8.9835825],"faces":{"east":{"uv":[1.5,8.0625,1.6875,8.5625],"tintindex":0,"rotation":0,"texture":"#0"},"south":{"uv":[3.4375,8.0625,3.625,8.5625],"tintindex":0,"rotation":0,"texture":"#0"},"north":{"uv":[1.3125,8.0625,1.5,8.5625],"tintindex":0,"rotation":0,"texture":"#0"},"west":{"uv":[4.6875,8.0625,4.875,8.5625],"tintindex":0,"rotation":0,"texture":"#0"},"up":{"uv":[8.875,5.0,8.6875,4.8125],"tintindex":0,"rotation":0,"texture":"#0"},"down":{"uv":[8.875,5.5625,8.6875,5.75],"tintindex":0,"rotation":0,"texture":"#0"}},"rotation":{"origin":[12.363085,3.333065,5.883582],"angle":-22.5,"axis":"z"}},{"from":[6.8630853,0.33306503,5.383582],"to":[10.863085,10.333065,11.383582],"faces":{"east":{"uv":[3.0,5.75,3.375,6.375],"tintindex":0,"rotation":0,"texture":"#0"},"south":{"uv":[6.6875,7.125,6.9375,7.75],"tintindex":0,"rotation":0,"texture":"#0"},"north":{"uv":[6.0,6.9375,6.25,7.5625],"tintindex":0,"rotation":0,"texture":"#0"},"west":{"uv":[3.375,5.75,3.75,6.375],"tintindex":0,"rotation":0,"texture":"#0"},"up":{"uv":[8.25,4.75,8.0,4.375],"tintindex":0,"rotation":0,"texture":"#0"},"down":{"uv":[8.3125,0.8125,8.0625,1.1875],"tintindex":0,"rotation":0,"texture":"#0"}},"rotation":{"origin":[10.363085,5.333065,5.883582],"angle":22.5,"axis":"x"}},{"from":[5.8630853,-7.666935,5.383582],"to":[9.863085,5.333065,8.383582],"faces":{"east":{"uv":[5.0625,7.1875,5.25,8.0],"tintindex":0,"rotation":0,"texture":"#0"},"south":{"uv":[1.1875,6.0,1.4375,6.8125],"tintindex":0,"rotation":0,"texture":"#0"},"north":{"uv":[4.25,5.9375,4.5,6.75],"tintindex":0,"rotation":0,"texture":"#0"},"west":{"uv":[6.25,7.1875,6.4375,8.0],"tintindex":0,"rotation":0,"texture":"#0"},"up":{"uv":[8.75,2.0625,8.5,1.875],"tintindex":0,"rotation":0,"texture":"#0"},"down":{"uv":[8.75,7.625,8.5,7.8125],"tintindex":0,"rotation":0,"texture":"#0"}}},{"from":[7.8630853,-0.66693497,5.5835824],"to":[11.863085,7.333065,9.583582],"faces":{"east":{"uv":[7.5625,1.1875,7.8125,1.6875],"tintindex":0,"rotation":0,"texture":"#0"},"south":{"uv":[1.3125,7.5625,1.5625,8.0625],"tintindex":0,"rotation":0,"texture":"#0"},"north":{"uv":[6.4375,7.4375,6.6875,7.9375],"tintindex":0,"rotation":0,"texture":"#0"},"west":{"uv":[1.5625,7.5625,1.8125,8.0625],"tintindex":0,"rotation":0,"texture":"#0"},"up":{"uv":[8.6875,6.625,8.4375,6.375],"tintindex":0,"rotation":0,"texture":"#0"},"down":{"uv":[7.6875,8.4375,7.4375,8.6875],"tintindex":0,"rotation":0,"texture":"#0"}},"rotation":{"origin":[12.363085,3.333065,5.883582],"angle":-45.0,"axis":"z"}}],"display":{"gui":{"rotation":[30,225,0]}}}