{"textures":{"0":"modelengine:entity/wolfmob39"},"elements":[{"from":[-6.0735044,10.628986,5.25],"to":[-4.0735044,14.628986,10.75],"faces":{"east":{"uv":[0.6875,5.0625,1.375,5.5625],"tintindex":0,"rotation":0,"texture":"#0"},"south":{"uv":[5.75,7.625,6.0,8.125],"tintindex":0,"rotation":0,"texture":"#0"},"north":{"uv":[5.5,7.625,5.75,8.125],"tintindex":0,"rotation":0,"texture":"#0"},"west":{"uv":[1.375,5.0625,2.0625,5.5625],"tintindex":0,"rotation":0,"texture":"#0"},"up":{"uv":[3.25,7.4375,3.0,6.75],"tintindex":0,"rotation":0,"texture":"#0"},"down":{"uv":[3.5,6.75,3.25,7.4375],"tintindex":0,"rotation":0,"texture":"#0"}},"rotation":{"origin":[-4.8235044,11.878986,7.75],"angle":22.5,"axis":"z"}},{"from":[-4.0,2.2457829,6.75],"to":[20.0,4.745783,9.25],"faces":{"east":{"uv":[0.0,8.0,0.3125,8.3125],"tintindex":0,"rotation":0,"texture":"#0"},"south":{"uv":[3.375,0.0,6.375,0.3125],"tintindex":0,"rotation":0,"texture":"#0"},"north":{"uv":[3.125,2.0,6.125,2.3125],"tintindex":0,"rotation":0,"texture":"#0"},"west":{"uv":[8.0,2.9375,8.3125,3.25],"tintindex":0,"rotation":0,"texture":"#0"},"up":{"uv":[6.375,0.625,3.375,0.3125],"tintindex":0,"rotation":0,"texture":"#0"},"down":{"uv":[6.375,0.625,3.375,0.9375],"tintindex":0,"rotation":0,"texture":"#0"}}},{"from":[19.223505,9.828987,5.2],"to":[21.073505,14.078987,10.8],"faces":{"east":{"uv":[4.375,2.5,5.0625,3.0625],"tintindex":0,"rotation":0,"texture":"#0"},"south":{"uv":[7.25,4.8125,7.5,5.375],"tintindex":0,"rotation":0,"texture":"#0"},"north":{"uv":[4.1875,7.25,4.4375,7.8125],"tintindex":0,"rotation":0,"texture":"#0"},"west":{"uv":[4.375,3.0625,5.0625,3.625],"tintindex":0,"rotation":0,"texture":"#0"},"up":{"uv":[6.8125,3.875,6.5625,3.1875],"tintindex":0,"rotation":0,"texture":"#0"},"down":{"uv":[6.8125,3.875,6.5625,4.5625],"tintindex":0,"rotation":0,"texture":"#0"}},"rotation":{"origin":[20.823505,11.878986,7.75],"angle":-45.0,"axis":"z"}},{"from":[20.073505,10.628986,5.25],"to":[22.073505,14.628986,10.75],"faces":{"east":{"uv":[4.0,5.0,4.6875,5.5],"tintindex":0,"rotation":0,"texture":"#0"},"south":{"uv":[5.25,7.625,5.5,8.125],"tintindex":0,"rotation":0,"texture":"#0"},"north":{"uv":[7.625,3.9375,7.875,4.4375],"tintindex":0,"rotation":0,"texture":"#0"},"west":{"uv":[0.0,5.0625,0.6875,5.5625],"tintindex":0,"rotation":0,"texture":"#0"},"up":{"uv":[1.0,7.4375,0.75,6.75],"tintindex":0,"rotation":0,"texture":"#0"},"down":{"uv":[7.0,0.8125,6.75,1.5],"tintindex":0,"rotation":0,"texture":"#0"}},"rotation":{"origin":[20.823505,11.878986,7.75],"angle":-22.5,"axis":"z"}},{"from":[-5.5,10.245783,5.25],"to":[21.5,12.745783,10.75],"faces":{"east":{"uv":[0.5,6.0,1.1875,6.3125],"tintindex":0,"rotation":0,"texture":"#0"},"south":{"uv":[3.125,1.6875,6.5,2.0],"tintindex":0,"rotation":0,"texture":"#0"},"north":{"uv":[3.125,1.375,6.5,1.6875],"tintindex":0,"rotation":0,"texture":"#0"},"west":{"uv":[6.0,5.8125,6.6875,6.125],"tintindex":0,"rotation":0,"texture":"#0"},"up":{"uv":[3.375,0.6875,0.0,0.0],"tintindex":0,"rotation":0,"texture":"#0"},"down":{"uv":[3.375,0.6875,0.0,1.375],"tintindex":0,"rotation":0,"texture":"#0"}}},{"from":[-4.5,8.745783,5.75],"to":[20.5,10.245783,10.25],"faces":{"east":{"uv":[3.375,1.125,3.9375,1.3125],"tintindex":0,"rotation":0,"texture":"#0"},"south":{"uv":[3.375,0.9375,6.5,1.125],"tintindex":0,"rotation":0,"texture":"#0"},"north":{"uv":[3.125,2.3125,6.25,2.5],"tintindex":0,"rotation":0,"texture":"#0"},"west":{"uv":[3.9375,1.125,4.5,1.3125],"tintindex":0,"rotation":0,"texture":"#0"},"up":{"uv":[3.125,1.9375,0.0,1.375],"tintindex":0,"rotation":0,"texture":"#0"},"down":{"uv":[3.125,1.9375,0.0,2.5],"tintindex":0,"rotation":0,"texture":"#0"}}},{"from":[14.5,-11.254217,6.25],"to":[18.0,9.245783,9.75],"faces":{"east":{"uv":[0.4375,2.5,0.875,5.0625],"tintindex":0,"rotation":0,"texture":"#0"},"south":{"uv":[0.875,2.5,1.3125,5.0625],"tintindex":0,"rotation":0,"texture":"#0"},"north":{"uv":[0.0,2.5,0.4375,5.0625],"tintindex":0,"rotation":0,"texture":"#0"},"west":{"uv":[1.3125,2.5,1.75,5.0625],"tintindex":0,"rotation":0,"texture":"#0"},"up":{"uv":[1.0625,6.75,0.625,6.3125],"tintindex":0,"rotation":0,"texture":"#0"},"down":{"uv":[6.75,2.3125,6.3125,2.75],"tintindex":0,"rotation":0,"texture":"#0"}}},{"from":[-2.0,-11.254217,6.25],"to":[1.5,9.245783,9.75],"faces":{"east":{"uv":[2.1875,2.5,2.625,5.0625],"tintindex":0,"rotation":0,"texture":"#0"},"south":{"uv":[2.625,2.5,3.0625,5.0625],"tintindex":0,"rotation":0,"texture":"#0"},"north":{"uv":[1.75,2.5,2.1875,5.0625],"tintindex":0,"rotation":0,"texture":"#0"},"west":{"uv":[3.0625,2.5,3.5,5.0625],"tintindex":0,"rotation":0,"texture":"#0"},"up":{"uv":[6.75,3.1875,6.3125,2.75],"tintindex":0,"rotation":0,"texture":"#0"},"down":{"uv":[6.8125,0.0,6.375,0.4375],"tintindex":0,"rotation":0,"texture":"#0"}}},{"from":[-5.0735044,9.828987,5.2],"to":[-3.223505,14.078987,10.8],"faces":{"east":{"uv":[3.5,4.4375,4.1875,5.0],"tintindex":0,"rotation":0,"texture":"#0"},"south":{"uv":[7.375,4.1875,7.625,4.75],"tintindex":0,"rotation":0,"texture":"#0"},"north":{"uv":[7.3125,5.75,7.5625,6.3125],"tintindex":0,"rotation":0,"texture":"#0"},"west":{"uv":[4.1875,4.4375,4.875,5.0],"tintindex":0,"rotation":0,"texture":"#0"},"up":{"uv":[7.0,2.1875,6.75,1.5],"tintindex":0,"rotation":0,"texture":"#0"},"down":{"uv":[7.0,2.1875,6.75,2.875],"tintindex":0,"rotation":0,"texture":"#0"}},"rotation":{"origin":[-4.8235044,11.878986,7.75],"angle":45.0,"axis":"z"}}],"display":{"gui":{"rotation":[30,225,0]}}}