{"textures":{"0":"modelengine:entity/mso_hakar"},"elements":[{"from":[-8.752329,-3.545929,-2.0959816],"to":[24.80927,-0.3356781,26.723217],"faces":{"east":{"uv":[11.875,0.1875,12.5,0.25],"tintindex":0,"rotation":0,"texture":"#0"},"south":{"uv":[11.8125,6.59375,12.53125,6.65625],"tintindex":0,"rotation":0,"texture":"#0"},"north":{"uv":[11.78125,3.4375,12.5,3.5],"tintindex":0,"rotation":0,"texture":"#0"},"west":{"uv":[11.875,10.625,12.5,10.6875],"tintindex":0,"rotation":0,"texture":"#0"},"up":{"uv":[4.8125,9.40625,4.09375,8.78125],"tintindex":0,"rotation":0,"texture":"#0"},"down":{"uv":[9.1875,8.8125,8.46875,9.4375],"tintindex":0,"rotation":0,"texture":"#0"}},"rotation":{"origin":[8.02847,3.4321594,10.913138],"angle":-22.5,"axis":"x"}},{"from":[-7.29313,7.7628784,-1.3663816],"to":[23.35007,10.973114,27.452816],"faces":{"east":{"uv":[11.90625,6.25,12.53125,6.3125],"tintindex":0,"rotation":0,"texture":"#0"},"south":{"uv":[11.8125,8.15625,12.46875,8.21875],"tintindex":0,"rotation":0,"texture":"#0"},"north":{"uv":[11.03125,4.65625,11.6875,4.71875],"tintindex":0,"rotation":0,"texture":"#0"},"west":{"uv":[11.9375,4.875,12.5625,4.9375],"tintindex":0,"rotation":0,"texture":"#0"},"up":{"uv":[0.65625,9.5,0.0,8.875],"tintindex":0,"rotation":0,"texture":"#0"},"down":{"uv":[1.96875,8.96875,1.3125,9.59375],"tintindex":0,"rotation":0,"texture":"#0"}},"rotation":{"origin":[8.02847,3.4321594,10.913138],"angle":-22.5,"axis":"x"}},{"from":[-6.56353,-0.3356781,-0.2719822],"to":[22.62047,8.054718,26.723217],"faces":{"east":{"uv":[11.21875,1.03125,11.84375,1.21875],"tintindex":0,"rotation":0,"texture":"#0"},"south":{"uv":[11.21875,1.03125,11.84375,1.21875],"tintindex":0,"rotation":0,"texture":"#0"},"north":{"uv":[11.21875,1.03125,11.84375,1.21875],"tintindex":0,"rotation":0,"texture":"#0"},"west":{"uv":[11.21875,1.03125,11.84375,1.21875],"tintindex":0,"rotation":0,"texture":"#0"},"up":{"uv":[9.78125,2.28125,9.15625,1.6875],"tintindex":0,"rotation":0,"texture":"#0"},"down":{"uv":[7.4375,9.1875,6.8125,9.78125],"tintindex":0,"rotation":0,"texture":"#0"}},"rotation":{"origin":[8.02847,3.4321594,10.913138],"angle":-22.5,"axis":"x"}},{"from":[0.3671999,5.1777496,-3.0654411],"to":[15.6328,20.864151,22.105759],"faces":{"east":{"uv":[10.625,2.6875,11.15625,3.03125],"tintindex":0,"rotation":0,"texture":"#0"},"south":{"uv":[10.46875,10.59375,11.03125,10.9375],"tintindex":0,"rotation":0,"texture":"#0"},"north":{"uv":[10.59375,7.59375,11.15625,7.9375],"tintindex":0,"rotation":0,"texture":"#0"},"west":{"uv":[11.15625,2.6875,10.625,3.03125],"tintindex":0,"rotation":0,"texture":"#0"},"up":{"uv":[10.34375,2.15625,9.78125,1.625],"tintindex":0,"rotation":0,"texture":"#0"},"down":{"uv":[7.125,9.78125,6.5625,10.3125],"tintindex":0,"rotation":0,"texture":"#0"}}},{"from":[4.7452707,0.75871277,-2.2419014],"to":[11.31167,7.325119,-0.417902],"faces":{"east":{"uv":[6.25,5.34375,6.28125,5.46875],"tintindex":0,"rotation":0,"texture":"#0"},"south":{"uv":[10.78125,4.25,10.9375,4.375],"tintindex":0,"rotation":0,"texture":"#0"},"north":{"uv":[8.125,1.75,8.28125,1.875],"tintindex":0,"rotation":0,"texture":"#0"},"west":{"uv":[6.25,5.46875,6.28125,5.59375],"tintindex":0,"rotation":0,"texture":"#0"},"up":{"uv":[9.46875,2.3125,9.3125,2.28125],"tintindex":0,"rotation":0,"texture":"#0"},"down":{"uv":[5.59375,9.40625,5.4375,9.4375],"tintindex":0,"rotation":0,"texture":"#0"}},"rotation":{"origin":[8.02847,3.4321594,10.913138],"angle":-22.5,"axis":"x"}}],"display":{"gui":{"rotation":[30,225,0]}}}