{"textures":{"0":"modelengine:entity/mso_hakar"},"elements":[{"from":[4.86272,-3.855648,4.8398037],"to":[11.1372795,1.8352318,10.5306835],"faces":{"east":{"uv":[12.0,6.46875,12.125,6.59375],"tintindex":0,"rotation":0,"texture":"#0"},"south":{"uv":[5.28125,12.03125,5.40625,12.15625],"tintindex":0,"rotation":0,"texture":"#0"},"north":{"uv":[10.25,1.0,10.375,1.125],"tintindex":0,"rotation":0,"texture":"#0"},"west":{"uv":[5.75,12.03125,5.875,12.15625],"tintindex":0,"rotation":0,"texture":"#0"},"up":{"uv":[12.15625,5.96875,12.03125,5.84375],"tintindex":0,"rotation":0,"texture":"#0"},"down":{"uv":[6.0,12.03125,5.875,12.15625],"tintindex":0,"rotation":0,"texture":"#0"}},"rotation":{"origin":[8.0,0.5219517,6.5178833],"angle":-45.0,"axis":"x"}},{"from":[9.3,-0.10080147,11.210472],"to":[9.3,8.289598,21.060072],"faces":{"east":{"uv":[2.65625,11.90625,2.875,12.09375],"tintindex":0,"rotation":0,"texture":"#0"},"west":{"uv":[2.875,11.90625,2.65625,12.09375],"tintindex":0,"rotation":0,"texture":"#0"}},"rotation":{"origin":[8.0,4.0943985,16.135273],"angle":22.5,"axis":"y"}},{"from":[4.7168,0.26399994,4.425192],"to":[11.283199,9.019199,12.450792],"faces":{"east":{"uv":[0.375,10.90625,0.5625,11.09375],"tintindex":0,"rotation":0,"texture":"#0"},"south":{"uv":[11.8125,11.96875,11.96875,12.15625],"tintindex":0,"rotation":0,"texture":"#0"},"north":{"uv":[10.8125,11.96875,10.96875,12.15625],"tintindex":0,"rotation":0,"texture":"#0"},"west":{"uv":[4.84375,10.9375,5.03125,11.125],"tintindex":0,"rotation":0,"texture":"#0"},"up":{"uv":[12.125,12.15625,11.96875,11.96875],"tintindex":0,"rotation":0,"texture":"#0"},"down":{"uv":[0.65625,12.0,0.5,12.1875],"tintindex":0,"rotation":0,"texture":"#0"}}},{"from":[8.0,-0.10080147,11.210472],"to":[8.0,8.289598,21.060072],"faces":{"east":{"uv":[2.65625,11.90625,2.875,12.09375],"tintindex":0,"rotation":0,"texture":"#0"},"west":{"uv":[2.875,11.90625,2.65625,12.09375],"tintindex":0,"rotation":0,"texture":"#0"}}}],"display":{"gui":{"rotation":[30,225,0]}}}