{"textures":{"0":"modelengine:entity/mso_hakar"},"elements":[{"from":[5.0816,16.344467,7.2962837],"to":[10.9184,26.485916,26.849564],"faces":{"east":{"uv":[12.0,5.65625,11.59375,5.875],"tintindex":0,"rotation":0,"texture":"#0"},"south":{"uv":[11.09375,11.96875,10.96875,12.1875],"tintindex":0,"rotation":0,"texture":"#0"},"north":{"uv":[9.34375,11.96875,9.21875,12.1875],"tintindex":0,"rotation":0,"texture":"#0"},"west":{"uv":[2.46875,11.59375,2.0625,11.8125],"tintindex":0,"rotation":0,"texture":"#0"},"up":{"uv":[4.9375,8.375,5.0625,7.96875],"tintindex":0,"rotation":0,"texture":"#0"},"down":{"uv":[4.3125,11.6875,4.4375,12.09375],"tintindex":0,"rotation":0,"texture":"#0"}},"rotation":{"origin":[8.729601,12.696472,26.776604],"angle":-45.0,"axis":"x"}}],"display":{"gui":{"rotation":[30,225,0]}}}