{"textures":{"0":"modelengine:entity/mso_hakar"},"elements":[{"from":[0.8864002,4.7236633,-2.9997826],"to":[15.1136,9.276367,10.999783],"faces":{"east":{"uv":[11.84375,9.5625,12.21875,9.6875],"tintindex":0,"rotation":0,"texture":"#0"},"south":{"uv":[11.8125,7.3125,12.21875,7.4375],"tintindex":0,"rotation":0,"texture":"#0"},"north":{"uv":[11.78125,3.3125,12.1875,3.4375],"tintindex":0,"rotation":0,"texture":"#0"},"west":{"uv":[11.84375,9.6875,12.21875,9.8125],"tintindex":0,"rotation":0,"texture":"#0"},"up":{"uv":[1.875,11.46875,1.46875,11.09375],"tintindex":0,"rotation":0,"texture":"#0"},"down":{"uv":[4.1875,11.09375,3.78125,11.46875],"tintindex":0,"rotation":0,"texture":"#0"}}}],"display":{"gui":{"rotation":[30,225,0]}}}