{"textures":{"0":"modelengine:entity/mso_hakar"},"elements":[{"from":[0.7040005,-1.0944061,-2.3935204],"to":[15.296,9.119995,22.12104],"faces":{"east":{"uv":[11.8125,2.03125,11.28125,2.25],"tintindex":0,"rotation":0,"texture":"#0"},"south":{"uv":[11.8125,11.6875,11.5,11.90625],"tintindex":0,"rotation":0,"texture":"#0"},"north":{"uv":[7.4375,9.78125,7.125,10.0],"tintindex":0,"rotation":0,"texture":"#0"},"west":{"uv":[1.21875,8.0625,0.6875,8.28125],"tintindex":0,"rotation":0,"texture":"#0"},"up":{"uv":[3.9375,8.59375,4.25,8.0625],"tintindex":0,"rotation":0,"texture":"#0"},"down":{"uv":[1.34375,10.46875,1.65625,11.0],"tintindex":0,"rotation":0,"texture":"#0"}}},{"from":[2.1632004,-12.768005,-1.22616],"to":[13.8368,4.742401,26.49864],"faces":{"east":{"uv":[10.96875,8.125,10.375,8.5],"tintindex":0,"rotation":0,"texture":"#0"},"south":{"uv":[11.84375,0.65625,11.59375,1.03125],"tintindex":0,"rotation":0,"texture":"#0"},"north":{"uv":[11.8125,11.3125,11.5625,11.6875],"tintindex":0,"rotation":0,"texture":"#0"},"west":{"uv":[10.96875,4.8125,10.375,5.1875],"tintindex":0,"rotation":0,"texture":"#0"},"up":{"uv":[4.1875,11.71875,4.4375,11.125],"tintindex":0,"rotation":0,"texture":"#0"},"down":{"uv":[4.1875,11.09375,4.4375,11.6875],"tintindex":0,"rotation":0,"texture":"#0"}}}],"display":{"gui":{"rotation":[30,225,0]}}}