{"textures":{"0":"modelengine:entity/mso_hakar"},"elements":[{"from":[8.0,-0.944149,12.240372],"to":[8.0,7.8110504,22.089973],"faces":{"east":{"uv":[11.90625,6.0625,12.125,6.25],"tintindex":0,"rotation":0,"texture":"#0"},"west":{"uv":[12.125,6.0625,11.90625,6.25],"tintindex":0,"rotation":0,"texture":"#0"}}},{"from":[3.40352,-2.4711227,5.0228863],"to":[12.596479,4.678957,12.318886],"faces":{"east":{"uv":[12.0,6.3125,12.15625,6.46875],"tintindex":0,"rotation":0,"texture":"#0"},"south":{"uv":[10.4375,2.6875,10.625,2.84375],"tintindex":0,"rotation":0,"texture":"#0"},"north":{"uv":[8.96875,9.875,9.15625,10.03125],"tintindex":0,"rotation":0,"texture":"#0"},"west":{"uv":[6.625,12.0,6.78125,12.15625],"tintindex":0,"rotation":0,"texture":"#0"},"up":{"uv":[11.4375,4.25,11.25,4.09375],"tintindex":0,"rotation":0,"texture":"#0"},"down":{"uv":[12.1875,1.59375,12.0,1.75],"tintindex":0,"rotation":0,"texture":"#0"}},"rotation":{"origin":[8.0,0.30135727,7.211685],"angle":45.0,"axis":"x"}},{"from":[3.2576003,-0.21454811,3.704052],"to":[12.7424,8.540653,13.918453],"faces":{"east":{"uv":[10.9375,2.5,11.15625,2.6875],"tintindex":0,"rotation":0,"texture":"#0"},"south":{"uv":[11.875,1.40625,12.09375,1.59375],"tintindex":0,"rotation":0,"texture":"#0"},"north":{"uv":[7.28125,4.375,7.5,4.5625],"tintindex":0,"rotation":0,"texture":"#0"},"west":{"uv":[11.875,7.125,12.09375,7.3125],"tintindex":0,"rotation":0,"texture":"#0"},"up":{"uv":[12.03125,8.875,11.8125,8.65625],"tintindex":0,"rotation":0,"texture":"#0"},"down":{"uv":[11.46875,11.8125,11.25,12.03125],"tintindex":0,"rotation":0,"texture":"#0"}}},{"from":[6.4,-0.944149,12.240372],"to":[6.4,7.8110504,22.089973],"faces":{"east":{"uv":[11.90625,6.0625,12.125,6.25],"tintindex":0,"rotation":0,"texture":"#0"},"west":{"uv":[12.125,6.0625,11.90625,6.25],"tintindex":0,"rotation":0,"texture":"#0"}},"rotation":{"origin":[8.0,3.4334526,17.165173],"angle":-22.5,"axis":"y"}}],"display":{"gui":{"rotation":[30,225,0]}}}