{"textures":{"0":"modelengine:entity/mso_hakar"},"elements":[{"from":[-1.70368,-11.685917,1.5843792],"to":[17.70368,-0.30415344,12.820219],"faces":{"east":{"uv":[11.71875,9.8125,11.96875,10.0625],"tintindex":0,"rotation":0,"texture":"#0"},"south":{"uv":[3.75,11.46875,4.15625,11.71875],"tintindex":0,"rotation":0,"texture":"#0"},"north":{"uv":[11.46875,0.0,11.875,0.25],"tintindex":0,"rotation":0,"texture":"#0"},"west":{"uv":[8.3125,11.75,8.5625,12.0],"tintindex":0,"rotation":0,"texture":"#0"},"up":{"uv":[11.875,10.71875,11.46875,10.46875],"tintindex":0,"rotation":0,"texture":"#0"},"down":{"uv":[11.90625,6.0625,11.5,6.3125],"tintindex":0,"rotation":0,"texture":"#0"}},"rotation":{"origin":[3.6953602,-8.183838,6.3267784],"angle":45.0,"axis":"x"}},{"from":[-1.8495998,-7.306797,0.49705124],"to":[17.8496,9.473999,16.54825],"faces":{"east":{"uv":[7.28125,11.21875,6.9375,11.59375],"tintindex":0,"rotation":0,"texture":"#0"},"south":{"uv":[8.3125,10.875,8.75,11.25],"tintindex":0,"rotation":0,"texture":"#0"},"north":{"uv":[10.84375,1.21875,11.28125,1.59375],"tintindex":0,"rotation":0,"texture":"#0"},"west":{"uv":[6.9375,11.21875,7.28125,11.59375],"tintindex":0,"rotation":0,"texture":"#0"},"up":{"uv":[11.46875,10.9375,11.03125,10.59375],"tintindex":0,"rotation":0,"texture":"#0"},"down":{"uv":[11.5,6.0625,11.0625,6.40625],"tintindex":0,"rotation":0,"texture":"#0"}}},{"from":[8.0,-8.401199,13.410971],"to":[8.0,8.7444,30.55657],"faces":{"east":{"uv":[4.84375,11.1875,5.21875,11.5625],"tintindex":0,"rotation":0,"texture":"#0"},"west":{"uv":[5.21875,11.1875,4.84375,11.5625],"tintindex":0,"rotation":0,"texture":"#0"}}}],"display":{"gui":{"rotation":[30,225,0]}}}