{"textures":{"0":"modelengine:entity/mso_hakar"},"elements":[{"from":[5.012288,4.012085,-4.164872],"to":[10.987712,21.141632,1.8674612],"faces":{"east":{"uv":[8.0,11.6875,8.15625,12.15625],"tintindex":0,"rotation":0,"texture":"#0"},"south":{"uv":[8.15625,11.6875,8.3125,12.15625],"tintindex":0,"rotation":0,"texture":"#0"},"north":{"uv":[4.15625,11.6875,4.3125,12.15625],"tintindex":0,"rotation":0,"texture":"#0"},"west":{"uv":[9.84375,11.6875,10.0,12.15625],"tintindex":0,"rotation":0,"texture":"#0"},"up":{"uv":[12.1875,2.75,12.03125,2.59375],"tintindex":0,"rotation":0,"texture":"#0"},"down":{"uv":[12.1875,2.75,12.03125,2.90625],"tintindex":0,"rotation":0,"texture":"#0"}},"rotation":{"origin":[20.10575,-17.37439,7.874506],"angle":22.5,"axis":"x"}}],"display":{"gui":{"rotation":[30,225,0]}}}