{"textures":{"0":"modelengine:entity/mso_hakar"},"elements":[{"from":[7.2704,3.3372192,9.813108],"to":[8.7296,10.377861,12.658547],"faces":{"east":{"uv":[7.6875,11.9375,7.8125,12.25],"tintindex":0,"rotation":0,"texture":"#0"},"south":{"uv":[1.90625,9.59375,1.96875,9.90625],"tintindex":0,"rotation":0,"texture":"#0"},"north":{"uv":[1.96875,8.96875,2.03125,9.28125],"tintindex":0,"rotation":0,"texture":"#0"},"west":{"uv":[11.9375,10.9375,12.0625,11.25],"tintindex":0,"rotation":0,"texture":"#0"},"up":{"uv":[4.65625,10.125,4.59375,10.0],"tintindex":0,"rotation":0,"texture":"#0"},"down":{"uv":[9.75,10.21875,9.6875,10.34375],"tintindex":0,"rotation":0,"texture":"#0"}},"rotation":{"origin":[8.0,13.314499,20.830067],"angle":22.5,"axis":"x"}},{"from":[8.0,6.912262,4.1951885],"to":[8.0,20.592262,12.5855875],"faces":{"east":{"uv":[7.5,6.75,7.875,7.34375],"tintindex":0,"rotation":0,"texture":"#0"},"west":{"uv":[9.6875,10.375,10.0625,10.96875],"tintindex":0,"rotation":0,"texture":"#0"}},"rotation":{"origin":[8.0,13.314499,20.830067],"angle":22.5,"axis":"x"}}],"display":{"gui":{"rotation":[30,225,0]}}}