{"textures":{"0":"modelengine:entity/mso_hakar"},"elements":[{"from":[6.150464,0.51452637,-8.468557],"to":[9.849536,18.213165,-4.428034],"faces":{"east":{"uv":[0.5,10.03125,0.625,10.53125],"tintindex":0,"rotation":0,"texture":"#0"},"south":{"uv":[7.59375,11.8125,7.6875,12.3125],"tintindex":0,"rotation":0,"texture":"#0"},"north":{"uv":[6.09375,11.8125,6.1875,12.3125],"tintindex":0,"rotation":0,"texture":"#0"},"west":{"uv":[7.71875,11.4375,7.84375,11.9375],"tintindex":0,"rotation":0,"texture":"#0"},"up":{"uv":[12.125,8.84375,12.03125,8.71875],"tintindex":0,"rotation":0,"texture":"#0"},"down":{"uv":[11.34375,12.03125,11.25,12.15625],"tintindex":0,"rotation":0,"texture":"#0"}},"rotation":{"origin":[20.10575,-30.504395,16.622175],"angle":45.0,"axis":"x"}}],"display":{"gui":{"rotation":[30,225,0]}}}