{"textures":{"0":"modelengine:entity/mso_hakar"},"elements":[{"from":[-0.3448,-7.1867523,-1.0926476],"to":[16.326561,1.787323,7.8814325],"faces":{"east":{"uv":[5.875,11.15625,6.25,11.53125],"tintindex":0,"rotation":0,"texture":"#0"},"south":{"uv":[5.40625,10.03125,6.125,10.40625],"tintindex":0,"rotation":0,"texture":"#0"},"north":{"uv":[2.71875,10.03125,3.4375,10.40625],"tintindex":0,"rotation":0,"texture":"#0"},"west":{"uv":[2.5625,11.1875,2.9375,11.5625],"tintindex":0,"rotation":0,"texture":"#0"},"up":{"uv":[9.6875,10.40625,8.96875,10.03125],"tintindex":0,"rotation":0,"texture":"#0"},"down":{"uv":[1.6875,10.09375,0.96875,10.46875],"tintindex":0,"rotation":0,"texture":"#0"}},"rotation":{"origin":[7.17008,1.0212479,10.070233],"angle":-45.0,"axis":"x"}},{"from":[-0.41704464,-6.332802,1.5886335],"to":[16.363754,8.9888,14.356633],"faces":{"east":{"uv":[9.75,9.375,9.1875,10.03125],"tintindex":0,"rotation":0,"texture":"#0"},"south":{"uv":[8.3125,4.375,9.03125,5.03125],"tintindex":0,"rotation":0,"texture":"#0"},"north":{"uv":[1.3125,8.3125,2.03125,8.96875],"tintindex":0,"rotation":0,"texture":"#0"},"west":{"uv":[9.1875,9.375,9.75,10.03125],"tintindex":0,"rotation":0,"texture":"#0"},"up":{"uv":[9.71875,1.6875,9.0,1.125],"tintindex":0,"rotation":0,"texture":"#0"},"down":{"uv":[9.75,7.1875,9.03125,7.75],"tintindex":0,"rotation":0,"texture":"#0"}}}],"display":{"gui":{"rotation":[30,225,0]}}}