{"textures":{"0":"modelengine:entity/mso_hakar"},"elements":[{"from":[5.012288,4.012085,-6.164872],"to":[10.987712,21.141632,-0.1325388],"faces":{"east":{"uv":[10.0,11.6875,9.84375,12.15625],"tintindex":0,"rotation":0,"texture":"#0"},"south":{"uv":[8.3125,11.6875,8.15625,12.15625],"tintindex":0,"rotation":0,"texture":"#0"},"north":{"uv":[4.3125,11.6875,4.15625,12.15625],"tintindex":0,"rotation":0,"texture":"#0"},"west":{"uv":[8.15625,11.6875,8.0,12.15625],"tintindex":0,"rotation":0,"texture":"#0"},"up":{"uv":[12.03125,2.75,12.1875,2.59375],"tintindex":0,"rotation":0,"texture":"#0"},"down":{"uv":[12.03125,2.75,12.1875,2.90625],"tintindex":0,"rotation":0,"texture":"#0"}},"rotation":{"origin":[-2.0782738,-17.37439,5.874506],"angle":22.5,"axis":"x"}}],"display":{"gui":{"rotation":[30,225,0]}}}