{"textures":{"0":"modelengine:entity/mso_hakar"},"elements":[{"from":[3.9986935,3.8973389,9.782501],"to":[11.92572,11.258148,25.636566],"faces":{"east":{"uv":[12.0,3.65625,11.5625,3.875],"tintindex":0,"rotation":0,"texture":"#0"},"south":{"uv":[0.5,11.84375,0.28125,12.0625],"tintindex":0,"rotation":0,"texture":"#0"},"north":{"uv":[12.03125,11.75,11.8125,11.96875],"tintindex":0,"rotation":0,"texture":"#0"},"west":{"uv":[6.21875,7.21875,5.78125,7.4375],"tintindex":0,"rotation":0,"texture":"#0"},"up":{"uv":[5.0625,5.75,5.28125,5.3125],"tintindex":0,"rotation":0,"texture":"#0"},"down":{"uv":[8.96875,9.4375,9.1875,9.875],"tintindex":0,"rotation":0,"texture":"#0"}}}],"display":{"gui":{"rotation":[30,225,0]}}}