{"textures":{"0":"modelengine:entity/mso_hakar"},"elements":[{"from":[3.6033058,8.128723,-8.945162],"to":[3.6033058,11.543259,10.290011],"faces":{"east":{"uv":[11.5625,3.5,10.5,3.6875],"tintindex":0,"rotation":0,"texture":"#0"},"west":{"uv":[11.375,7.40625,10.3125,7.59375],"tintindex":0,"rotation":0,"texture":"#0"}}},{"from":[12.410432,8.128723,-8.945162],"to":[12.410432,11.543259,10.290011],"faces":{"east":{"uv":[10.3125,7.40625,11.375,7.59375],"tintindex":0,"rotation":0,"texture":"#0"},"west":{"uv":[10.5,3.5,11.5625,3.6875],"tintindex":0,"rotation":0,"texture":"#0"}}},{"from":[3.3050237,3.5273132,-9.229706],"to":[12.694976,8.128723,10.290011],"faces":{"east":{"uv":[0.0,9.5625,0.5625,9.75],"tintindex":0,"rotation":0,"texture":"#0"},"south":{"uv":[8.46875,4.4375,9.0,4.8125],"tintindex":0,"rotation":0,"texture":"#0"},"north":{"uv":[8.4375,4.4375,8.8125,4.625],"tintindex":0,"rotation":0,"texture":"#0"},"west":{"uv":[0.0,9.5625,0.625,9.78125],"tintindex":0,"rotation":0,"texture":"#0"},"up":{"uv":[8.46875,7.8125,7.9375,6.75],"tintindex":0,"rotation":0,"texture":"#0"},"down":{"uv":[0.625,8.09375,0.0625,8.84375],"tintindex":0,"rotation":0,"texture":"#0"}}}],"display":{"gui":{"rotation":[30,225,0]}}}