{"textures":{"0":"modelengine:entity/mso_hakar"},"elements":[{"from":[7.174774,18.842743,6.172928],"to":[8.873423,21.503967,15.515495],"faces":{"east":{"uv":[9.375,11.59375,8.84375,11.75],"tintindex":0,"rotation":0,"texture":"#0"},"south":{"uv":[6.09375,12.03125,6.0,12.1875],"tintindex":0,"rotation":0,"texture":"#0"},"north":{"uv":[1.21875,12.03125,1.125,12.1875],"tintindex":0,"rotation":0,"texture":"#0"},"west":{"uv":[8.84375,11.59375,8.3125,11.75],"tintindex":0,"rotation":0,"texture":"#0"},"up":{"uv":[9.34375,12.28125,9.4375,11.75],"tintindex":0,"rotation":0,"texture":"#0"},"down":{"uv":[2.34375,11.8125,2.4375,12.34375],"tintindex":0,"rotation":0,"texture":"#0"}},"rotation":{"origin":[8.119887,9.622894,-21.553097],"angle":22.5,"axis":"x"}}],"display":{"gui":{"rotation":[30,225,0]}}}