{"textures":{"0":"modelengine:entity/mso_hakar"},"elements":[{"from":[3.1627522,5.8374634,-6.306692],"to":[12.837248,10.162537,7.80669],"faces":{"east":{"uv":[11.84375,10.1875,12.21875,10.3125],"tintindex":0,"rotation":0,"texture":"#0"},"south":{"uv":[3.625,11.96875,3.90625,12.09375],"tintindex":0,"rotation":0,"texture":"#0"},"north":{"uv":[3.09375,11.96875,3.375,12.09375],"tintindex":0,"rotation":0,"texture":"#0"},"west":{"uv":[11.84375,10.3125,12.21875,10.4375],"tintindex":0,"rotation":0,"texture":"#0"},"up":{"uv":[11.71875,4.65625,11.4375,4.28125],"tintindex":0,"rotation":0,"texture":"#0"},"down":{"uv":[7.71875,11.4375,7.4375,11.8125],"tintindex":0,"rotation":0,"texture":"#0"}}}],"display":{"gui":{"rotation":[30,225,0]}}}