{"textures":{"0":"modelengine:entity/mso_hakar"},"elements":[{"from":[3.6224003,7.0070953,5.495741],"to":[12.3776,21.161331,25.194939],"faces":{"east":{"uv":[5.65625,11.21875,5.21875,11.53125],"tintindex":0,"rotation":0,"texture":"#0"},"south":{"uv":[3.9375,11.71875,4.125,12.03125],"tintindex":0,"rotation":0,"texture":"#0"},"north":{"uv":[7.4375,10.75,7.625,11.0625],"tintindex":0,"rotation":0,"texture":"#0"},"west":{"uv":[5.21875,11.21875,5.65625,11.53125],"tintindex":0,"rotation":0,"texture":"#0"},"up":{"uv":[3.375,11.96875,3.1875,11.53125],"tintindex":0,"rotation":0,"texture":"#0"},"down":{"uv":[5.1875,11.5625,5.0,12.0],"tintindex":0,"rotation":0,"texture":"#0"}},"rotation":{"origin":[7.270399,8.028534,21.54694],"angle":-22.5,"axis":"x"}}],"display":{"gui":{"rotation":[30,225,0]}}}