{"textures":{"0":"modelengine:entity/mso_hakar"},"elements":[{"from":[8.0,12.008827,3.830513],"to":[8.0,28.42482,11.710194],"faces":{"east":{"uv":[7.65625,10.34375,8.0,11.0625],"tintindex":0,"rotation":0,"texture":"#0"},"west":{"uv":[1.6875,10.375,2.03125,11.09375],"tintindex":0,"rotation":0,"texture":"#0"}},"rotation":{"origin":[8.0,11.662262,11.272432],"angle":22.5,"axis":"x"}},{"from":[7.2704,5.6977844,7.7703533],"to":[8.7296,16.75122,11.710194],"faces":{"east":{"uv":[0.59375,11.53125,0.75,12.0],"tintindex":0,"rotation":0,"texture":"#0"},"south":{"uv":[1.21875,11.84375,1.28125,12.3125],"tintindex":0,"rotation":0,"texture":"#0"},"north":{"uv":[1.25,9.09375,1.3125,9.5625],"tintindex":0,"rotation":0,"texture":"#0"},"west":{"uv":[1.3125,11.625,1.46875,12.09375],"tintindex":0,"rotation":0,"texture":"#0"},"up":{"uv":[4.3125,7.96875,4.25,7.8125],"tintindex":0,"rotation":0,"texture":"#0"},"down":{"uv":[8.0,10.1875,7.9375,10.34375],"tintindex":0,"rotation":0,"texture":"#0"}},"rotation":{"origin":[8.0,11.662262,11.272432],"angle":22.5,"axis":"x"}}],"display":{"gui":{"rotation":[30,225,0]}}}