{"textures":{"0":"modelengine:entity/mso_hakar"},"elements":[{"from":[7.867894,7.206394,5.542513],"to":[7.867894,12.868557,26.979574],"faces":{"east":{"uv":[7.28125,3.125,9.96875,3.75],"tintindex":0,"rotation":0,"texture":"#0"},"west":{"uv":[7.28125,3.75,9.96875,4.375],"tintindex":0,"rotation":0,"texture":"#0"}}},{"from":[8.151003,-14.941235,2.0573778],"to":[8.151003,6.7817345,28.75738],"faces":{"east":{"uv":[5.3125,2.65625,3.0,5.3125],"tintindex":0,"rotation":0,"texture":"#0"},"west":{"uv":[3.0,2.65625,5.3125,5.3125],"tintindex":0,"rotation":0,"texture":"#0"}}},{"from":[7.301678,6.7817345,7.807379],"to":[8.717218,8.338829,23.378325],"faces":{"east":{"uv":[8.15625,1.1875,9.0,1.375],"tintindex":0,"rotation":0,"texture":"#0"},"south":{"uv":[5.0,12.0,5.15625,12.1875],"tintindex":0,"rotation":0,"texture":"#0"},"north":{"uv":[12.0,4.09375,12.15625,4.28125],"tintindex":0,"rotation":0,"texture":"#0"},"west":{"uv":[8.125,1.1875,8.9375,1.375],"tintindex":0,"rotation":0,"texture":"#0"},"up":{"uv":[8.71875,5.0,8.5625,4.40625],"tintindex":0,"rotation":0,"texture":"#0"},"down":{"uv":[9.0,4.375,8.84375,5.0],"tintindex":0,"rotation":0,"texture":"#0"}}}],"display":{"gui":{"rotation":[30,225,0]}}}