{"textures":{"0":"modelengine:entity/mso_hakar"},"elements":[{"from":[6.5655622,21.008072,3.9860306],"to":[9.396644,24.122269,10.780624],"faces":{"east":{"uv":[12.0625,7.5625,11.6875,7.75],"tintindex":0,"rotation":0,"texture":"#0"},"south":{"uv":[6.34375,12.0,6.1875,12.1875],"tintindex":0,"rotation":0,"texture":"#0"},"north":{"uv":[12.15625,5.65625,12.0,5.84375],"tintindex":0,"rotation":0,"texture":"#0"},"west":{"uv":[10.96875,7.9375,10.59375,8.125],"tintindex":0,"rotation":0,"texture":"#0"},"up":{"uv":[6.46875,12.15625,6.625,11.78125],"tintindex":0,"rotation":0,"texture":"#0"},"down":{"uv":[5.46875,11.8125,5.625,12.1875],"tintindex":0,"rotation":0,"texture":"#0"}},"rotation":{"origin":[7.927888,8.164444,-30.591213],"angle":22.5,"axis":"x"}}],"display":{"gui":{"rotation":[30,225,0]}}}