{"textures":{"0":"modelengine:entity/mso_hakar"},"elements":[{"from":[6.5408,-10.77507,-4.942647],"to":[9.4592,10.383331,3.0829535],"faces":{"east":{"uv":[8.625,9.4375,8.96875,10.34375],"tintindex":0,"rotation":0,"texture":"#0"},"south":{"uv":[0.0,11.34375,0.125,12.25],"tintindex":0,"rotation":0,"texture":"#0"},"north":{"uv":[9.4375,11.21875,9.5625,12.125],"tintindex":0,"rotation":0,"texture":"#0"},"west":{"uv":[0.625,9.75,0.96875,10.65625],"tintindex":0,"rotation":0,"texture":"#0"},"up":{"uv":[3.625,12.21875,3.5,11.875],"tintindex":0,"rotation":0,"texture":"#0"},"down":{"uv":[7.0,11.875,6.875,12.21875],"tintindex":0,"rotation":0,"texture":"#0"}},"rotation":{"origin":[8.0,6.552925,7.2781534],"angle":-22.5,"axis":"x"}},{"from":[1.4336,-3.4790726,14.026953],"to":[14.566401,1.628128,18.039753],"faces":{"east":{"uv":[2.8125,5.0625,3.0,5.28125],"tintindex":0,"rotation":0,"texture":"#0"},"south":{"uv":[11.25,3.875,11.8125,4.09375],"tintindex":0,"rotation":0,"texture":"#0"},"north":{"uv":[11.21875,8.25,11.78125,8.46875],"tintindex":0,"rotation":0,"texture":"#0"},"west":{"uv":[7.4375,9.1875,7.625,9.40625],"tintindex":0,"rotation":0,"texture":"#0"},"up":{"uv":[11.9375,9.09375,11.375,8.90625],"tintindex":0,"rotation":0,"texture":"#0"},"down":{"uv":[12.0,4.09375,11.4375,4.28125],"tintindex":0,"rotation":0,"texture":"#0"}}},{"from":[14.384,-4.7558746,0.7117529],"to":[18.396801,-3.296669,17.492554],"faces":{"east":{"uv":[11.46875,10.875,12.1875,10.9375],"tintindex":0,"rotation":0,"texture":"#0"},"south":{"uv":[10.15625,6.40625,10.34375,6.46875],"tintindex":0,"rotation":0,"texture":"#0"},"north":{"uv":[0.96875,10.03125,1.15625,10.09375],"tintindex":0,"rotation":0,"texture":"#0"},"west":{"uv":[11.59375,7.0625,12.3125,7.125],"tintindex":0,"rotation":0,"texture":"#0"},"up":{"uv":[0.9375,11.84375,0.75,11.125],"tintindex":0,"rotation":0,"texture":"#0"},"down":{"uv":[5.84375,11.21875,5.65625,11.9375],"tintindex":0,"rotation":0,"texture":"#0"}}},{"from":[0.8864002,-4.7558746,17.492554],"to":[15.1136,-3.296669,18.404552],"faces":{"east":{"uv":[6.25,5.59375,6.28125,5.65625],"tintindex":0,"rotation":0,"texture":"#0"},"south":{"uv":[11.875,0.125,12.5,0.1875],"tintindex":0,"rotation":0,"texture":"#0"},"north":{"uv":[11.84375,5.59375,12.46875,5.65625],"tintindex":0,"rotation":0,"texture":"#0"},"west":{"uv":[7.84375,7.34375,7.875,7.40625],"tintindex":0,"rotation":0,"texture":"#0"},"up":{"uv":[12.53125,1.40625,11.90625,1.375],"tintindex":0,"rotation":0,"texture":"#0"},"down":{"uv":[12.5625,5.0625,11.9375,5.09375],"tintindex":0,"rotation":0,"texture":"#0"}}},{"from":[0.8864002,1.628128,14.938953],"to":[15.1136,2.5401306,18.404552],"faces":{"east":{"uv":[0.84375,8.28125,1.0,8.3125],"tintindex":0,"rotation":0,"texture":"#0"},"south":{"uv":[11.875,10.6875,12.5,10.71875],"tintindex":0,"rotation":0,"texture":"#0"},"north":{"uv":[1.90625,10.0,2.53125,10.03125],"tintindex":0,"rotation":0,"texture":"#0"},"west":{"uv":[1.0,8.28125,1.15625,8.3125],"tintindex":0,"rotation":0,"texture":"#0"},"up":{"uv":[11.78125,3.5,11.15625,3.34375],"tintindex":0,"rotation":0,"texture":"#0"},"down":{"uv":[12.09375,10.71875,11.46875,10.875],"tintindex":0,"rotation":0,"texture":"#0"}}},{"from":[6.7232,-1.9511261,-5.205085],"to":[9.2768,5.344879,-1.7394848],"faces":{"east":{"uv":[11.8125,7.84375,11.96875,8.15625],"tintindex":0,"rotation":0,"texture":"#0"},"south":{"uv":[5.625,11.9375,5.75,12.25],"tintindex":0,"rotation":0,"texture":"#0"},"north":{"uv":[4.875,11.9375,5.0,12.25],"tintindex":0,"rotation":0,"texture":"#0"},"west":{"uv":[11.09375,11.8125,11.25,12.125],"tintindex":0,"rotation":0,"texture":"#0"},"up":{"uv":[12.15625,4.8125,12.03125,4.65625],"tintindex":0,"rotation":0,"texture":"#0"},"down":{"uv":[5.28125,12.03125,5.15625,12.1875],"tintindex":0,"rotation":0,"texture":"#0"}},"rotation":{"origin":[8.1824,2.061676,3.5501146],"angle":45.0,"axis":"x"}},{"from":[-0.7552004,-7.127075,1.6237531],"to":[16.7552,9.653725,15.850954],"faces":{"east":{"uv":[4.09375,8.78125,3.46875,9.5],"tintindex":0,"rotation":0,"texture":"#0"},"south":{"uv":[8.28125,4.46875,9.03125,5.0],"tintindex":0,"rotation":0,"texture":"#0"},"north":{"uv":[2.4375,8.0625,3.1875,8.78125],"tintindex":0,"rotation":0,"texture":"#0"},"west":{"uv":[3.46875,8.78125,4.09375,9.5],"tintindex":0,"rotation":0,"texture":"#0"},"up":{"uv":[5.6875,9.03125,4.9375,8.40625],"tintindex":0,"rotation":0,"texture":"#0"},"down":{"uv":[9.21875,6.5625,8.46875,7.1875],"tintindex":0,"rotation":0,"texture":"#0"}}},{"from":[13.3312645,-2.488739,0.967113],"to":[16.906305,1.0862961,1.6237531],"faces":{"east":{"uv":[6.25,5.03125,6.28125,5.1875],"tintindex":0,"rotation":0,"texture":"#0"},"south":{"uv":[8.78125,12.0,8.9375,12.15625],"tintindex":0,"rotation":0,"texture":"#0"},"north":{"uv":[8.625,12.0,8.78125,12.15625],"tintindex":0,"rotation":0,"texture":"#0"},"west":{"uv":[6.25,5.1875,6.28125,5.34375],"tintindex":0,"rotation":0,"texture":"#0"},"up":{"uv":[6.21875,5.78125,6.0625,5.75],"tintindex":0,"rotation":0,"texture":"#0"},"down":{"uv":[0.84375,8.28125,0.6875,8.3125],"tintindex":0,"rotation":0,"texture":"#0"}},"rotation":{"origin":[15.082305,-1.4673004,9.102153],"angle":45.0,"axis":"z"}},{"from":[17.4848,-2.7494736,7.460553],"to":[19.6736,0.89852905,10.926153],"faces":{"east":{"uv":[0.96875,12.03125,1.125,12.1875],"tintindex":0,"rotation":0,"texture":"#0"},"south":{"uv":[6.9375,11.0625,7.03125,11.21875],"tintindex":0,"rotation":0,"texture":"#0"},"north":{"uv":[10.375,10.21875,10.46875,10.375],"tintindex":0,"rotation":0,"texture":"#0"},"west":{"uv":[1.96875,12.03125,2.125,12.1875],"tintindex":0,"rotation":0,"texture":"#0"},"up":{"uv":[8.75,11.59375,8.65625,11.4375],"tintindex":0,"rotation":0,"texture":"#0"},"down":{"uv":[0.59375,11.84375,0.5,12.0],"tintindex":0,"rotation":0,"texture":"#0"}}},{"from":[15.1136,1.628128,0.7117529],"to":[18.396801,2.5401306,17.492554],"faces":{"east":{"uv":[8.1875,3.09375,8.90625,3.125],"tintindex":0,"rotation":0,"texture":"#0"},"south":{"uv":[9.0,1.71875,9.15625,1.75],"tintindex":0,"rotation":0,"texture":"#0"},"north":{"uv":[9.0,1.6875,9.15625,1.71875],"tintindex":0,"rotation":0,"texture":"#0"},"west":{"uv":[11.71875,4.625,12.4375,4.65625],"tintindex":0,"rotation":0,"texture":"#0"},"up":{"uv":[4.75,12.09375,4.59375,11.375],"tintindex":0,"rotation":0,"texture":"#0"},"down":{"uv":[10.5,11.375,10.34375,12.09375],"tintindex":0,"rotation":0,"texture":"#0"}}},{"from":[-3.7451296,-2.7494736,7.460553],"to":[-1.5563297,0.89852905,10.926153],"faces":{"east":{"uv":[2.125,12.03125,1.96875,12.1875],"tintindex":0,"rotation":0,"texture":"#0"},"south":{"uv":[7.03125,11.0625,6.9375,11.21875],"tintindex":0,"rotation":0,"texture":"#0"},"north":{"uv":[10.46875,10.21875,10.375,10.375],"tintindex":0,"rotation":0,"texture":"#0"},"west":{"uv":[1.125,12.03125,0.96875,12.1875],"tintindex":0,"rotation":0,"texture":"#0"},"up":{"uv":[8.65625,11.59375,8.75,11.4375],"tintindex":0,"rotation":0,"texture":"#0"},"down":{"uv":[0.5,11.84375,0.59375,12.0],"tintindex":0,"rotation":0,"texture":"#0"}}},{"from":[-0.9778347,-2.488739,0.967113],"to":[2.5972056,1.0862961,1.6237531],"faces":{"east":{"uv":[6.28125,5.1875,6.25,5.34375],"tintindex":0,"rotation":0,"texture":"#0"},"south":{"uv":[8.9375,12.0,8.78125,12.15625],"tintindex":0,"rotation":0,"texture":"#0"},"north":{"uv":[8.78125,12.0,8.625,12.15625],"tintindex":0,"rotation":0,"texture":"#0"},"west":{"uv":[6.28125,5.03125,6.25,5.1875],"tintindex":0,"rotation":0,"texture":"#0"},"up":{"uv":[6.0625,5.78125,6.21875,5.75],"tintindex":0,"rotation":0,"texture":"#0"},"down":{"uv":[0.6875,8.28125,0.84375,8.3125],"tintindex":0,"rotation":0,"texture":"#0"}},"rotation":{"origin":[0.84616566,-1.4673004,9.102153],"angle":-45.0,"axis":"z"}},{"from":[-2.2859297,-3.4790726,0.8941531],"to":[1.3620706,1.628128,17.310154],"faces":{"east":{"uv":[11.6875,4.9375,10.96875,5.15625],"tintindex":0,"rotation":0,"texture":"#0"},"south":{"uv":[12.125,9.8125,11.96875,10.03125],"tintindex":0,"rotation":0,"texture":"#0"},