{"textures":{"0":"modelengine:entity/mso_hakar"},"elements":[{"from":[2.0245762,4.4736633,-3.2925186],"to":[13.975424,9.026367,7.2925177],"faces":{"east":{"uv":[10.5,3.875,10.78125,4.0],"tintindex":0,"rotation":0,"texture":"#0"},"south":{"uv":[11.875,0.0,12.21875,0.125],"tintindex":0,"rotation":0,"texture":"#0"},"north":{"uv":[9.75,7.59375,10.09375,7.71875],"tintindex":0,"rotation":0,"texture":"#0"},"west":{"uv":[1.46875,11.96875,1.75,12.09375],"tintindex":0,"rotation":0,"texture":"#0"},"up":{"uv":[5.5625,11.8125,5.21875,11.53125],"tintindex":0,"rotation":0,"texture":"#0"},"down":{"uv":[6.1875,11.53125,5.84375,11.8125],"tintindex":0,"rotation":0,"texture":"#0"}}}],"display":{"gui":{"rotation":[30,225,0]}}}