{"textures":{"0":"modelengine:entity/mso_hakar"},"elements":[{"from":[13.2896,-11.598396,-2.9689045],"to":[13.2896,21.598396,25.667894],"faces":{"east":{"uv":[6.28125,4.5625,7.5,6.0],"tintindex":0,"rotation":0,"texture":"#0"},"west":{"uv":[7.5,4.5625,6.28125,6.0],"tintindex":0,"rotation":0,"texture":"#0"}},"rotation":{"origin":[8.0,5.0,11.349495],"angle":22.5,"axis":"y"}},{"from":[2.7104,-11.598396,-2.9689045],"to":[2.7104,21.598396,25.667894],"faces":{"east":{"uv":[6.28125,4.5625,7.5,6.0],"tintindex":0,"rotation":0,"texture":"#0"},"west":{"uv":[7.5,4.5625,6.28125,6.0],"tintindex":0,"rotation":0,"texture":"#0"}},"rotation":{"origin":[8.0,5.0,11.349495],"angle":-22.5,"axis":"y"}},{"from":[8.0,-11.598396,-2.9689045],"to":[8.0,21.598396,25.667894],"faces":{"east":{"uv":[7.28125,3.125,6.0625,4.5625],"tintindex":0,"rotation":0,"texture":"#0"},"west":{"uv":[6.0625,3.125,7.28125,4.5625],"tintindex":0,"rotation":0,"texture":"#0"}}}],"display":{"gui":{"rotation":[30,225,0]}}}