{"textures":{"0":"modelengine:entity/mso_hakar"},"elements":[{"from":[6.176,0.08160019,6.1695995],"to":[9.824,8.836801,10.1824],"faces":{"east":{"uv":[0.28125,11.34375,0.375,11.53125],"tintindex":0,"rotation":0,"texture":"#0"},"south":{"uv":[4.75,11.375,4.84375,11.5625],"tintindex":0,"rotation":0,"texture":"#0"},"north":{"uv":[8.65625,11.25,8.75,11.4375],"tintindex":0,"rotation":0,"texture":"#0"},"west":{"uv":[5.5625,11.53125,5.65625,11.71875],"tintindex":0,"rotation":0,"texture":"#0"},"up":{"uv":[7.84375,7.4375,7.75,7.34375],"tintindex":0,"rotation":0,"texture":"#0"},"down":{"uv":[8.90625,5.03125,8.8125,5.125],"tintindex":0,"rotation":0,"texture":"#0"}}},{"from":[8.0,0.08160019,9.452799],"to":[8.0,8.836801,17.8432],"faces":{"east":{"uv":[11.96875,4.28125,12.15625,4.46875],"tintindex":0,"rotation":0,"texture":"#0"},"west":{"uv":[7.25,11.96875,7.4375,12.15625],"tintindex":0,"rotation":0,"texture":"#0"}}},{"from":[6.32192,-2.638959,13.03451],"to":[9.67808,0.19851875,15.871988],"faces":{"east":{"uv":[1.96875,9.28125,2.03125,9.34375],"tintindex":0,"rotation":0,"texture":"#0"},"south":{"uv":[4.65625,9.625,4.71875,9.6875],"tintindex":0,"rotation":0,"texture":"#0"},"north":{"uv":[9.15625,6.46875,9.21875,6.53125],"tintindex":0,"rotation":0,"texture":"#0"},"west":{"uv":[4.71875,9.625,4.78125,9.6875],"tintindex":0,"rotation":0,"texture":"#0"},"up":{"uv":[9.78125,1.6875,9.71875,1.625],"tintindex":0,"rotation":0,"texture":"#0"},"down":{"uv":[1.96875,9.90625,1.90625,9.96875],"tintindex":0,"rotation":0,"texture":"#0"}},"rotation":{"origin":[8.0,7.0080004,12.886061],"angle":45.0,"axis":"x"}}],"display":{"gui":{"rotation":[30,225,0]}}}