{"textures":{"0":"modelengine:entity/mso_hakar"},"elements":[{"from":[-7.8243084,0.5263672,15.061221],"to":[5.9476204,5.534363,30.938776],"faces":{"east":{"uv":[10.8125,5.1875,10.375,5.3125],"tintindex":0,"rotation":0,"texture":"#0"},"south":{"uv":[12.21875,1.0625,11.84375,1.1875],"tintindex":0,"rotation":0,"texture":"#0"},"north":{"uv":[12.1875,7.4375,11.8125,7.5625],"tintindex":0,"rotation":0,"texture":"#0"},"west":{"uv":[10.28125,6.9375,9.84375,7.0625],"tintindex":0,"rotation":0,"texture":"#0"},"up":{"uv":[0.0,11.34375,0.375,10.90625],"tintindex":0,"rotation":0,"texture":"#0"},"down":{"uv":[10.0625,10.90625,10.4375,11.34375],"tintindex":0,"rotation":0,"texture":"#0"}},"rotation":{"origin":[16.022884,-16.95285,31.036667],"angle":-22.5,"axis":"z"}}],"display":{"gui":{"rotation":[30,225,0]}}}