{"textures":{"0":"modelengine:entity/mso_hakar"},"elements":[{"from":[12.115889,4.9311523,-1.651289],"to":[12.115889,27.236557,28.910444],"faces":{"east":{"uv":[7.46875,0.0,5.3125,1.5625],"tintindex":0,"rotation":0,"texture":"#0"},"west":{"uv":[5.3125,0.0,7.46875,1.5625],"tintindex":0,"rotation":0,"texture":"#0"}},"rotation":{"origin":[8.513739,-6.372879,13.177559],"angle":22.5,"axis":"z"}},{"from":[3.9750156,4.543213,-1.651289],"to":[3.9750156,26.848618,28.910444],"faces":{"east":{"uv":[7.46875,0.0,5.3125,1.5625],"tintindex":0,"rotation":0,"texture":"#0"},"west":{"uv":[5.3125,0.0,7.46875,1.5625],"tintindex":0,"rotation":0,"texture":"#0"}},"rotation":{"origin":[8.513739,-6.372879,13.177559],"angle":-22.5,"axis":"z"}}],"display":{"gui":{"rotation":[30,225,0]}}}