{"textures":{"0":"modelengine:entity/mso_hakar"},"elements":[{"from":[10.206712,1.3022461,15.061221],"to":[23.978642,6.3102417,30.938776],"faces":{"east":{"uv":[9.84375,6.9375,10.28125,7.0625],"tintindex":0,"rotation":0,"texture":"#0"},"south":{"uv":[11.84375,1.0625,12.21875,1.1875],"tintindex":0,"rotation":0,"texture":"#0"},"north":{"uv":[11.8125,7.4375,12.1875,7.5625],"tintindex":0,"rotation":0,"texture":"#0"},"west":{"uv":[10.375,5.1875,10.8125,5.3125],"tintindex":0,"rotation":0,"texture":"#0"},"up":{"uv":[0.375,11.34375,0.0,10.90625],"tintindex":0,"rotation":0,"texture":"#0"},"down":{"uv":[10.4375,10.90625,10.0625,11.34375],"tintindex":0,"rotation":0,"texture":"#0"}},"rotation":{"origin":[2.0045924,-16.95285,31.036667],"angle":22.5,"axis":"z"}}],"display":{"gui":{"rotation":[30,225,0]}}}