{"textures":{"0":"modelengine:entity/mso_hakar"},"elements":[{"from":[3.744,-8.3915,4.1381664],"to":[12.2560005,-0.122701645,10.461367],"faces":{"east":{"uv":[10.46875,10.375,10.0625,10.90625],"tintindex":0,"rotation":0,"texture":"#0"},"south":{"uv":[9.75,9.375,10.3125,9.90625],"tintindex":0,"rotation":0,"texture":"#0"},"north":{"uv":[9.75,7.0625,10.3125,7.59375],"tintindex":0,"rotation":0,"texture":"#0"},"west":{"uv":[10.0625,10.375,10.46875,10.90625],"tintindex":0,"rotation":0,"texture":"#0"},"up":{"uv":[2.59375,10.78125,2.03125,10.375],"tintindex":0,"rotation":0,"texture":"#0"},"down":{"uv":[10.9375,2.28125,10.375,2.6875],"tintindex":0,"rotation":0,"texture":"#0"}}},{"from":[3.18464,-1.5480118,4.3859944],"to":[12.81536,3.7537484,9.736395],"faces":{"east":{"uv":[5.78125,10.40625,6.125,10.75],"tintindex":0,"rotation":0,"texture":"#0"},"south":{"uv":[10.40625,4.375,11.03125,4.71875],"tintindex":0,"rotation":0,"texture":"#0"},"north":{"uv":[2.59375,10.40625,3.21875,10.75],"tintindex":0,"rotation":0,"texture":"#0"},"west":{"uv":[6.25,11.25,6.59375,11.59375],"tintindex":0,"rotation":0,"texture":"#0"},"up":{"uv":[5.78125,10.75,5.15625,10.40625],"tintindex":0,"rotation":0,"texture":"#0"},"down":{"uv":[9.40625,10.40625,8.78125,10.75],"tintindex":0,"rotation":0,"texture":"#0"}},"rotation":{"origin":[8.0,-0.38065338,5.966795],"angle":45.0,"axis":"x"}},{"from":[3.1359997,-0.122701645,4.0165663],"to":[12.864,8.146098,11.555767],"faces":{"east":{"uv":[10.59375,7.59375,10.09375,8.125],"tintindex":0,"rotation":0,"texture":"#0"},"south":{"uv":[0.0,9.5,0.625,10.03125],"tintindex":0,"rotation":0,"texture":"#0"},"north":{"uv":[8.0,9.4375,8.625,9.96875],"tintindex":0,"rotation":0,"texture":"#0"},"west":{"uv":[10.09375,7.59375,10.59375,8.125],"tintindex":0,"rotation":0,"texture":"#0"},"up":{"uv":[10.375,0.5,9.75,0.0],"tintindex":0,"rotation":0,"texture":"#0"},"down":{"uv":[10.375,0.5,9.75,1.0],"tintindex":0,"rotation":0,"texture":"#0"}}},{"from":[8.0,-8.1483,8.686007],"to":[8.0,0.85010004,17.562809],"faces":{"east":{"uv":[5.4375,9.4375,6.0,10.03125],"tintindex":0,"rotation":0,"texture":"#0"},"west":{"uv":[6.0,9.4375,5.4375,10.03125],"tintindex":0,"rotation":0,"texture":"#0"}}}],"display":{"gui":{"rotation":[30,225,0]}}}