{"textures":{"0":"modelengine:entity/mso_hakar"},"elements":[{"from":[6.5408,18.424973,11.001337],"to":[9.4592,22.839058,18.662136],"faces":{"east":{"uv":[3.15625,11.71875,2.8125,11.90625],"tintindex":0,"rotation":0,"texture":"#0"},"south":{"uv":[4.03125,12.03125,3.90625,12.21875],"tintindex":0,"rotation":0,"texture":"#0"},"north":{"uv":[12.15625,2.90625,12.03125,3.09375],"tintindex":0,"rotation":0,"texture":"#0"},"west":{"uv":[2.8125,11.71875,2.46875,11.90625],"tintindex":0,"rotation":0,"texture":"#0"},"up":{"uv":[7.0,12.21875,7.125,11.875],"tintindex":0,"rotation":0,"texture":"#0"},"down":{"uv":[7.125,11.875,7.25,12.21875],"tintindex":0,"rotation":0,"texture":"#0"}},"rotation":{"origin":[8.3648,10.326416,25.775736],"angle":-45.0,"axis":"x"}}],"display":{"gui":{"rotation":[30,225,0]}}}