{"textures":{"0":"modelengine:entity/mso_hakar"},"elements":[{"from":[7.7808633,26.155106,2.561345],"to":[8.15834,27.589514,6.373871],"faces":{"east":{"uv":[11.9375,8.46875,12.25,8.59375],"tintindex":0,"rotation":0,"texture":"#0"},"south":{"uv":[8.4375,8.875,8.46875,9.0],"tintindex":0,"rotation":0,"texture":"#0"},"north":{"uv":[0.65625,8.875,0.6875,9.0],"tintindex":0,"rotation":0,"texture":"#0"},"west":{"uv":[11.9375,8.875,12.25,9.0],"tintindex":0,"rotation":0,"texture":"#0"},"up":{"uv":[5.3125,5.625,5.28125,5.3125],"tintindex":0,"rotation":0,"texture":"#0"},"down":{"uv":[6.28125,4.5625,6.25,4.875],"tintindex":0,"rotation":0,"texture":"#0"}},"rotation":{"origin":[7.856075,10.937933,-17.191725],"angle":45.0,"axis":"x"}}],"display":{"gui":{"rotation":[30,225,0]}}}