{"textures":{"0":"modelengine:entity/mso_hakar"},"elements":[{"from":[7.282781,6.7817345,7.807379],"to":[8.698322,8.338829,23.378325],"faces":{"east":{"uv":[8.9375,1.1875,8.125,1.375],"tintindex":0,"rotation":0,"texture":"#0"},"south":{"uv":[5.15625,12.0,5.0,12.1875],"tintindex":0,"rotation":0,"texture":"#0"},"north":{"uv":[12.15625,4.09375,12.0,4.28125],"tintindex":0,"rotation":0,"texture":"#0"},"west":{"uv":[9.0,1.1875,8.15625,1.375],"tintindex":0,"rotation":0,"texture":"#0"},"up":{"uv":[8.5625,5.0,8.71875,4.40625],"tintindex":0,"rotation":0,"texture":"#0"},"down":{"uv":[8.84375,4.375,9.0,5.0],"tintindex":0,"rotation":0,"texture":"#0"}}},{"from":[7.8489976,-14.941235,2.0573778],"to":[7.8489976,6.7817345,28.75738],"faces":{"east":{"uv":[5.3125,2.65625,3.0,5.3125],"tintindex":0,"rotation":0,"texture":"#0"},"west":{"uv":[3.0,2.65625,5.3125,5.3125],"tintindex":0,"rotation":0,"texture":"#0"}}},{"from":[8.132106,7.206394,5.542513],"to":[8.132106,12.868557,26.979574],"faces":{"east":{"uv":[9.96875,3.75,7.28125,4.375],"tintindex":0,"rotation":0,"texture":"#0"},"west":{"uv":[9.96875,3.125,7.28125,3.75],"tintindex":0,"rotation":0,"texture":"#0"}}}],"display":{"gui":{"rotation":[30,225,0]}}}