{"textures":{"0":"modelengine:entity/mso_hakar"},"elements":[{"from":[2.1632004,-8.640411,0.93359995],"to":[13.8368,8.140396,14.066401],"faces":{"east":{"uv":[0.0625,9.59375,0.34375,9.96875],"tintindex":0,"rotation":0,"texture":"#0"},"south":{"uv":[8.59375,4.5,8.84375,4.875],"tintindex":0,"rotation":0,"texture":"#0"},"north":{"uv":[8.4375,1.25,8.6875,1.625],"tintindex":0,"rotation":0,"texture":"#0"},"west":{"uv":[0.0,9.5625,0.28125,9.9375],"tintindex":0,"rotation":0,"texture":"#0"},"up":{"uv":[0.25,9.90625,0.0,9.625],"tintindex":0,"rotation":0,"texture":"#0"},"down":{"uv":[11.9375,4.875,11.6875,5.15625],"tintindex":0,"rotation":0,"texture":"#0"}}}],"display":{"gui":{"rotation":[30,225,0]}}}