{"textures":{"0":"modelengine:entity/mso_hakar"},"elements":[{"from":[1.0688,-2.5435982,1.1444092E-4],"to":[14.9312,9.130005,14.592115],"faces":{"east":{"uv":[3.375,11.625,3.6875,11.875],"tintindex":0,"rotation":0,"texture":"#0"},"south":{"uv":[11.6875,1.59375,12.0,1.84375],"tintindex":0,"rotation":0,"texture":"#0"},"north":{"uv":[7.625,8.625,7.9375,8.875],"tintindex":0,"rotation":0,"texture":"#0"},"west":{"uv":[11.6875,2.25,12.0,2.5],"tintindex":0,"rotation":0,"texture":"#0"},"up":{"uv":[0.59375,11.84375,0.28125,11.53125],"tintindex":0,"rotation":0,"texture":"#0"},"down":{"uv":[2.0625,11.53125,1.75,11.84375],"tintindex":0,"rotation":0,"texture":"#0"}}},{"from":[8.0,-3.6379967,12.549234],"to":[8.0,8.035603,24.222834],"faces":{"east":{"uv":[8.5625,11.75,8.8125,12.0],"tintindex":0,"rotation":0,"texture":"#0"},"west":{"uv":[8.8125,11.75,8.5625,12.0],"tintindex":0,"rotation":0,"texture":"#0"}}},{"from":[1.2147202,-5.889385,2.2415028],"to":[14.78528,4.325012,12.601822],"faces":{"east":{"uv":[11.8125,11.3125,12.03125,11.53125],"tintindex":0,"rotation":0,"texture":"#0"},"south":{"uv":[2.0625,11.8125,2.34375,12.03125],"tintindex":0,"rotation":0,"texture":"#0"},"north":{"uv":[11.8125,2.03125,12.09375,2.25],"tintindex":0,"rotation":0,"texture":"#0"},"west":{"uv":[11.8125,11.53125,12.03125,11.75],"tintindex":0,"rotation":0,"texture":"#0"},"up":{"uv":[12.09375,4.09375,11.8125,3.875],"tintindex":0,"rotation":0,"texture":"#0"},"down":{"uv":[5.46875,11.8125,5.1875,12.03125],"tintindex":0,"rotation":0,"texture":"#0"}},"rotation":{"origin":[8.0,-1.5117874,5.3058224],"angle":45.0,"axis":"x"}}],"display":{"gui":{"rotation":[30,225,0]}}}