{"textures":{"0":"modelengine:entity/mso_hakar"},"elements":[{"from":[-2.83313,1.4101181,-2.5556316],"to":[10.11727,9.070923,16.231567],"faces":{"east":{"uv":[8.15625,9.5625,7.34375,9.90625],"tintindex":0,"rotation":0,"texture":"#0"},"south":{"uv":[8.96875,4.5,8.40625,4.84375],"tintindex":0,"rotation":0,"texture":"#0"},"north":{"uv":[11.0625,6.0625,10.5,6.40625],"tintindex":0,"rotation":0,"texture":"#0"},"west":{"uv":[9.03125,4.4375,8.28125,4.78125],"tintindex":0,"rotation":0,"texture":"#0"},"up":{"uv":[8.375,5.03125,8.9375,4.40625],"tintindex":0,"rotation":0,"texture":"#0"},"down":{"uv":[8.46875,8.0,9.03125,8.8125],"tintindex":0,"rotation":0,"texture":"#0"}},"rotation":{"origin":[7.9284706,10.165321,7.293968],"angle":-22.5,"axis":"z"}},{"from":[5.264,-6.6154785,-4.926832],"to":[10.736,-1.1434784,3.6459684],"faces":{"east":{"uv":[11.125,11.59375,11.5,11.8125],"tintindex":0,"rotation":0,"texture":"#0"},"south":{"uv":[5.84375,11.8125,6.09375,12.03125],"tintindex":0,"rotation":0,"texture":"#0"},"north":{"uv":[9.71875,5.875,9.96875,6.09375],"tintindex":0,"rotation":0,"texture":"#0"},"west":{"uv":[0.9375,11.625,1.3125,11.84375],"tintindex":0,"rotation":0,"texture":"#0"},"up":{"uv":[5.6875,9.40625,5.4375,9.03125],"tintindex":0,"rotation":0,"texture":"#0"},"down":{"uv":[5.0,11.5625,4.75,11.9375],"tintindex":0,"rotation":0,"texture":"#0"}}},{"from":[-1.3023996,-10.463188,-4.189062],"to":[17.302399,1.8670502,8.214137],"faces":{"east":{"uv":[10.5,5.875,9.96875,6.40625],"tintindex":0,"rotation":0,"texture":"#0"},"south":{"uv":[8.90625,2.3125,9.71875,2.84375],"tintindex":0,"rotation":0,"texture":"#0"},"north":{"uv":[7.625,8.875,8.4375,9.40625],"tintindex":0,"rotation":0,"texture":"#0"},"west":{"uv":[9.96875,5.875,10.5,6.40625],"tintindex":0,"rotation":0,"texture":"#0"},"up":{"uv":[9.71875,5.5625,8.90625,5.03125],"tintindex":0,"rotation":0,"texture":"#0"},"down":{"uv":[9.71875,5.5625,8.90625,6.09375],"tintindex":0,"rotation":0,"texture":"#0"}},"rotation":{"origin":[8.0,1.1009674,6.973818],"angle":-45.0,"axis":"x"}},{"from":[1.5444708,-6.068283,-1.2788315],"to":[7.3812704,-4.061882,12.948368],"faces":{"east":{"uv":[12.25,9.46875,11.625,9.5625],"tintindex":0,"rotation":0,"texture":"#0"},"south":{"uv":[8.5625,5.03125,8.3125,5.125],"tintindex":0,"rotation":0,"texture":"#0"},"north":{"uv":[7.75,7.34375,7.5,7.4375],"tintindex":0,"rotation":0,"texture":"#0"},"west":{"uv":[9.53125,3.03125,8.90625,3.125],"tintindex":0,"rotation":0,"texture":"#0"},"up":{"uv":[10.96875,8.5625,11.21875,7.9375],"tintindex":0,"rotation":0,"texture":"#0"},"down":{"uv":[9.59375,10.96875,9.84375,11.59375],"tintindex":0,"rotation":0,"texture":"#0"}},"rotation":{"origin":[-0.27952957,-4.973877,5.8347683],"angle":22.5,"axis":"y"}},{"from":[-1.4848003,-6.250679,-1.4612312],"to":[17.4848,6.5173187,16.049168],"faces":{"east":{"uv":[9.75,0.5625,9.0,1.125],"tintindex":0,"rotation":0,"texture":"#0"},"south":{"uv":[2.03125,8.78125,2.84375,9.34375],"tintindex":0,"rotation":0,"texture":"#0"},"north":{"uv":[6.8125,8.625,7.625,9.1875],"tintindex":0,"rotation":0,"texture":"#0"},"west":{"uv":[9.0,0.5625,9.75,1.125],"tintindex":0,"rotation":0,"texture":"#0"},"up":{"uv":[8.28125,2.625,7.46875,1.875],"tintindex":0,"rotation":0,"texture":"#0"},"down":{"uv":[8.3125,4.375,7.5,5.125],"tintindex":0,"rotation":0,"texture":"#0"}}},{"from":[6.5408,-3.6970825,-4.926832],"to":[9.4592,4.3285217,0.18036842],"faces":{"east":{"uv":[6.5625,9.4375,6.78125,9.78125],"tintindex":0,"rotation":0,"texture":"#0"},"south":{"uv":[3.375,11.875,3.5,12.21875],"tintindex":0,"rotation":0,"texture":"#0"},"north":{"uv":[1.84375,11.84375,1.96875,12.1875],"tintindex":0,"rotation":0,"texture":"#0"},"west":{"uv":[6.65625,11.65625,6.875,12.0],"tintindex":0,"rotation":0,"texture":"#0"},"up":{"uv":[4.9375,9.0,4.8125,8.78125],"tintindex":0,"rotation":0,"texture":"#0"},"down":{"uv":[4.59375,10.34375,4.46875,10.5625],"tintindex":0,"rotation":0,"texture":"#0"}},"rotation":{"origin":[8.0,0.13332367,7.293968],"angle":22.5,"axis":"x"}},{"from":[7.8176003,-9.533882,-9.304432],"to":[7.8176003,1.7749176,3.6459684],"faces":{"east":{"uv":[4.59375,10.125,5.15625,10.59375],"tintindex":0,"rotation":0,"texture":"#0"},"west":{"uv":[5.15625,10.125,4.59375,10.59375],"tintindex":0,"rotation":0,"texture":"#0"}},"rotation":{"origin":[8.0,-3.8794785,-0.64043236],"angle":45.0,"axis":"z"}},{"from":[8.1824,-9.533882,-9.304432],"to":[8.1824,1.7749176,3.6459684],"faces":{"east":{"uv":[10.3125,9.21875,10.875,9.6875],"tintindex":0,"rotation":0,"texture":"#0"},"west":{"uv":[10.3125,9.21875,10.875,9.6875],"tintindex":0,"rotation":0,"texture":"#0"}},"rotation":{"origin":[8.0,-3.8794785,-0.64043236],"angle":-45.0,"axis":"z"}},{"from":[6.7232,1.3413696,-5.18927],"to":[9.2768,8.637375,-1.72367],"faces":{"east":{"uv":[7.4375,11.8125,7.59375,12.125],"tintindex":0,"rotation":0,"texture":"#0"},"south":{"uv":[4.75,11.9375,4.875,12.25],"tintindex":0,"rotation":0,"texture":"#0"},"north":{"uv":[11.6875,11.90625,11.8125,12.21875],"tintindex":0,"rotation":0,"texture":"#0"},"west":{"uv":[7.84375,11.8125,8.0,12.125],"tintindex":0,"rotation":0,"texture":"#0"},"up":{"uv":[5.15625,10.75,5.03125,10.59375],"tintindex":0,"rotation":0,"texture":"#0"},"down":{"uv":[4.15625,12.03125,4.03125,12.1875],"tintindex":0,"rotation":0,"texture":"#0"}},"rotation":{"origin":[8.1824,4.6245728,3.5659304],"angle":-45.0,"axis":"x"}},{"from":[8.5472,-6.068283,-1.2788315],"to":[14.384,-4.061882,12.948368],"faces":{"east":{"uv":[8.90625,3.03125,9.53125,3.125],"tintindex":0,"rotation":0,"texture":"#0"},"south":{"uv":[8.3125,5.03125,8.5625,5.125],"tintindex":0,"rotation":0,"texture":"#0"},"north":{"uv":[7.5,7.34375,7.75,7.4375],"tintindex":0,"rotation":0,"texture":"#0"},"west":{"uv":[11.625,9.46875,12.25,9.5625],"tintindex":0,"rotation":0,"texture":"#0"},"up":{"uv":[11.21875,8.5625,10.96875,7.9375],"tintindex":0,"rotation":0,"texture":"#0"},"down":{"uv":[9.84375,10.96875,9.59375,11.59375],"tintindex":0,"rotation":0,"texture":"#0"}},"rotation":{"origin":[16.208,-4.973877,5.8347683],"angle":-22.5,"axis":"y"}},{"from":[5.8112,1.4101181,-2.5556316],"to":[18.7616,9.070923,16.231567],"faces":{"east":{"uv":[8.28125,4.4375,9.03125,4.78125],"tintindex":0,"rotation":0,"texture":"#0"},"south":{"uv":[8.40625,4.5,8.96875,4.84375],"tintindex":0,"rotation":0,"texture":"#0"},"north":{"uv":[10.5,6.0625,11.0625,6.40625],"tintindex":0,"rotation":0,"texture":"#0"},"west":{"uv":[7.34375,9.5625,8.15625,9.90625],"tintindex":0,"rotation":0,"texture":"#0"},"up":{"uv":[8.9375,5.03125,8.375,4.40625],"tintindex":0,"rotation":0,"texture":"#0"},"down":{"uv":[9.03125,8.0,8.46875,8.8125],"tintindex":0,"rotation":0,"texture":"#0"}},"rotation":{"origin":[8.0,10.165321,7.293968],"angle":22.5,"axis":"z"}},{"from":[-2.2144003,-3.332283,5.6523685],"to":[18.214401,10.530121,18.420368],"faces":{"east":{"uv":[8.0,9.40625,7.4375,10.0],"tintindex":0,"rotation":0,"texture":"#0"},"south":{"uv":[8.3125,4.40625,9.03125,5.0],"tintindex":0,"rotation":0,"texture":"#0"},"north":{"uv":[8.125,0.0,9.0,0.59375],"tintindex":0,"rotation":0,"texture":"#0"},"west":{"uv":[7.4375,9.40625,8.0,10.0],"tintindex":0,"rotation":0,"texture":"#0"},"up":{"uv":[9.0,1.75,8.125,1.1875],"tintindex":0,"rotation":0,"texture":"#0"},"down":{"uv":[9.15625,1.75,8.28125,2.3125],"tintindex":0,"rotation":0,"texture":"#0"}},"rotation":{"origin":[8.0,1.5925217,12.583569],"angle":22.5,"axis":"x"}}],"display":{"gui":{"rotation":[30,225,0]}}}