{"textures":{"0":"modelengine:entity/mso_hakar"},"elements":[{"from":[0.7040005,-13.079208,-0.025600433],"to":[15.296001,8.079193,16.0256],"faces":{"east":{"uv":[0.0625,9.5625,0.40625,10.03125],"tintindex":0,"rotation":0,"texture":"#0"},"south":{"uv":[0.09375,9.53125,0.40625,10.0],"tintindex":0,"rotation":0,"texture":"#0"},"north":{"uv":[0.0625,9.5625,0.375,10.03125],"tintindex":0,"rotation":0,"texture":"#0"},"west":{"uv":[0.03125,9.53125,0.375,10.0],"tintindex":0,"rotation":0,"texture":"#0"},"up":{"uv":[0.40625,9.96875,0.09375,9.625],"tintindex":0,"rotation":0,"texture":"#0"},"down":{"uv":[11.125,11.40625,10.8125,11.75],"tintindex":0,"rotation":0,"texture":"#0"}}}],"display":{"gui":{"rotation":[30,225,0]}}}