{"textures":{"0":"modelengine:entity/mso_hakar"},"elements":[{"from":[1.8183713,7.2933044,9.092737],"to":[4.9556518,10.744316,24.151682],"faces":{"east":{"uv":[8.34375,4.46875,9.03125,4.65625],"tintindex":0,"rotation":0,"texture":"#0"},"south":{"uv":[12.0,3.65625,12.15625,3.84375],"tintindex":0,"rotation":0,"texture":"#0"},"north":{"uv":[8.5,4.71875,8.65625,4.90625],"tintindex":0,"rotation":0,"texture":"#0"},"west":{"uv":[8.34375,4.5,9.03125,4.6875],"tintindex":0,"rotation":0,"texture":"#0"},"up":{"uv":[8.78125,5.0,8.625,4.40625],"tintindex":0,"rotation":0,"texture":"#0"},"down":{"uv":[8.78125,4.46875,8.625,5.03125],"tintindex":0,"rotation":0,"texture":"#0"}}}],"display":{"gui":{"rotation":[30,225,0]}}}