{"textures":{"0":"modelengine:entity/mso_hakar"},"elements":[{"from":[-7.0255985,-0.39039612,-2.0256004],"to":[9.0256,16.390396,14.0256],"faces":{"east":{"uv":[0.34375,9.53125,0.0,9.90625],"tintindex":0,"rotation":0,"texture":"#0"},"south":{"uv":[8.84375,4.4375,8.5,4.8125],"tintindex":0,"rotation":0,"texture":"#0"},"north":{"uv":[8.875,4.4375,8.53125,4.8125],"tintindex":0,"rotation":0,"texture":"#0"},"west":{"uv":[8.96875,4.4375,8.625,4.8125],"tintindex":0,"rotation":0,"texture":"#0"},"up":{"uv":[8.625,4.78125,8.96875,4.4375],"tintindex":0,"rotation":0,"texture":"#0"},"down":{"uv":[8.5625,4.4375,8.90625,4.78125],"tintindex":0,"rotation":0,"texture":"#0"}}}],"display":{"gui":{"rotation":[30,225,0]}}}