{"textures":{"0":"modelengine:entity/mso_taloc_head"},"elements":[{"from":[-3.314969,13.502028,3.797739],"to":[2.132979,17.273685,7.1503224],"faces":{"east":{"uv":[12.875,4.5625,12.6875,4.75],"tintindex":0,"rotation":0,"texture":"#0"},"south":{"uv":[12.3125,5.625,12.0625,5.8125],"tintindex":0,"rotation":0,"texture":"#0"},"north":{"uv":[11.0625,11.8125,10.8125,12.0],"tintindex":0,"rotation":0,"texture":"#0"},"west":{"uv":[11.25,7.4375,11.0625,7.625],"tintindex":0,"rotation":0,"texture":"#0"},"up":{"uv":[14.375,11.875,14.625,11.6875],"tintindex":0,"rotation":0,"texture":"#0"},"down":{"uv":[14.4375,9.4375,14.6875,9.625],"tintindex":0,"rotation":0,"texture":"#0"}}},{"from":[1.7139058,2.237059,-2.9074287],"to":[14.286095,8.942226,9.2456875],"faces":{"east":{"uv":[13.25,3.5625,13.8125,3.875],"tintindex":0,"rotation":0,"texture":"#0"},"south":{"uv":[12.875,11.3125,13.5,11.625],"tintindex":0,"rotation":0,"texture":"#0"},"north":{"uv":[4.3125,8.5,4.9375,8.8125],"tintindex":0,"rotation":0,"texture":"#0"},"west":{"uv":[13.25,3.875,13.8125,4.1875],"tintindex":0,"rotation":0,"texture":"#0"},"up":{"uv":[12.5625,1.8125,11.9375,1.25],"tintindex":0,"rotation":0,"texture":"#0"},"down":{"uv":[12.5625,1.8125,11.9375,2.375],"tintindex":0,"rotation":0,"texture":"#0"}},"rotation":{"origin":[8.0,4.3324237,2.3309836],"angle":-22.5,"axis":"x"}},{"from":[13.867022,13.502028,3.797739],"to":[19.314968,17.273685,7.1503224],"faces":{"east":{"uv":[11.0625,7.4375,11.25,7.625],"tintindex":0,"rotation":0,"texture":"#0"},"south":{"uv":[12.0625,5.625,12.3125,5.8125],"tintindex":0,"rotation":0,"texture":"#0"},"north":{"uv":[10.8125,11.8125,11.0625,12.0],"tintindex":0,"rotation":0,"texture":"#0"},"west":{"uv":[12.6875,4.5625,12.875,4.75],"tintindex":0,"rotation":0,"texture":"#0"},"up":{"uv":[14.625,11.875,14.375,11.6875],"tintindex":0,"rotation":0,"texture":"#0"},"down":{"uv":[14.6875,9.4375,14.4375,9.625],"tintindex":0,"rotation":0,"texture":"#0"}}},{"from":[-0.38145924,8.10408,-1.6502094],"to":[3.8092704,18.16183,7.988468],"faces":{"east":{"uv":[10.625,12.875,11.0625,13.375],"tintindex":0,"rotation":0,"texture":"#0"},"south":{"uv":[7.875,13.875,8.0625,14.375],"tintindex":0,"rotation":0,"texture":"#0"},"north":{"uv":[1.6875,13.875,1.875,14.375],"tintindex":0,"rotation":0,"texture":"#0"},"west":{"uv":[12.625,12.875,13.0625,13.375],"tintindex":0,"rotation":0,"texture":"#0"},"up":{"uv":[14.25,10.9375,14.0625,10.5],"tintindex":0,"rotation":0,"texture":"#0"},"down":{"uv":[11.75,14.0625,11.5625,14.5],"tintindex":0,"rotation":0,"texture":"#0"}},"rotation":{"origin":[5.9046354,13.132956,4.216812],"angle":22.5,"axis":"y"}},{"from":[0.8757601,6.4277883,-5.1704216],"to":[15.12424,19.41905,2.5405202],"faces":{"east":{"uv":[1.5,12.8125,1.875,13.4375],"tintindex":0,"rotation":0,"texture":"#0"},"south":{"uv":[0.4375,11.6875,1.125,12.3125],"tintindex":0,"rotation":0,"texture":"#0"},"north":{"uv":[11.4375,0.0,12.125,0.625],"tintindex":0,"rotation":0,"texture":"#0"},"west":{"uv":[12.8125,2.25,13.1875,2.875],"tintindex":0,"rotation":0,"texture":"#0"},"up":{"uv":[13.3125,12.5,12.625,12.125],"tintindex":0,"rotation":0,"texture":"#0"},"down":{"uv":[13.3125,12.5,12.625,12.875],"tintindex":0,"rotation":0,"texture":"#0"}}},{"from":[1.2948332,4.751497,-1.6502094],"to":[14.705167,21.514414,10.083833],"faces":{"east":{"uv":[10.875,1.5,11.4375,2.3125],"tintindex":0,"rotation":0,"texture":"#0"},"south":{"uv":[10.625,8.4375,11.25,9.25],"tintindex":0,"rotation":0,"texture":"#0"},"north":{"uv":[10.625,7.625,11.25,8.4375],"tintindex":0,"rotation":0,"texture":"#0"},"west":{"uv":[5.6875,10.875,6.25,11.6875],"tintindex":0,"rotation":0,"texture":"#0"},"up":{"uv":[8.75,12.3125,8.125,11.75],"tintindex":0,"rotation":0,"texture":"#0"},"down":{"uv":[12.375,9.25,11.75,9.8125],"tintindex":0,"rotation":0,"texture":"#0"}}},{"from":[13.867022,9.173153,4.216812],"to":[20.153114,12.106664,7.1503224],"faces":{"east":{"uv":[14.25,14.125,14.375,14.25],"tintindex":0,"rotation":0,"texture":"#0"},"south":{"uv":[14.375,8.6875,14.6875,8.8125],"tintindex":0,"rotation":0,"texture":"#0"},"north":{"uv":[13.875,7.0625,14.1875,7.1875],"tintindex":0,"rotation":0,"texture":"#0"},"west":{"uv":[14.3125,13.0,14.4375,13.125],"tintindex":0,"rotation":0,"texture":"#0"},"up":{"uv":[14.6875,10.0625,14.375,9.9375],"tintindex":0,"rotation":0,"texture":"#0"},"down":{"uv":[14.8125,0.25,14.5,0.375],"tintindex":0,"rotation":0,"texture":"#0"}}},{"from":[4.2283435,9.035354,-6.427641],"to":[11.771656,16.066465,-5.1704216],"faces":{"east":{"uv":[4.0,5.625,4.0625,5.9375],"tintindex":0,"rotation":0,"texture":"#0"},"south":{"uv":[4.5,13.875,4.875,14.1875],"tintindex":0,"rotation":0,"texture":"#0"},"north":{"uv":[13.8125,2.5,14.1875,2.8125],"tintindex":0,"rotation":0,"texture":"#0"},"west":{"uv":[4.0,5.9375,4.0625,6.25],"tintindex":0,"rotation":0,"texture":"#0"},"up":{"uv":[4.4375,5.1875,4.0625,5.125],"tintindex":0,"rotation":0,"texture":"#0"},"down":{"uv":[5.75,3.0,5.375,3.0625],"tintindex":0,"rotation":0,"texture":"#0"}}},{"from":[4.8150454,16.15028,-2.8236141],"to":[11.184955,25.202255,5.557845],"faces":{"east":{"uv":[6.125,13.0625,6.5625,13.5],"tintindex":0,"rotation":0,"texture":"#0"},"south":{"uv":[13.625,12.6875,13.9375,13.125],"tintindex":0,"rotation":0,"texture":"#0"},"north":{"uv":[13.625,10.0625,13.9375,10.5],"tintindex":0,"rotation":0,"texture":"#0"},"west":{"uv":[13.1875,0.5625,13.625,1.0],"tintindex":0,"rotation":0,"texture":"#0"},"up":{"uv":[14.0625,10.9375,13.75,10.5],"tintindex":0,"rotation":0,"texture":"#0"},"down":{"uv":[0.5625,13.8125,0.25,14.25],"tintindex":0,"rotation":0,"texture":"#0"}},"rotation":{"origin":[8.0,13.132956,4.216812],"angle":-22.5,"axis":"x"}},{"from":[12.190729,8.10408,-1.6502094],"to":[16.381458,18.16183,7.988468],"faces":{"east":{"uv":[12.875,6.6875,13.3125,7.1875],"tintindex":0,"rotation":0,"texture":"#0"},"south":{"uv":[3.625,13.6875,3.8125,14.1875],"tintindex":0,"rotation":0,"texture":"#0"},"north":{"uv":[5.5,11.8125,5.6875,12.3125],"tintindex":0,"rotation":0,"texture":"#0"},"west":{"uv":[10.1875,12.875,10.625,13.375],"tintindex":0,"rotation":0,"texture":"#0"},"up":{"uv":[1.125,12.75,0.9375,12.3125],"tintindex":0,"rotation":0,"texture":"#0"},"down":{"uv":[6.5625,14.0625,6.375,14.5],"tintindex":0,"rotation":0,"texture":"#0"}},"rotation":{"origin":[10.095365,13.132956,4.216812],"angle":-22.5,"axis":"y"}},{"from":[4.6474166,21.849672,-3.6617594],"to":[11.352583,25.202255,5.390216],"faces":{"east":{"uv":[14.1875,10.0625,14.625,10.25],"tintindex":0,"rotation":0,"texture":"#0"},"south":{"uv":[14.375,8.25,14.6875,8.4375],"tintindex":0,"rotation":0,"texture":"#0"},"north":{"uv":[14.375,8.0625,14.6875,8.25],"tintindex":0,"rotation":0,"texture":"#0"},"west":{"uv":[10.1875,14.1875,10.625,14.375],"tintindex":0,"rotation":0,"texture":"#0"},"up":{"uv":[3.625,14.125,3.3125,13.6875],"tintindex":0,"rotation":0,"texture":"#0"},"down":{"uv":[14.0,4.5625,13.6875,5.0],"tintindex":0,"rotation":0,"texture":"#0"}},"rotation":{"origin":[8.0,13.971102,-2.3207264],"angle":22.5,"axis":"x"}},{"from":[-4.1531153,9.173153,4.216812],"to":[2.132979,12.106664,7.1503224],"faces":{"east":{"uv":[14.4375,13.0,14.3125,13.125],"tintindex":0,"rotation":0,"texture":"#0"},"south":{"uv":[14.6875,8.6875,14.375,8.8125],"tintindex":0,"rotation":0,"texture":"#0"},"north":{"uv":[14.1875,7.0625,13.875,7.1875],"tintindex":0,"rotation":0,"texture":"#0"},"west":{"uv":[14.375,14.125,14.25,14.25],"tintindex":0,"rotation":0,"texture":"#0"},"up":{"uv":[14.375,10.0625,14.6875,9.9375],"tintindex":0,"rotation":0,"texture":"#0"},"down":{"uv":[14.5,0.25,14.8125,0.375],"tintindex":0,"rotation":0,"texture":"#0"}}}],"display":{"gui":{"rotation":[30,225,0]}}}