{"textures":{"0":"modelengine:entity/hastur"},"elements":[{"from":[1.6550002,-7.5881205,6.2700357],"to":[14.344999,6.51188,6.2700357],"faces":{"south":{"uv":[2.5,1.375,3.625,2.625],"tintindex":0,"rotation":0,"texture":"#0"},"north":{"uv":[3.625,1.375,2.5,2.625],"tintindex":0,"rotation":0,"texture":"#0"}},"rotation":{"origin":[6.59,11.74209,3.386857],"angle":-22.5,"axis":"x"}}],"display":{"gui":{"rotation":[30,225,0]}}}