{"textures":{"0":"modelengine:entity/hastur"},"elements":[{"from":[4.3598585,1.5900011,11.823207],"to":[4.3598585,8.640001,16.053207],"faces":{"east":{"uv":[7.125,7.0,6.75,7.625],"tintindex":0,"rotation":0,"texture":"#0"},"west":{"uv":[6.75,7.0,7.125,7.625],"tintindex":0,"rotation":0,"texture":"#0"}},"rotation":{"origin":[13.34798,5.115734,15.363142],"angle":-45.0,"axis":"y"}},{"from":[2.2448587,-2.6399994,13.938208],"to":[6.4748583,4.41,13.938208],"faces":{"south":{"uv":[6.75,7.0,7.125,7.625],"tintindex":0,"rotation":0,"texture":"#0"},"north":{"uv":[7.125,7.0,6.75,7.625],"tintindex":0,"rotation":0,"texture":"#0"}},"rotation":{"origin":[13.34798,5.115734,15.363142],"angle":-45.0,"axis":"y"}}],"display":{"gui":{"rotation":[30,225,0]}}}