{"textures":{"0":"minecraft:item/hastur"},"elements":[{"from":[5.885,-3.1400003,4.475],"to":[5.885,8.139999,11.525],"faces":{"east":{"uv":[6.625,5.75,6,6.75],"tintindex":0,"texture":"#0"},"west":{"uv":[6,5.75,6.625,6.75],"tintindex":0,"texture":"#0"}}},{"from":[5.885,-3.1400003,11.525],"to":[10.115,8.139999,11.525],"faces":{"south":{"uv":[7,1.5,7.375,2.5],"tintindex":0,"texture":"#0"},"north":{"uv":[7.375,1.5,7,2.5],"tintindex":0,"texture":"#0"}}},{"from":[5.885,-3.1400003,4.475],"to":[10.115,8.139999,4.475],"faces":{"south":{"uv":[2.625,7,2.25,8],"tintindex":0,"texture":"#0"},"north":{"uv":[2.25,7,2.625,8],"tintindex":0,"texture":"#0"}}},{"from":[10.115,-3.1400003,4.475],"to":[10.115,8.139999,11.525],"faces":{"east":{"uv":[2.25,5.875,2.875,6.875],"tintindex":0,"texture":"#0"},"west":{"uv":[2.875,5.875,2.25,6.875],"tintindex":0,"texture":"#0"}}}],"display":{"gui":{"rotation":[30,225,0]}}}