{"textures":{"0":"modelengine:entity/hastur"},"elements":[{"from":[11.6401415,1.5899997,11.823207],"to":[11.6401415,8.639999,16.053207],"faces":{"east":{"uv":[7.125,7.0,6.75,7.625],"tintindex":0,"rotation":0,"texture":"#0"},"west":{"uv":[6.75,7.0,7.125,7.625],"tintindex":0,"rotation":0,"texture":"#0"}},"rotation":{"origin":[2.6520205,13.575733,15.363142],"angle":45.0,"axis":"y"}},{"from":[9.525142,-2.6400003,13.938208],"to":[13.755141,4.41,13.938208],"faces":{"south":{"uv":[7.125,7.0,6.75,7.625],"tintindex":0,"rotation":0,"texture":"#0"},"north":{"uv":[6.75,7.0,7.125,7.625],"tintindex":0,"rotation":0,"texture":"#0"}},"rotation":{"origin":[2.6520205,13.575733,15.363142],"angle":45.0,"axis":"y"}}],"display":{"gui":{"rotation":[30,225,0]}}}