{"textures":{"0":"modelengine:entity/skeletonlich"},"elements":[{"from":[5.2,14.200001,4.6000004],"to":[9.4,18.100002,11.1],"faces":{"east":{"uv":[7.375,4.0,8.1875,4.5],"tintindex":0,"rotation":0,"texture":"#0"},"south":{"uv":[12.625,1.75,13.15625,2.25],"tintindex":0,"rotation":0,"texture":"#0"},"north":{"uv":[12.5,7.125,13.03125,7.625],"tintindex":0,"rotation":0,"texture":"#0"},"west":{"uv":[11.625,7.125,12.4375,7.625],"tintindex":0,"rotation":0,"texture":"#0"},"up":{"uv":[3.65625,12.3125,3.125,11.5],"tintindex":0,"rotation":0,"texture":"#0"},"down":{"uv":[4.28125,11.5,3.75,12.3125],"tintindex":0,"rotation":0,"texture":"#0"}},"rotation":{"origin":[8.0,9.700001,7.5],"angle":-22.5,"axis":"z"}},{"from":[6.6,14.200001,4.6000004],"to":[10.8,18.100002,11.1],"faces":{"east":{"uv":[11.75,1.125,12.5625,1.625],"tintindex":0,"rotation":0,"texture":"#0"},"south":{"uv":[12.625,2.75,13.15625,3.25],"tintindex":0,"rotation":0,"texture":"#0"},"north":{"uv":[12.625,2.25,13.15625,2.75],"tintindex":0,"rotation":0,"texture":"#0"},"west":{"uv":[5.0,11.75,5.8125,12.25],"tintindex":0,"rotation":0,"texture":"#0"},"up":{"uv":[12.03125,8.5625,11.5,7.75],"tintindex":0,"rotation":0,"texture":"#0"},"down":{"uv":[12.15625,8.625,11.625,9.4375],"tintindex":0,"rotation":0,"texture":"#0"}},"rotation":{"origin":[8.0,9.700001,7.5],"angle":22.5,"axis":"z"}},{"from":[5.0,8.800003,5.0],"to":[11.0,10.700001,6.0],"faces":{"east":{"uv":[5.75,4.5,5.875,4.75],"tintindex":0,"rotation":0,"texture":"#0"},"south":{"uv":[8.25,5.125,9.0,5.375],"tintindex":0,"rotation":0,"texture":"#0"},"north":{"uv":[7.125,6.25,7.875,6.5],"tintindex":0,"rotation":0,"texture":"#0"},"west":{"uv":[5.75,6.25,5.875,6.5],"tintindex":0,"rotation":0,"texture":"#0"},"up":{"uv":[0.75,7.125,0.0,7.0],"tintindex":0,"rotation":0,"texture":"#0"},"down":{"uv":[11.75,6.0,11.0,6.125],"tintindex":0,"rotation":0,"texture":"#0"}}},{"from":[5.8586273,13.096882,4.05],"to":[7.060709,14.298962,4.6000004],"faces":{"east":{"uv":[13.75,4.0,13.8125,4.15625],"tintindex":0,"rotation":0,"texture":"#0"},"south":{"uv":[13.625,4.25,13.78125,4.40625],"tintindex":0,"rotation":0,"texture":"#0"},"north":{"uv":[4.0,13.625,4.15625,13.78125],"tintindex":0,"rotation":0,"texture":"#0"},"west":{"uv":[4.25,13.75,4.3125,13.90625],"tintindex":0,"rotation":0,"texture":"#0"},"up":{"uv":[4.53125,13.8125,4.375,13.75],"tintindex":0,"rotation":0,"texture":"#0"},"down":{"uv":[13.90625,4.5,13.75,4.5625],"tintindex":0,"rotation":0,"texture":"#0"}},"rotation":{"origin":[6.570757,13.814648,8.499999],"angle":-22.5,"axis":"z"}},{"from":[5.5596666,13.7864,4.1000004],"to":[7.2596664,16.14914,4.5999994],"faces":{"east":{"uv":[13.625,9.375,13.6875,9.65625],"tintindex":0,"rotation":0,"texture":"#0"},"south":{"uv":[5.0,13.5,5.21875,13.78125],"tintindex":0,"rotation":0,"texture":"#0"},"north":{"uv":[11.375,12.75,11.59375,13.03125],"tintindex":0,"rotation":0,"texture":"#0"},"west":{"uv":[9.75,13.625,9.8125,13.90625],"tintindex":0,"rotation":0,"texture":"#0"},"up":{"uv":[13.84375,11.5625,13.625,11.5],"tintindex":0,"rotation":0,"texture":"#0"},"down":{"uv":[11.96875,13.625,11.75,13.6875],"tintindex":0,"rotation":0,"texture":"#0"}},"rotation":{"origin":[6.570757,13.814648,8.499999],"angle":22.5,"axis":"z"}},{"from":[11.00403,14.779293,4.05],"to":[12.206112,15.981377,4.7],"faces":{"east":{"uv":[1.0,13.75,1.0625,13.90625],"tintindex":0,"rotation":0,"texture":"#0"},"south":{"uv":[13.625,3.75,13.78125,3.90625],"tintindex":0,"rotation":0,"texture":"#0"},"north":{"uv":[3.75,13.625,3.90625,13.78125],"tintindex":0,"rotation":0,"texture":"#0"},"west":{"uv":[2.625,13.75,2.6875,13.90625],"tintindex":0,"rotation":0,"texture":"#0"},"up":{"uv":[13.90625,3.0625,13.75,3.0],"tintindex":0,"rotation":0,"texture":"#0"},"down":{"uv":[13.90625,3.125,13.75,3.1875],"tintindex":0,"rotation":0,"texture":"#0"}},"rotation":{"origin":[9.570757,12.41465,8.499999],"angle":22.5,"axis":"z"}},{"from":[4.7,13.700001,4.7],"to":[11.3,15.100002,11.3],"faces":{"east":{"uv":[11.0,5.75,11.8125,5.9375],"tintindex":0,"rotation":0,"texture":"#0"},"south":{"uv":[12.75,4.25,13.5625,4.4375],"tintindex":0,"rotation":0,"texture":"#0"},"north":{"uv":[9.0,6.125,9.8125,6.3125],"tintindex":0,"rotation":0,"texture":"#0"},"west":{"uv":[12.875,6.75,13.6875,6.9375],"tintindex":0,"rotation":0,"texture":"#0"},"up":{"uv":[10.4375,0.8125,9.625,0.0],"tintindex":0,"rotation":0,"texture":"#0"},"down":{"uv":[10.4375,0.875,9.625,1.6875],"tintindex":0,"rotation":0,"texture":"#0"}}},{"from":[14.117157,19.631878,4.05],"to":[15.2485285,20.763248,4.6499996],"faces":{"east":{"uv":[13.0,13.625,13.0625,13.78125],"tintindex":0,"rotation":0,"texture":"#0"},"south":{"uv":[13.625,2.375,13.78125,2.53125],"tintindex":0,"rotation":0,"texture":"#0"},"north":{"uv":[13.625,2.125,13.78125,2.28125],"tintindex":0,"rotation":0,"texture":"#0"},"west":{"uv":[13.125,13.625,13.1875,13.78125],"tintindex":0,"rotation":0,"texture":"#0"},"up":{"uv":[13.78125,13.5625,13.625,13.5],"tintindex":0,"rotation":0,"texture":"#0"},"down":{"uv":[13.78125,13.625,13.625,13.6875],"tintindex":0,"rotation":0,"texture":"#0"}},"rotation":{"origin":[9.648528,12.831879,8.5],"angle":45.0,"axis":"z"}},{"from":[7.15,14.900002,4.1000004],"to":[8.85,18.600002,4.5],"faces":{"east":{"uv":[4.375,11.5,4.4375,11.96875],"tintindex":0,"rotation":0,"texture":"#0"},"south":{"uv":[7.125,2.875,7.34375,3.34375],"tintindex":0,"rotation":0,"texture":"#0"},"north":{"uv":[5.5,6.875,5.71875,7.34375],"tintindex":0,"rotation":0,"texture":"#0"},"west":{"uv":[5.875,11.75,5.9375,12.21875],"tintindex":0,"rotation":0,"texture":"#0"},"up":{"uv":[13.84375,11.0625,13.625,11.0],"tintindex":0,"rotation":0,"texture":"#0"},"down":{"uv":[13.84375,11.125,13.625,11.1875],"tintindex":0,"rotation":0,"texture":"#0"}}},{"from":[6.0,9.800003,4.8999996],"to":[10.0,10.700001,6.2],"faces":{"east":{"uv":[13.625,9.125,13.78125,9.25],"tintindex":0,"rotation":0,"texture":"#0"},"south":{"uv":[5.0,8.375,5.5,8.5],"tintindex":0,"rotation":0,"texture":"#0"},"north":{"uv":[1.875,8.0,2.375,8.125],"tintindex":0,"rotation":0,"texture":"#0"},"west":{"uv":[13.625,9.25,13.78125,9.375],"tintindex":0,"rotation":0,"texture":"#0"},"up":{"uv":[13.75,5.40625,13.25,5.25],"tintindex":0,"rotation":0,"texture":"#0"},"down":{"uv":[13.75,10.25,13.25,10.40625],"tintindex":0,"rotation":0,"texture":"#0"}}},{"from":[4.2050743,14.750435,4.05],"to":[5.407156,15.952515,4.7],"faces":{"east":{"uv":[4.625,13.75,4.6875,13.90625],"tintindex":0,"rotation":0,"texture":"#0"},"south":{"uv":[13.625,5.5,13.78125,5.65625],"tintindex":0,"rotation":0,"texture":"#0"},"north":{"uv":[13.625,4.875,13.78125,5.03125],"tintindex":0,"rotation":0,"texture":"#0"},"west":{"uv":[13.75,4.625,13.8125,4.78125],"tintindex":0,"rotation":0,"texture":"#0"},"up":{"uv":[4.90625,13.8125,4.75,13.75],"tintindex":0,"rotation":0,"texture":"#0"},"down":{"uv":[13.90625,5.25,13.75,5.3125],"tintindex":0,"rotation":0,"texture":"#0"}},"rotation":{"origin":[6.570757,13.814648,8.499999],"angle":-22.5,"axis":"z"}},{"from":[9.281802,14.884747,4.05],"to":[10.483883,16.08683,4.6000004],"faces":{"east":{"uv":[4.25,13.25,4.3125,13.40625],"tintindex":0,"rotation":0,"texture":"#0"},"south":{"uv":[13.625,1.875,13.78125,2.03125],"tintindex":0,"rotation":0,"texture":"#0"},"north":{"uv":[13.625,1.625,13.78125,1.78125],"tintindex":0,"rotation":0,"texture":"#0"},"west":{"uv":[11.125,13.625,11.1875,13.78125],"tintindex":0,"rotation":0,"texture":"#0"},"up":{"uv":[12.15625,13.6875,12.0,13.625],"tintindex":0,"rotation":0,"texture":"#0"},"down":{"uv":[12.40625,13.625,12.25,13.6875],"tintindex":0,"rotation":0,"texture":"#0"}},"rotation":{"origin":[9.648528,12.920101,8.4],"angle":45.0,"axis":"z"}},{"from":[7.4,19.2,4.1000004],"to":[8.6,21.600002,4.6000004],"faces":{"east":{"uv":[12.0,12.375,12.0625,12.6875],"tintindex":0,"rotation":0,"texture":"#0"},"south":{"uv":[9.125,13.5,9.28125,13.8125],"tintindex":0,"rotation":0,"texture":"#0"},"north":{"uv":[8.875,13.5,9.03125,13.8125],"tintindex":0,"rotation":0,"texture":"#0"},