{"textures":{"0":"modelengine:entity/skeletonlich"},"elements":[{"from":[6.5322046,5.106243,3.9729605],"to":[9.467795,6.506241,4.7729607],"faces":{"east":{"uv":[10.875,12.5,10.96875,12.6875],"tintindex":0,"rotation":0,"texture":"#0"},"south":{"uv":[13.5,0.5,13.875,0.6875],"tintindex":0,"rotation":0,"texture":"#0"},"north":{"uv":[13.375,13.25,13.75,13.4375],"tintindex":0,"rotation":0,"texture":"#0"},"west":{"uv":[0.375,12.875,0.46875,13.0625],"tintindex":0,"rotation":0,"texture":"#0"},"up":{"uv":[1.125,7.09375,0.75,7.0],"tintindex":0,"rotation":0,"texture":"#0"},"down":{"uv":[10.25,7.125,9.875,7.21875],"tintindex":0,"rotation":0,"texture":"#0"}}},{"from":[9.3,5.05624,4.762204],"to":[10.5,5.9562416,8.362204],"faces":{"east":{"uv":[10.375,8.75,10.8125,8.875],"tintindex":0,"rotation":0,"texture":"#0"},"south":{"uv":[7.625,13.625,7.78125,13.75],"tintindex":0,"rotation":0,"texture":"#0"},"north":{"uv":[7.375,13.625,7.53125,13.75],"tintindex":0,"rotation":0,"texture":"#0"},"west":{"uv":[1.875,10.5,2.3125,10.625],"tintindex":0,"rotation":0,"texture":"#0"},"up":{"uv":[2.03125,13.9375,1.875,13.5],"tintindex":0,"rotation":0,"texture":"#0"},"down":{"uv":[2.28125,13.5,2.125,13.9375],"tintindex":0,"rotation":0,"texture":"#0"}},"rotation":{"origin":[8.0,6.756241,6.962204],"angle":22.5,"axis":"y"}},{"from":[5.5,5.05624,4.762204],"to":[6.7,5.9562416,8.362204],"faces":{"east":{"uv":[4.5,9.375,4.9375,9.5],"tintindex":0,"rotation":0,"texture":"#0"},"south":{"uv":[7.125,13.625,7.28125,13.75],"tintindex":0,"rotation":0,"texture":"#0"},"north":{"uv":[6.875,13.625,7.03125,13.75],"tintindex":0,"rotation":0,"texture":"#0"},"west":{"uv":[9.625,5.375,10.0625,5.5],"tintindex":0,"rotation":0,"texture":"#0"},"up":{"uv":[8.03125,13.8125,7.875,13.375],"tintindex":0,"rotation":0,"texture":"#0"},"down":{"uv":[1.28125,13.5,1.125,13.9375],"tintindex":0,"rotation":0,"texture":"#0"}},"rotation":{"origin":[8.0,6.756241,6.962204],"angle":-22.5,"axis":"y"}},{"from":[6.0,5.4562416,7.062204],"to":[10.0,9.55624,8.262204],"faces":{"east":{"uv":[11.875,2.75,12.03125,3.25],"tintindex":0,"rotation":0,"texture":"#0"},"south":{"uv":[12.625,8.125,13.125,8.625],"tintindex":0,"rotation":0,"texture":"#0"},"north":{"uv":[12.625,7.625,13.125,8.125],"tintindex":0,"rotation":0,"texture":"#0"},"west":{"uv":[7.625,12.25,7.78125,12.75],"tintindex":0,"rotation":0,"texture":"#0"},"up":{"uv":[13.75,3.15625,13.25,3.0],"tintindex":0,"rotation":0,"texture":"#0"},"down":{"uv":[13.75,4.0,13.25,4.15625],"tintindex":0,"rotation":0,"texture":"#0"}},"rotation":{"origin":[8.0,6.756241,6.962204],"angle":22.5,"axis":"x"}}],"display":{"gui":{"rotation":[30,225,0]}}}