{"textures":{"0":"modelengine:entity/skeletonlich"},"elements":[{"from":[6.6931744,7.2,6.4],"to":[7.8018303,8.594602,9.5],"faces":{"east":{"uv":[7.5,13.375,7.875,13.5625],"tintindex":0,"rotation":0,"texture":"#0"},"south":{"uv":[0.5,11.75,0.625,11.9375],"tintindex":0,"rotation":0,"texture":"#0"},"north":{"uv":[11.5,8.625,11.625,8.8125],"tintindex":0,"rotation":0,"texture":"#0"},"west":{"uv":[13.375,8.5,13.75,8.6875],"tintindex":0,"rotation":0,"texture":"#0"},"up":{"uv":[5.875,6.25,5.75,5.875],"tintindex":0,"rotation":0,"texture":"#0"},"down":{"uv":[4.5,6.125,4.375,6.5],"tintindex":0,"rotation":0,"texture":"#0"}}},{"from":[7.0,5.8,6.6],"to":[8.200001,7.5999994,9.3],"faces":{"east":{"uv":[13.25,11.375,13.59375,11.59375],"tintindex":0,"rotation":0,"texture":"#0"},"south":{"uv":[13.5,12.125,13.65625,12.34375],"tintindex":0,"rotation":0,"texture":"#0"},"north":{"uv":[13.5,11.875,13.65625,12.09375],"tintindex":0,"rotation":0,"texture":"#0"},"west":{"uv":[6.375,13.375,6.71875,13.59375],"tintindex":0,"rotation":0,"texture":"#0"},"up":{"uv":[13.65625,8.34375,13.5,8.0],"tintindex":0,"rotation":0,"texture":"#0"},"down":{"uv":[8.28125,13.5,8.125,13.84375],"tintindex":0,"rotation":0,"texture":"#0"}}},{"from":[4.393175,9.999999,6.4],"to":[5.50183,11.394603,9.5],"faces":{"east":{"uv":[13.375,8.75,13.75,8.9375],"tintindex":0,"rotation":0,"texture":"#0"},"south":{"uv":[11.0,11.75,11.125,11.9375],"tintindex":0,"rotation":0,"texture":"#0"},"north":{"uv":[11.75,1.625,11.875,1.8125],"tintindex":0,"rotation":0,"texture":"#0"},"west":{"uv":[9.75,13.375,10.125,13.5625],"tintindex":0,"rotation":0,"texture":"#0"},"up":{"uv":[4.5,6.875,4.375,6.5],"tintindex":0,"rotation":0,"texture":"#0"},"down":{"uv":[11.0,1.375,10.875,1.75],"tintindex":0,"rotation":0,"texture":"#0"}},"rotation":{"origin":[18.400002,14.8,7.0],"angle":22.5,"axis":"z"}},{"from":[7.807107,5.0350285,6.5],"to":[9.607107,6.2350283,9.4],"faces":{"east":{"uv":[13.875,7.75,13.5,7.90625],"tintindex":0,"rotation":0,"texture":"#0"},"south":{"uv":[1.71875,13.625,1.5,13.78125],"tintindex":0,"rotation":0,"texture":"#0"},"north":{"uv":[13.84375,1.375,13.625,1.53125],"tintindex":0,"rotation":0,"texture":"#0"},"west":{"uv":[13.875,7.5,13.5,7.65625],"tintindex":0,"rotation":0,"texture":"#0"},"up":{"uv":[9.75,11.75,9.96875,11.375],"tintindex":0,"rotation":0,"texture":"#0"},"down":{"uv":[9.75,11.75,9.96875,12.125],"tintindex":0,"rotation":0,"texture":"#0"}}}],"display":{"gui":{"rotation":[30,225,0]}}}