{"textures":{"0":"modelengine:entity/skeletonlich"},"elements":[{"from":[8.388014,7.200001,5.881222],"to":[9.782616,8.300001,6.989877],"faces":{"east":{"uv":[8.875,7.25,9.0,7.375],"tintindex":0,"rotation":0,"texture":"#0"},"south":{"uv":[12.25,2.625,12.4375,2.75],"tintindex":0,"rotation":0,"texture":"#0"},"north":{"uv":[9.75,12.125,9.9375,12.25],"tintindex":0,"rotation":0,"texture":"#0"},"west":{"uv":[7.625,9.375,7.75,9.5],"tintindex":0,"rotation":0,"texture":"#0"},"up":{"uv":[12.9375,4.625,12.75,4.5],"tintindex":0,"rotation":0,"texture":"#0"},"down":{"uv":[7.8125,12.75,7.625,12.875],"tintindex":0,"rotation":0,"texture":"#0"}},"rotation":{"origin":[8.860842,9.700001,6.6974335],"angle":-22.5,"axis":"y"}},{"from":[8.460842,7.3,6.3974333],"to":[9.660842,8.200001,8.197433],"faces":{"east":{"uv":[5.0,3.375,5.21875,3.5],"tintindex":0,"rotation":0,"texture":"#0"},"south":{"uv":[13.625,6.125,13.78125,6.25],"tintindex":0,"rotation":0,"texture":"#0"},"north":{"uv":[13.625,6.0,13.78125,6.125],"tintindex":0,"rotation":0,"texture":"#0"},"west":{"uv":[4.125,7.625,4.34375,7.75],"tintindex":0,"rotation":0,"texture":"#0"},"up":{"uv":[11.65625,13.71875,11.5,13.5],"tintindex":0,"rotation":0,"texture":"#0"},"down":{"uv":[13.65625,11.625,13.5,11.84375],"tintindex":0,"rotation":0,"texture":"#0"}},"rotation":{"origin":[8.960842,9.700001,6.597433],"angle":-45.0,"axis":"y"}},{"from":[7.5405703,7.200001,7.1896343],"to":[8.649226,8.300001,8.584236],"faces":{"east":{"uv":[11.625,7.625,11.8125,7.75],"tintindex":0,"rotation":0,"texture":"#0"},"south":{"uv":[8.125,3.875,8.25,4.0],"tintindex":0,"rotation":0,"texture":"#0"},"north":{"uv":[8.125,1.0,8.25,1.125],"tintindex":0,"rotation":0,"texture":"#0"},"west":{"uv":[11.875,7.625,12.0625,7.75],"tintindex":0,"rotation":0,"texture":"#0"},"up":{"uv":[3.375,8.3125,3.25,8.125],"tintindex":0,"rotation":0,"texture":"#0"},"down":{"uv":[10.625,11.125,10.5,11.3125],"tintindex":0,"rotation":0,"texture":"#0"}},"rotation":{"origin":[8.960842,9.700001,6.597433],"angle":-22.5,"axis":"y"}},{"from":[8.305366,7.4000006,6.85446],"to":[9.505365,8.1,8.85446],"faces":{"east":{"uv":[13.875,5.875,13.625,5.96875],"tintindex":0,"rotation":0,"texture":"#0"},"south":{"uv":[13.78125,10.0,13.625,10.09375],"tintindex":0,"rotation":0,"texture":"#0"},"north":{"uv":[13.78125,9.875,13.625,9.96875],"tintindex":0,"rotation":0,"texture":"#0"},"west":{"uv":[13.875,5.75,13.625,5.84375],"tintindex":0,"rotation":0,"texture":"#0"},"up":{"uv":[10.375,13.75,10.53125,13.5],"tintindex":0,"rotation":0,"texture":"#0"},"down":{"uv":[10.625,13.5,10.78125,13.75],"tintindex":0,"rotation":0,"texture":"#0"}},"rotation":{"origin":[8.860842,9.700001,6.6974335],"angle":45.0,"axis":"y"}}],"display":{"gui":{"rotation":[30,225,0]}}}