{"textures":{"0":"modelengine:entity/skeletonlich"},"elements":[{"from":[6.3,-1.7564964,6.3],"to":[9.6,6.9435024,9.5],"faces":{"east":{"uv":[6.0,11.125,6.40625,12.21875],"tintindex":0,"rotation":0,"texture":"#0"},"south":{"uv":[6.5,11.125,6.90625,12.21875],"tintindex":0,"rotation":0,"texture":"#0"},"north":{"uv":[2.625,11.125,3.03125,12.21875],"tintindex":0,"rotation":0,"texture":"#0"},"west":{"uv":[11.125,8.875,11.53125,9.96875],"tintindex":0,"rotation":0,"texture":"#0"},"up":{"uv":[13.28125,6.65625,12.875,6.25],"tintindex":0,"rotation":0,"texture":"#0"},"down":{"uv":[8.03125,12.875,7.625,13.28125],"tintindex":0,"rotation":0,"texture":"#0"}}},{"from":[2.2949743,8.208326,6.3],"to":[4.994974,10.908327,9.4],"faces":{"east":{"uv":[10.5,1.375,10.875,1.71875],"tintindex":0,"rotation":0,"texture":"#0"},"south":{"uv":[13.25,2.25,13.59375,2.59375],"tintindex":0,"rotation":0,"texture":"#0"},"north":{"uv":[13.25,1.875,13.59375,2.21875],"tintindex":0,"rotation":0,"texture":"#0"},"west":{"uv":[6.0,10.75,6.375,11.09375],"tintindex":0,"rotation":0,"texture":"#0"},"up":{"uv":[1.46875,13.5,1.125,13.125],"tintindex":0,"rotation":0,"texture":"#0"},"down":{"uv":[2.34375,13.125,2.0,13.5],"tintindex":0,"rotation":0,"texture":"#0"}},"rotation":{"origin":[9.055277,13.443502,8.2],"angle":45.0,"axis":"z"}},{"from":[8.0,-2.2999992,9.3],"to":[8.0,6.700001,18.3],"faces":{"east":{"uv":[5.0,1.125,6.125,2.25],"tintindex":0,"rotation":0,"texture":"#0"},"west":{"uv":[5.0,2.25,6.125,3.375],"tintindex":0,"rotation":0,"texture":"#0"}}},{"from":[6.3999996,-1.7564964,6.6],"to":[9.4,6.4435024,9.1],"faces":{"east":{"uv":[5.75,12.25,6.0625,13.28125],"tintindex":0,"rotation":0,"texture":"#0"},"south":{"uv":[11.875,5.75,12.25,6.78125],"tintindex":0,"rotation":0,"texture":"#0"},"north":{"uv":[11.875,3.75,12.25,4.78125],"tintindex":0,"rotation":0,"texture":"#0"},"west":{"uv":[6.125,12.25,6.4375,13.28125],"tintindex":0,"rotation":0,"texture":"#0"},"up":{"uv":[13.625,9.8125,13.25,9.5],"tintindex":0,"rotation":0,"texture":"#0"},"down":{"uv":[13.625,9.875,13.25,10.1875],"tintindex":0,"rotation":0,"texture":"#0"}}}],"display":{"gui":{"rotation":[30,225,0]}}}