{"textures":{"0":"modelengine:entity/skeletonlich"},"elements":[{"from":[11.005026,8.208326,6.3],"to":[13.705026,10.908327,9.4],"faces":{"east":{"uv":[10.125,13.125,10.5,13.46875],"tintindex":0,"rotation":0,"texture":"#0"},"south":{"uv":[3.875,13.25,4.21875,13.59375],"tintindex":0,"rotation":0,"texture":"#0"},"north":{"uv":[13.25,3.625,13.59375,3.96875],"tintindex":0,"rotation":0,"texture":"#0"},"west":{"uv":[11.375,13.125,11.75,13.46875],"tintindex":0,"rotation":0,"texture":"#0"},"up":{"uv":[13.46875,12.0,13.125,11.625],"tintindex":0,"rotation":0,"texture":"#0"},"down":{"uv":[13.46875,12.0,13.125,12.375],"tintindex":0,"rotation":0,"texture":"#0"}},"rotation":{"origin":[6.9447227,13.443502,8.2],"angle":-45.0,"axis":"z"}},{"from":[6.4,-1.7564964,6.3],"to":[9.7,6.9435024,9.5],"faces":{"east":{"uv":[8.75,11.375,9.15625,12.46875],"tintindex":0,"rotation":0,"texture":"#0"},"south":{"uv":[9.25,11.375,9.65625,12.46875],"tintindex":0,"rotation":0,"texture":"#0"},"north":{"uv":[11.375,0.0,11.78125,1.09375],"tintindex":0,"rotation":0,"texture":"#0"},"west":{"uv":[10.5,11.375,10.90625,12.46875],"tintindex":0,"rotation":0,"texture":"#0"},"up":{"uv":[8.53125,13.40625,8.125,13.0],"tintindex":0,"rotation":0,"texture":"#0"},"down":{"uv":[12.90625,13.0,12.5,13.40625],"tintindex":0,"rotation":0,"texture":"#0"}}},{"from":[6.6000004,-1.7564964,6.6],"to":[9.6,6.4435024,9.1],"faces":{"east":{"uv":[7.25,12.25,7.5625,13.28125],"tintindex":0,"rotation":0,"texture":"#0"},"south":{"uv":[1.25,12.0,1.625,13.03125],"tintindex":0,"rotation":0,"texture":"#0"},"north":{"uv":[0.875,12.0,1.25,13.03125],"tintindex":0,"rotation":0,"texture":"#0"},"west":{"uv":[9.75,12.25,10.0625,13.28125],"tintindex":0,"rotation":0,"texture":"#0"},"up":{"uv":[12.5,13.5625,12.125,13.25],"tintindex":0,"rotation":0,"texture":"#0"},"down":{"uv":[0.375,13.375,0.0,13.6875],"tintindex":0,"rotation":0,"texture":"#0"}}},{"from":[8.0,-2.2999992,9.3],"to":[8.0,6.700001,18.3],"faces":{"east":{"uv":[5.25,3.375,6.375,4.5],"tintindex":0,"rotation":0,"texture":"#0"},"west":{"uv":[0.0,5.875,1.125,7.0],"tintindex":0,"rotation":0,"texture":"#0"}}}],"display":{"gui":{"rotation":[30,225,0]}}}