{"textures":{"0":"modelengine:entity/skeletonlich"},"elements":[{"from":[8.19817,7.2,6.4],"to":[9.306826,8.594602,9.5],"faces":{"east":{"uv":[13.375,10.5,13.75,10.6875],"tintindex":0,"rotation":0,"texture":"#0"},"south":{"uv":[12.125,5.5,12.25,5.6875],"tintindex":0,"rotation":0,"texture":"#0"},"north":{"uv":[11.0,12.0,11.125,12.1875],"tintindex":0,"rotation":0,"texture":"#0"},"west":{"uv":[13.375,10.75,13.75,10.9375],"tintindex":0,"rotation":0,"texture":"#0"},"up":{"uv":[11.375,0.375,11.25,0.0],"tintindex":0,"rotation":0,"texture":"#0"},"down":{"uv":[11.375,0.375,11.25,0.75],"tintindex":0,"rotation":0,"texture":"#0"}}},{"from":[10.49817,9.999999,6.4],"to":[11.606825,11.394603,9.5],"faces":{"east":{"uv":[10.875,13.375,11.25,13.5625],"tintindex":0,"rotation":0,"texture":"#0"},"south":{"uv":[12.0,12.125,12.125,12.3125],"tintindex":0,"rotation":0,"texture":"#0"},"north":{"uv":[8.625,12.125,8.75,12.3125],"tintindex":0,"rotation":0,"texture":"#0"},"west":{"uv":[13.375,13.0,13.75,13.1875],"tintindex":0,"rotation":0,"texture":"#0"},"up":{"uv":[0.625,11.75,0.5,11.375],"tintindex":0,"rotation":0,"texture":"#0"},"down":{"uv":[11.125,11.375,11.0,11.75],"tintindex":0,"rotation":0,"texture":"#0"}},"rotation":{"origin":[-2.4000006,14.8,7.0],"angle":-22.5,"axis":"z"}},{"from":[6.392893,5.0350285,6.5],"to":[8.192893,6.2350283,9.4],"faces":{"east":{"uv":[13.5,7.5,13.875,7.65625],"tintindex":0,"rotation":0,"texture":"#0"},"south":{"uv":[1.5,13.625,1.71875,13.78125],"tintindex":0,"rotation":0,"texture":"#0"},"north":{"uv":[13.625,1.375,13.84375,1.53125],"tintindex":0,"rotation":0,"texture":"#0"},"west":{"uv":[13.5,7.75,13.875,7.90625],"tintindex":0,"rotation":0,"texture":"#0"},"up":{"uv":[9.96875,11.75,9.75,11.375],"tintindex":0,"rotation":0,"texture":"#0"},"down":{"uv":[9.96875,11.75,9.75,12.125],"tintindex":0,"rotation":0,"texture":"#0"}}},{"from":[7.7999997,5.8,6.6],"to":[9.0,7.5999994,9.3],"faces":{"east":{"uv":[6.75,13.375,7.09375,13.59375],"tintindex":0,"rotation":0,"texture":"#0"},"south":{"uv":[13.625,1.125,13.78125,1.34375],"tintindex":0,"rotation":0,"texture":"#0"},"north":{"uv":[13.375,13.5,13.53125,13.71875],"tintindex":0,"rotation":0,"texture":"#0"},"west":{"uv":[7.125,13.375,7.46875,13.59375],"tintindex":0,"rotation":0,"texture":"#0"},"up":{"uv":[8.53125,13.84375,8.375,13.5],"tintindex":0,"rotation":0,"texture":"#0"},"down":{"uv":[8.78125,13.5,8.625,13.84375],"tintindex":0,"rotation":0,"texture":"#0"}}}],"display":{"gui":{"rotation":[30,225,0]}}}