{"textures":{"0":"modelengine:entity/skeletonlich"},"elements":[{"from":[5.45,-2.0,6.0],"to":[9.75,9.0,10.2],"faces":{"east":{"uv":[1.875,9.125,2.40625,10.5],"tintindex":0,"rotation":0,"texture":"#0"},"south":{"uv":[8.75,9.125,9.28125,10.5],"tintindex":0,"rotation":0,"texture":"#0"},"north":{"uv":[9.0,4.125,9.53125,5.5],"tintindex":0,"rotation":0,"texture":"#0"},"west":{"uv":[5.75,9.375,6.28125,10.75],"tintindex":0,"rotation":0,"texture":"#0"},"up":{"uv":[13.03125,12.90625,12.5,12.375],"tintindex":0,"rotation":0,"texture":"#0"},"down":{"uv":[13.15625,1.125,12.625,1.65625],"tintindex":0,"rotation":0,"texture":"#0"}}},{"from":[7.322996,-6.0355673,5.0],"to":[10.322996,0.5644331,12.2],"faces":{"east":{"uv":[0.875,8.875,1.78125,9.6875],"tintindex":0,"rotation":0,"texture":"#0"},"south":{"uv":[0.0,12.5,0.375,13.3125],"tintindex":0,"rotation":0,"texture":"#0"},"north":{"uv":[4.0,12.375,4.375,13.1875],"tintindex":0,"rotation":0,"texture":"#0"},"west":{"uv":[8.875,6.375,9.78125,7.1875],"tintindex":0,"rotation":0,"texture":"#0"},"up":{"uv":[2.0,13.15625,1.625,12.25],"tintindex":0,"rotation":0,"texture":"#0"},"down":{"uv":[12.625,1.625,12.25,2.53125],"tintindex":0,"rotation":0,"texture":"#0"}},"rotation":{"origin":[10.622996,6.564432,9.0],"angle":-45.0,"axis":"z"}},{"from":[3.2999997,-0.8000002,4.0],"to":[8.6,7.200001,13.2],"faces":{"east":{"uv":[5.875,5.5,7.03125,6.5],"tintindex":0,"rotation":0,"texture":"#0"},"south":{"uv":[3.25,9.625,3.90625,10.625],"tintindex":0,"rotation":0,"texture":"#0"},"north":{"uv":[9.625,2.75,10.28125,3.75],"tintindex":0,"rotation":0,"texture":"#0"},"west":{"uv":[1.125,6.125,2.28125,7.125],"tintindex":0,"rotation":0,"texture":"#0"},"up":{"uv":[8.65625,9.40625,8.0,8.25],"tintindex":0,"rotation":0,"texture":"#0"},"down":{"uv":[3.40625,8.375,2.75,9.53125],"tintindex":0,"rotation":0,"texture":"#0"}},"rotation":{"origin":[10.6,5.200001,9.0],"angle":-22.5,"axis":"z"}}],"display":{"gui":{"rotation":[30,225,0]}}}