{"textures":{"0":"modelengine:entity/skeletonlich"},"elements":[{"from":[6.494634,7.4000006,6.85446],"to":[7.6946344,8.1,8.85446],"faces":{"east":{"uv":[13.625,5.75,13.875,5.84375],"tintindex":0,"rotation":0,"texture":"#0"},"south":{"uv":[13.625,10.0,13.78125,10.09375],"tintindex":0,"rotation":0,"texture":"#0"},"north":{"uv":[13.625,9.875,13.78125,9.96875],"tintindex":0,"rotation":0,"texture":"#0"},"west":{"uv":[13.625,5.875,13.875,5.96875],"tintindex":0,"rotation":0,"texture":"#0"},"up":{"uv":[10.53125,13.75,10.375,13.5],"tintindex":0,"rotation":0,"texture":"#0"},"down":{"uv":[10.78125,13.5,10.625,13.75],"tintindex":0,"rotation":0,"texture":"#0"}},"rotation":{"origin":[7.1391582,9.700001,6.6974335],"angle":-45.0,"axis":"y"}},{"from":[7.350774,7.200001,7.1896343],"to":[8.45943,8.300001,8.584236],"faces":{"east":{"uv":[13.0,4.5,13.1875,4.625],"tintindex":0,"rotation":0,"texture":"#0"},"south":{"uv":[10.25,7.75,10.375,7.875],"tintindex":0,"rotation":0,"texture":"#0"},"north":{"uv":[10.125,5.375,10.25,5.5],"tintindex":0,"rotation":0,"texture":"#0"},"west":{"uv":[13.125,8.5,13.3125,8.625],"tintindex":0,"rotation":0,"texture":"#0"},"up":{"uv":[8.75,12.0625,8.625,11.875],"tintindex":0,"rotation":0,"texture":"#0"},"down":{"uv":[5.0,12.0,4.875,12.1875],"tintindex":0,"rotation":0,"texture":"#0"}},"rotation":{"origin":[7.039158,9.700001,6.597433],"angle":22.5,"axis":"y"}},{"from":[6.339158,7.3,6.3974333],"to":[7.539158,8.200001,8.197433],"faces":{"east":{"uv":[2.5,9.5,2.71875,9.625],"tintindex":0,"rotation":0,"texture":"#0"},"south":{"uv":[6.625,13.625,6.78125,13.75],"tintindex":0,"rotation":0,"texture":"#0"},"north":{"uv":[6.375,13.625,6.53125,13.75],"tintindex":0,"rotation":0,"texture":"#0"},"west":{"uv":[10.625,5.25,10.84375,5.375],"tintindex":0,"rotation":0,"texture":"#0"},"up":{"uv":[13.65625,12.84375,13.5,12.625],"tintindex":0,"rotation":0,"texture":"#0"},"down":{"uv":[12.90625,13.5,12.75,13.71875],"tintindex":0,"rotation":0,"texture":"#0"}},"rotation":{"origin":[7.039158,9.700001,6.597433],"angle":45.0,"axis":"y"}},{"from":[6.217384,7.200001,5.881222],"to":[7.611986,8.300001,6.989877],"faces":{"east":{"uv":[2.375,10.5,2.5,10.625],"tintindex":0,"rotation":0,"texture":"#0"},"south":{"uv":[13.5,12.875,13.6875,13.0],"tintindex":0,"rotation":0,"texture":"#0"},"north":{"uv":[11.75,13.125,11.9375,13.25],"tintindex":0,"rotation":0,"texture":"#0"},"west":{"uv":[10.875,5.25,11.0,5.375],"tintindex":0,"rotation":0,"texture":"#0"},"up":{"uv":[13.8125,3.0,13.625,2.875],"tintindex":0,"rotation":0,"texture":"#0"},"down":{"uv":[13.8125,5.125,13.625,5.25],"tintindex":0,"rotation":0,"texture":"#0"}},"rotation":{"origin":[7.1391582,9.700001,6.6974335],"angle":22.5,"axis":"y"}}],"display":{"gui":{"rotation":[30,225,0]}}}