{"textures":{"0":"modelengine:entity/skeletonlich"},"elements":[{"from":[8.0,6.166667,7.3333335],"to":[9.7,8.8,8.8],"faces":{"east":{"uv":[10.375,7.75,10.9375,8.75],"tintindex":0,"rotation":0,"texture":"#0"},"south":{"uv":[9.75,7.875,10.375,8.875],"tintindex":0,"rotation":0,"texture":"#0"},"north":{"uv":[1.25,9.75,1.875,10.75],"tintindex":0,"rotation":0,"texture":"#0"},"west":{"uv":[9.375,10.375,9.9375,11.375],"tintindex":0,"rotation":0,"texture":"#0"},"up":{"uv":[12.75,11.0625,12.125,10.5],"tintindex":0,"rotation":0,"texture":"#0"},"down":{"uv":[12.75,11.125,12.125,11.6875],"tintindex":0,"rotation":0,"texture":"#0"}}},{"from":[12.400001,5.833334,7.0],"to":[13.766666,8.466667,9.133333],"faces":{"east":{"uv":[4.125,7.75,4.9375,8.75],"tintindex":0,"rotation":0,"texture":"#0"},"south":{"uv":[7.75,10.75,8.25,11.75],"tintindex":0,"rotation":0,"texture":"#0"},"north":{"uv":[7.25,10.75,7.75,11.75],"tintindex":0,"rotation":0,"texture":"#0"},"west":{"uv":[0.0,8.0,0.8125,9.0],"tintindex":0,"rotation":0,"texture":"#0"},"up":{"uv":[12.125,11.1875,11.625,10.375],"tintindex":0,"rotation":0,"texture":"#0"},"down":{"uv":[12.125,11.25,11.625,12.0625],"tintindex":0,"rotation":0,"texture":"#0"}},"rotation":{"origin":[9.366667,-1.6333332,10.4],"angle":22.5,"axis":"z"}},{"from":[8.266666,5.5145016,7.6666665],"to":[9.266666,8.247834,8.5],"faces":{"east":{"uv":[6.5,12.25,6.8125,13.28125],"tintindex":0,"rotation":0,"texture":"#0"},"south":{"uv":[0.5,12.0,0.875,13.03125],"tintindex":0,"rotation":0,"texture":"#0"},"north":{"uv":[8.25,11.875,8.625,12.90625],"tintindex":0,"rotation":0,"texture":"#0"},"west":{"uv":[6.875,12.25,7.1875,13.28125],"tintindex":0,"rotation":0,"texture":"#0"},"up":{"uv":[13.625,11.3125,13.25,11.0],"tintindex":0,"rotation":0,"texture":"#0"},"down":{"uv":[12.125,13.25,11.75,13.5625],"tintindex":0,"rotation":0,"texture":"#0"}}},{"from":[24.435009,-2.0027752,7.6],"to":[25.335009,-1.1027756,8.633333],"faces":{"east":{"uv":[13.125,7.0,13.5,7.34375],"tintindex":0,"rotation":0,"texture":"#0"},"south":{"uv":[3.5,13.25,3.84375,13.59375],"tintindex":0,"rotation":0,"texture":"#0"},"north":{"uv":[13.25,2.625,13.59375,2.96875],"tintindex":0,"rotation":0,"texture":"#0"},"west":{"uv":[13.125,7.375,13.5,7.71875],"tintindex":0,"rotation":0,"texture":"#0"},"up":{"uv":[13.46875,8.125,13.125,7.75],"tintindex":0,"rotation":0,"texture":"#0"},"down":{"uv":[13.46875,8.125,13.125,8.5],"tintindex":0,"rotation":0,"texture":"#0"}},"rotation":{"origin":[8.381574,-17.514502,8.133333],"angle":45.0,"axis":"z"}},{"from":[8.233334,5.0145016,7.5],"to":[9.333333,7.914501,8.566667],"faces":{"east":{"uv":[11.125,10.0,11.53125,11.09375],"tintindex":0,"rotation":0,"texture":"#0"},"south":{"uv":[11.125,11.125,11.53125,12.21875],"tintindex":0,"rotation":0,"texture":"#0"},"north":{"uv":[10.0,11.125,10.40625,12.21875],"tintindex":0,"rotation":0,"texture":"#0"},"west":{"uv":[0.0,11.375,0.40625,12.46875],"tintindex":0,"rotation":0,"texture":"#0"},"up":{"uv":[13.28125,9.03125,12.875,8.625],"tintindex":0,"rotation":0,"texture":"#0"},"down":{"uv":[4.78125,13.0,4.375,13.40625],"tintindex":0,"rotation":0,"texture":"#0"}}},{"from":[9.766666,6.0666666,6.833333],"to":[12.733334,7.466667,9.166667],"faces":{"east":{"uv":[11.0,2.0,11.875,2.53125],"tintindex":0,"rotation":0,"texture":"#0"},"south":{"uv":[10.0,9.5,11.125,10.03125],"tintindex":0,"rotation":0,"texture":"#0"},"north":{"uv":[10.0,8.875,11.125,9.40625],"tintindex":0,"rotation":0,"texture":"#0"},"west":{"uv":[11.0,2.625,11.875,3.15625],"tintindex":0,"rotation":0,"texture":"#0"},"up":{"uv":[6.875,7.375,5.75,6.5],"tintindex":0,"rotation":0,"texture":"#0"},"down":{"uv":[5.5,6.875,4.375,7.75],"tintindex":0,"rotation":0,"texture":"#0"}},"rotation":{"origin":[5.3999996,2.266667,8.233334],"angle":22.5,"axis":"z"}},{"from":[7.366667,7.466667,6.866667],"to":[10.466667,8.733334,9.1],"faces":{"east":{"uv":[7.0,11.75,7.84375,12.21875],"tintindex":0,"rotation":0,"texture":"#0"},"south":{"uv":[10.625,4.75,11.78125,5.21875],"tintindex":0,"rotation":0,"texture":"#0"},"north":{"uv":[1.875,10.625,3.03125,11.09375],"tintindex":0,"rotation":0,"texture":"#0"},"west":{"uv":[11.875,0.0,12.71875,0.46875],"tintindex":0,"rotation":0,"texture":"#0"},"up":{"uv":[8.03125,7.34375,6.875,6.5],"tintindex":0,"rotation":0,"texture":"#0"},"down":{"uv":[1.15625,7.125,0.0,7.96875],"tintindex":0,"rotation":0,"texture":"#0"}}}],"display":{"gui":{"rotation":[30,225,0]}}}