{"textures":{"0":"modelengine:entity/tlaloc"},"elements":[{"from":[5.2299333,8.113255,6.9251823],"to":[5.329933,21.113255,19.925182],"faces":{"east":{"uv":[1.625,0.0,3.25,1.625],"tintindex":0,"rotation":0,"texture":"#0"},"south":{"uv":[13.5,0.0,14.5,1.875],"tintindex":0,"rotation":0,"texture":"#0"},"north":{"uv":[12.75,0.0,13.75,1.875],"tintindex":0,"rotation":0,"texture":"#0"},"west":{"uv":[3.25,0.0,1.625,1.625],"tintindex":0,"rotation":0,"texture":"#0"},"up":{"uv":[13.375,1.875,14.0,0.0],"tintindex":0,"rotation":0,"texture":"#0"},"down":{"uv":[12.875,0.125,13.75,2.0],"tintindex":0,"rotation":0,"texture":"#0"}},"rotation":{"origin":[5.2799335,13.613255,7.4251823],"angle":-22.5,"axis":"y"}},{"from":[2.46181,14.255783,4.6601825],"to":[5.46181,16.255783,12.160182],"faces":{"east":{"uv":[10.75,0.0,9.75,0.25],"tintindex":0,"rotation":0,"texture":"#0"},"south":{"uv":[10.5,2.375,10.875,2.625],"tintindex":0,"rotation":0,"texture":"#0"},"north":{"uv":[10.875,2.375,10.5,2.625],"tintindex":0,"rotation":0,"texture":"#0"},"west":{"uv":[10.75,0.0,9.75,0.25],"tintindex":0,"rotation":0,"texture":"#0"},"up":{"uv":[9.125,10.0,9.5,9.0],"tintindex":0,"rotation":0,"texture":"#0"},"down":{"uv":[9.125,9.0,9.5,10.0],"tintindex":0,"rotation":0,"texture":"#0"}},"rotation":{"origin":[2.96181,15.855785,6.1601825],"angle":-22.5,"axis":"z"}},{"from":[2.3596,17.329105,4.6751823],"to":[4.3596,19.085106,12.160183],"faces":{"east":{"uv":[10.875,9.375,10.0,9.625],"tintindex":0,"rotation":0,"texture":"#0"},"south":{"uv":[9.25,8.75,9.5,9.0],"tintindex":0,"rotation":0,"texture":"#0"},"north":{"uv":[9.5,8.75,9.25,9.0],"tintindex":0,"rotation":0,"texture":"#0"},"west":{"uv":[10.875,9.375,10.0,9.625],"tintindex":0,"rotation":0,"texture":"#0"},"up":{"uv":[7.0,0.875,7.25,0.0],"tintindex":0,"rotation":0,"texture":"#0"},"down":{"uv":[7.0,0.0,7.25,0.875],"tintindex":0,"rotation":0,"texture":"#0"}},"rotation":{"origin":[3.3596,18.207108,8.417683],"angle":-22.5,"axis":"z"}},{"from":[10.092493,17.184444,4.7601824],"to":[13.092493,19.184444,12.120182],"faces":{"east":{"uv":[9.75,0.0,10.75,0.25],"tintindex":0,"rotation":0,"texture":"#0"},"south":{"uv":[3.25,10.5,2.875,10.75],"tintindex":0,"rotation":0,"texture":"#0"},"north":{"uv":[2.875,10.5,3.25,10.75],"tintindex":0,"rotation":0,"texture":"#0"},"west":{"uv":[10.75,0.0,9.75,0.25],"tintindex":0,"rotation":0,"texture":"#0"},"up":{"uv":[9.5,10.0,9.125,9.0],"tintindex":0,"rotation":0,"texture":"#0"},"down":{"uv":[9.5,9.0,9.125,10.0],"tintindex":0,"rotation":0,"texture":"#0"}},"rotation":{"origin":[6.592493,18.184444,6.0324793],"angle":-45.0,"axis":"z"}},{"from":[4.7247334,13.513256,4.5751824],"to":[7.7247334,15.513256,12.260181],"faces":{"east":{"uv":[9.75,0.0,10.625,0.25],"tintindex":0,"rotation":0,"texture":"#0"},"south":{"uv":[2.125,10.5,1.75,10.75],"tintindex":0,"rotation":0,"texture":"#0"},"north":{"uv":[1.75,10.5,2.125,10.75],"tintindex":0,"rotation":0,"texture":"#0"},"west":{"uv":[9.75,0.0,10.625,0.25],"tintindex":0,"rotation":0,"texture":"#0"},"up":{"uv":[9.5,9.875,9.125,9.0],"tintindex":0,"rotation":0,"texture":"#0"},"down":{"uv":[9.5,9.0,9.125,9.875],"tintindex":0,"rotation":0,"texture":"#0"}}},{"from":[7.0974836,8.113255,6.9251823],"to":[7.1974835,21.113255,19.925182],"faces":{"east":{"uv":[1.625,0.0,3.25,1.625],"tintindex":0,"rotation":0,"texture":"#0"},"south":{"uv":[14.5,0.0,13.5,1.875],"tintindex":0,"rotation":0,"texture":"#0"},"north":{"uv":[13.75,0.0,12.75,1.875],"tintindex":0,"rotation":0,"texture":"#0"},"west":{"uv":[3.25,0.0,1.625,1.625],"tintindex":0,"rotation":0,"texture":"#0"},"up":{"uv":[14.0,1.875,13.375,0.0],"tintindex":0,"rotation":0,"texture":"#0"},"down":{"uv":[13.75,0.125,12.875,2.0],"tintindex":0,"rotation":0,"texture":"#0"}},"rotation":{"origin":[7.1474833,13.613255,7.4251823],"angle":22.5,"axis":"y"}},{"from":[3.8247333,17.013256,4.5751824],"to":[8.729933,18.769257,12.260181],"faces":{"east":{"uv":[10.0,9.375,10.875,9.625],"tintindex":0,"rotation":0,"texture":"#0"},"south":{"uv":[9.375,10.25,8.75,10.5],"tintindex":0,"rotation":0,"texture":"#0"},"north":{"uv":[8.75,10.25,9.375,10.5],"tintindex":0,"rotation":0,"texture":"#0"},"west":{"uv":[10.0,9.375,10.875,9.625],"tintindex":0,"rotation":0,"texture":"#0"},"up":{"uv":[8.75,4.0,8.125,3.125],"tintindex":0,"rotation":0,"texture":"#0"},"down":{"uv":[8.75,3.125,8.125,4.0],"tintindex":0,"rotation":0,"texture":"#0"}}},{"from":[3.9811025,10.483257,4.076597],"to":[8.584303,15.0212555,8.679797],"faces":{"east":{"uv":[9.375,5.125,8.75,5.75],"tintindex":0,"rotation":0,"texture":"#0"},"south":{"uv":[9.375,5.125,8.75,5.75],"tintindex":0,"rotation":0,"texture":"#0"},"north":{"uv":[8.75,5.125,9.375,5.75],"tintindex":0,"rotation":0,"texture":"#0"},"west":{"uv":[9.375,5.125,8.75,5.75],"tintindex":0,"rotation":0,"texture":"#0"},"up":{"uv":[4.125,6.75,3.5,6.125],"tintindex":0,"rotation":0,"texture":"#0"},"down":{"uv":[3.0,6.25,2.375,6.875],"tintindex":0,"rotation":0,"texture":"#0"}},"rotation":{"origin":[6.2827024,12.751255,6.378197],"angle":-45.0,"axis":"y"}},{"from":[3.3247333,7.463257,6.6751823],"to":[9.229933,10.463257,11.910182],"faces":{"east":{"uv":[3.875,9.75,4.5,10.125],"tintindex":0,"rotation":0,"texture":"#0"},"south":{"uv":[9.625,3.75,10.375,4.125],"tintindex":0,"rotation":0,"texture":"#0"},"north":{"uv":[9.625,3.75,10.375,4.125],"tintindex":0,"rotation":0,"texture":"#0"},"west":{"uv":[4.5,9.75,3.875,10.125],"tintindex":0,"rotation":0,"texture":"#0"},"up":{"uv":[8.625,9.0,7.875,8.375],"tintindex":0,"rotation":0,"texture":"#0"},"down":{"uv":[8.625,8.375,7.875,9.0],"tintindex":0,"rotation":0,"texture":"#0"}}},{"from":[6.9656067,14.255783,4.6601825],"to":[9.965607,16.255783,12.160182],"faces":{"east":{"uv":[9.75,0.0,10.75,0.25],"tintindex":0,"rotation":0,"texture":"#0"},"south":{"uv":[10.875,2.375,10.5,2.625],"tintindex":0,"rotation":0,"texture":"#0"},"north":{"uv":[10.5,2.375,10.875,2.625],"tintindex":0,"rotation":0,"texture":"#0"},"west":{"uv":[9.75,0.0,10.75,0.25],"tintindex":0,"rotation":0,"texture":"#0"},"up":{"uv":[9.5,10.0,9.125,9.0],"tintindex":0,"rotation":0,"texture":"#0"},"down":{"uv":[9.5,9.0,9.125,10.0],"tintindex":0,"rotation":0,"texture":"#0"}},"rotation":{"origin":[9.465607,15.855785,6.1601825],"angle":22.5,"axis":"z"}},{"from":[3.8247333,15.513256,5.6751823],"to":[8.824734,17.013256,11.160183],"faces":{"east":{"uv":[2.875,10.25,3.5,10.5],"tintindex":0,"rotation":0,"texture":"#0"},"south":{"uv":[2.375,10.25,1.75,10.5],"tintindex":0,"rotation":0,"texture":"#0"},"north":{"uv":[1.75,10.25,2.375,10.5],"tintindex":0,"rotation":0,"texture":"#0"},"west":{"uv":[3.5,10.25,2.875,10.5],"tintindex":0,"rotation":0,"texture":"#0"},"up":{"uv":[8.75,3.75,8.125,3.125],"tintindex":0,"rotation":0,"texture":"#0"},"down":{"uv":[8.75,3.125,8.125,3.75],"tintindex":0,"rotation":0,"texture":"#0"}}},{"from":[4.2299333,4.713257,7.9251823],"to":[4.329933,17.713257,20.925182],"faces":{"east":{"uv":[0.0,0.0,1.625,1.625],"tintindex":0,"rotation":0,"texture":"#0"},"south":{"uv":[13.5,0.0,14.5,1.875],"tintindex":0,"rotation":0,"texture":"#0"},"north":{"uv":[12.75,0.0,13.75,1.875],"tintindex":0,"rotation":0,"texture":"#0"},"west":{"uv":[1.625,0.0,0.0,1.625],"tintindex":0,"rotation":0,"texture":"#0"},"up":{"uv":[13.375,1.875,14.0,0.0],"tintindex":0,"rotation":0,"texture":"#0"},"down":{"uv":[12.875,0.125,13.75,2.0],"tintindex":0,"rotation":0,"texture":"#0"}},"rotation":{"origin":[4.2799335,16.213257,5.4251823],"angle":-22.5,"axis":"y"}},{"from":[7.3247333,12.263256,2.6751823],"to":[9.324734,14.263256,6.710182],"faces":{"east":{"uv":[6.125,3.5,6.625,3.75],"tintindex":0,"rotation":0,"texture":"#0"},"south":{"uv":[1.625,10.75,1.875,11.0],"tintindex":0,"rotation":0,"texture":"#0"},"north":{"uv":[1.625,10.75,1.875,11.0],"tintindex":0,"rotation":0,"texture":"#0"},"west":{"uv":[10.375,10.375,10.875,10.625],"tintindex":0,"rotation":0,"texture":"#0"},"up":{"uv":[2.375,7.5,2.125,7.0],"tintindex":0,"rotation":0,"texture":"#0"},"down":{"uv":[10.75,1.625,10.5,2.125],"tintindex":0,"rotation":0,"texture":"#0"}},