{"textures":{"0":"modelengine:entity/tlaloc"},"elements":[{"from":[5.5922737,-0.008945465,4.7643433],"to":[9.825873,8.991055,8.997944],"faces":{"east":{"uv":[3.375,8.0,3.875,9.125],"tintindex":0,"rotation":0,"texture":"#0"},"south":{"uv":[2.875,8.0,3.375,9.125],"tintindex":0,"rotation":0,"texture":"#0"},"north":{"uv":[3.375,8.0,2.875,9.125],"tintindex":0,"rotation":0,"texture":"#0"},"west":{"uv":[3.875,8.0,3.375,9.125],"tintindex":0,"rotation":0,"texture":"#0"},"up":{"uv":[8.0,9.5,8.5,9.0],"tintindex":0,"rotation":0,"texture":"#0"},"down":{"uv":[8.0,9.0,8.5,9.5],"tintindex":0,"rotation":0,"texture":"#0"}}},{"from":[5.1758738,0.99105453,4.3643436],"to":[10.175874,3.9910545,9.364344],"faces":{"east":{"uv":[10.5,2.375,9.875,2.75],"tintindex":0,"rotation":0,"texture":"#0"},"south":{"uv":[2.125,9.875,2.75,10.25],"tintindex":0,"rotation":0,"texture":"#0"},"north":{"uv":[2.75,9.875,2.125,10.25],"tintindex":0,"rotation":0,"texture":"#0"},"west":{"uv":[10.5,2.375,9.875,2.75],"tintindex":0,"rotation":0,"texture":"#0"},"up":{"uv":[6.25,5.625,6.875,5.0],"tintindex":0,"rotation":0,"texture":"#0"},"down":{"uv":[6.25,5.0,6.875,5.625],"tintindex":0,"rotation":0,"texture":"#0"}}},{"from":[6.141678,-2.9910688,5.4497833],"to":[9.141678,0.008930206,8.449783],"faces":{"east":{"uv":[10.375,4.25,10.75,4.625],"tintindex":0,"rotation":0,"texture":"#0"},"south":{"uv":[10.375,3.875,10.75,4.25],"tintindex":0,"rotation":0,"texture":"#0"},"north":{"uv":[10.75,3.875,10.375,4.25],"tintindex":0,"rotation":0,"texture":"#0"},"west":{"uv":[10.75,4.25,10.375,4.625],"tintindex":0,"rotation":0,"texture":"#0"},"up":{"uv":[10.375,5.75,10.75,5.375],"tintindex":0,"rotation":0,"texture":"#0"},"down":{"uv":[10.375,5.375,10.75,5.75],"tintindex":0,"rotation":0,"texture":"#0"}}},{"from":[6.1758738,3.9410553,4.6143436],"to":[9.175874,5.9410553,9.1479435],"faces":{"east":{"uv":[6.875,5.375,6.25,5.625],"tintindex":0,"rotation":0,"texture":"#0"},"south":{"uv":[4.5,10.5,4.875,10.75],"tintindex":0,"rotation":0,"texture":"#0"},"north":{"uv":[4.875,10.5,4.5,10.75],"tintindex":0,"rotation":0,"texture":"#0"},"west":{"uv":[6.875,5.375,6.25,5.625],"tintindex":0,"rotation":0,"texture":"#0"},"up":{"uv":[5.75,5.625,6.125,5.0],"tintindex":0,"rotation":0,"texture":"#0"},"down":{"uv":[5.75,5.0,6.125,5.625],"tintindex":0,"rotation":0,"texture":"#0"}}}],"display":{"gui":{"rotation":[30,225,0]}}}