{"textures":{"0":"modelengine:entity/ult_strings"},"elements":[{"from":[0.5607033,-5.5802326,2.3670774],"to":[0.5607033,8.956343,11.089023],"faces":{"east":{"uv":[1.75,0.0,3.25,2.5],"tintindex":0,"rotation":0,"texture":"#0"},"west":{"uv":[3.25,0.0,1.75,2.5],"tintindex":0,"rotation":0,"texture":"#0"}},"rotation":{"origin":[11.089024,1.688055,-3.8002691],"angle":45.0,"axis":"y"}}],"display":{"gui":{"rotation":[30,225,0]}}}